risk_score_id,assessment_date,grid_id,kecamatan,kelurahan,threat_type,time_window,risk_score,risk_class,historical_factor,recent_trend_factor,temporal_factor,spatial_factor,context_factor,model_version,window_start,window_end,weights_version
RS-00001,2025-10-01,JKS-001,Kebayoran Baru,Senayan,CURANMOR,00:00-06:00,27,Low,15,28,36,35,30,dummy-v1,2025-10-01T00:00+07:00,2025-10-01T06:00+07:00,dummy-v1
RS-00002,2025-10-01,JKS-001,Kebayoran Baru,Senayan,CURAT,06:00-12:00,47,Moderate,48,39,51,62,33,dummy-v1,2025-10-01T06:00+07:00,2025-10-01T12:00+07:00,dummy-v1
RS-00003,2025-10-01,JKS-001,Kebayoran Baru,Senayan,CURAS,12:00-18:00,40,Low,41,29,47,42,47,dummy-v1,2025-10-01T12:00+07:00,2025-10-01T18:00+07:00,dummy-v1
RS-00004,2025-10-01,JKS-001,Kebayoran Baru,Senayan,CURANMOR,18:00-23:59,35,Low,15,50,45,36,35,dummy-v1,2025-10-01T18:00+07:00,2025-10-02T00:00+07:00,dummy-v1
RS-00005,2025-10-08,JKS-001,Kebayoran Baru,Senayan,CURAT,00:00-06:00,58,Moderate,50,62,59,59,70,dummy-v1,2025-10-08T00:00+07:00,2025-10-08T06:00+07:00,dummy-v1
RS-00006,2025-10-08,JKS-001,Kebayoran Baru,Senayan,CURAS,06:00-12:00,72,High,87,60,72,58,78,dummy-v1,2025-10-08T06:00+07:00,2025-10-08T12:00+07:00,dummy-v1
RS-00007,2025-10-08,JKS-001,Kebayoran Baru,Senayan,CURANMOR,12:00-18:00,33,Low,32,41,38,22,22,dummy-v1,2025-10-08T12:00+07:00,2025-10-08T18:00+07:00,dummy-v1
RS-00008,2025-10-08,JKS-001,Kebayoran Baru,Senayan,CURAS,18:00-23:59,42,Low,50,31,51,35,39,dummy-v1,2025-10-08T18:00+07:00,2025-10-09T00:00+07:00,dummy-v1
RS-00009,2025-10-15,JKS-001,Kebayoran Baru,Senayan,CURAS,00:00-06:00,72,High,80,60,69,73,84,dummy-v1,2025-10-15T00:00+07:00,2025-10-15T06:00+07:00,dummy-v1
RS-00010,2025-10-15,JKS-001,Kebayoran Baru,Senayan,CURAS,06:00-12:00,70,High,71,71,61,68,85,dummy-v1,2025-10-15T06:00+07:00,2025-10-15T12:00+07:00,dummy-v1
RS-00011,2025-10-15,JKS-001,Kebayoran Baru,Senayan,CURAS,12:00-18:00,46,Moderate,45,50,52,34,44,dummy-v1,2025-10-15T12:00+07:00,2025-10-15T18:00+07:00,dummy-v1
RS-00012,2025-10-15,JKS-001,Kebayoran Baru,Senayan,CURANMOR,18:00-23:59,58,Moderate,60,60,61,44,63,dummy-v1,2025-10-15T18:00+07:00,2025-10-16T00:00+07:00,dummy-v1
RS-00013,2025-10-22,JKS-001,Kebayoran Baru,Senayan,CURAT,00:00-06:00,29,Low,24,26,37,37,23,dummy-v1,2025-10-22T00:00+07:00,2025-10-22T06:00+07:00,dummy-v1
RS-00014,2025-10-22,JKS-001,Kebayoran Baru,Senayan,CURAT,06:00-12:00,33,Low,33,33,47,25,18,dummy-v1,2025-10-22T06:00+07:00,2025-10-22T12:00+07:00,dummy-v1
RS-00015,2025-10-22,JKS-001,Kebayoran Baru,Senayan,CURAS,12:00-18:00,62,Moderate,68,53,68,51,72,dummy-v1,2025-10-22T12:00+07:00,2025-10-22T18:00+07:00,dummy-v1
RS-00016,2025-10-22,JKS-001,Kebayoran Baru,Senayan,CURAS,18:00-23:59,48,Moderate,51,46,49,44,47,dummy-v1,2025-10-22T18:00+07:00,2025-10-23T00:00+07:00,dummy-v1
RS-00017,2025-10-29,JKS-001,Kebayoran Baru,Senayan,CURAS,00:00-06:00,63,Moderate,65,76,48,48,77,dummy-v1,2025-10-29T00:00+07:00,2025-10-29T06:00+07:00,dummy-v1
RS-00018,2025-10-29,JKS-001,Kebayoran Baru,Senayan,CURAS,06:00-12:00,32,Low,37,19,46,21,39,dummy-v1,2025-10-29T06:00+07:00,2025-10-29T12:00+07:00,dummy-v1
RS-00019,2025-10-29,JKS-001,Kebayoran Baru,Senayan,CURAS,12:00-18:00,57,Moderate,55,62,53,48,71,dummy-v1,2025-10-29T12:00+07:00,2025-10-29T18:00+07:00,dummy-v1
RS-00020,2025-10-29,JKS-001,Kebayoran Baru,Senayan,CURANMOR,18:00-23:59,34,Low,35,33,39,37,19,dummy-v1,2025-10-29T18:00+07:00,2025-10-30T00:00+07:00,dummy-v1
RS-00021,2025-11-05,JKS-001,Kebayoran Baru,Senayan,CURANMOR,00:00-06:00,70,High,70,69,67,77,68,dummy-v1,2025-11-05T00:00+07:00,2025-11-05T06:00+07:00,dummy-v1
RS-00022,2025-11-05,JKS-001,Kebayoran Baru,Senayan,CURAT,06:00-12:00,40,Low,42,35,35,50,43,dummy-v1,2025-11-05T06:00+07:00,2025-11-05T12:00+07:00,dummy-v1
RS-00023,2025-11-05,JKS-001,Kebayoran Baru,Senayan,CURANMOR,12:00-18:00,69,Moderate,54,79,84,69,60,dummy-v1,2025-11-05T12:00+07:00,2025-11-05T18:00+07:00,dummy-v1
RS-00024,2025-11-05,JKS-001,Kebayoran Baru,Senayan,CURAT,18:00-23:59,35,Low,38,26,33,36,50,dummy-v1,2025-11-05T18:00+07:00,2025-11-06T00:00+07:00,dummy-v1
RS-00025,2025-11-12,JKS-001,Kebayoran Baru,Senayan,CURAT,00:00-06:00,51,Moderate,48,61,48,48,45,dummy-v1,2025-11-12T00:00+07:00,2025-11-12T06:00+07:00,dummy-v1
RS-00026,2025-11-12,JKS-001,Kebayoran Baru,Senayan,CURANMOR,06:00-12:00,48,Moderate,58,47,35,51,42,dummy-v1,2025-11-12T06:00+07:00,2025-11-12T12:00+07:00,dummy-v1
RS-00027,2025-11-12,JKS-001,Kebayoran Baru,Senayan,CURANMOR,12:00-18:00,73,High,61,77,75,82,81,dummy-v1,2025-11-12T12:00+07:00,2025-11-12T18:00+07:00,dummy-v1
RS-00028,2025-11-12,JKS-001,Kebayoran Baru,Senayan,CURANMOR,18:00-23:59,59,Moderate,54,68,53,60,61,dummy-v1,2025-11-12T18:00+07:00,2025-11-13T00:00+07:00,dummy-v1
RS-00029,2025-11-19,JKS-001,Kebayoran Baru,Senayan,CURAT,00:00-06:00,68,Moderate,77,58,69,68,64,dummy-v1,2025-11-19T00:00+07:00,2025-11-19T06:00+07:00,dummy-v1
RS-00030,2025-11-19,JKS-001,Kebayoran Baru,Senayan,CURAT,06:00-12:00,64,Moderate,63,52,79,74,53,dummy-v1,2025-11-19T06:00+07:00,2025-11-19T12:00+07:00,dummy-v1
RS-00031,2025-11-19,JKS-001,Kebayoran Baru,Senayan,CURAS,12:00-18:00,55,Moderate,64,49,56,41,61,dummy-v1,2025-11-19T12:00+07:00,2025-11-19T18:00+07:00,dummy-v1
RS-00032,2025-11-19,JKS-001,Kebayoran Baru,Senayan,CURAT,18:00-23:59,58,Moderate,50,70,61,53,54,dummy-v1,2025-11-19T18:00+07:00,2025-11-20T00:00+07:00,dummy-v1
RS-00033,2025-11-26,JKS-001,Kebayoran Baru,Senayan,CURANMOR,00:00-06:00,68,Moderate,73,59,69,69,72,dummy-v1,2025-11-26T00:00+07:00,2025-11-26T06:00+07:00,dummy-v1
RS-00034,2025-11-26,JKS-001,Kebayoran Baru,Senayan,CURAS,06:00-12:00,67,Moderate,50,77,75,65,81,dummy-v1,2025-11-26T06:00+07:00,2025-11-26T12:00+07:00,dummy-v1
RS-00035,2025-11-26,JKS-001,Kebayoran Baru,Senayan,CURANMOR,12:00-18:00,44,Low,22,52,50,59,56,dummy-v1,2025-11-26T12:00+07:00,2025-11-26T18:00+07:00,dummy-v1
RS-00036,2025-11-26,JKS-001,Kebayoran Baru,Senayan,CURAT,18:00-23:59,65,Moderate,65,68,60,58,78,dummy-v1,2025-11-26T18:00+07:00,2025-11-27T00:00+07:00,dummy-v1
RS-00037,2025-12-03,JKS-001,Kebayoran Baru,Senayan,CURAT,00:00-06:00,45,Moderate,51,51,30,52,32,dummy-v1,2025-12-03T00:00+07:00,2025-12-03T06:00+07:00,dummy-v1
RS-00038,2025-12-03,JKS-001,Kebayoran Baru,Senayan,CURAT,06:00-12:00,58,Moderate,56,55,72,52,53,dummy-v1,2025-12-03T06:00+07:00,2025-12-03T12:00+07:00,dummy-v1
RS-00039,2025-12-03,JKS-001,Kebayoran Baru,Senayan,CURAT,12:00-18:00,37,Low,43,34,40,32,29,dummy-v1,2025-12-03T12:00+07:00,2025-12-03T18:00+07:00,dummy-v1
RS-00040,2025-12-03,JKS-001,Kebayoran Baru,Senayan,CURAT,18:00-23:59,75,High,64,76,84,90,66,dummy-v1,2025-12-03T18:00+07:00,2025-12-04T00:00+07:00,dummy-v1
RS-00041,2025-12-10,JKS-001,Kebayoran Baru,Senayan,CURANMOR,00:00-06:00,58,Moderate,62,61,61,50,43,dummy-v1,2025-12-10T00:00+07:00,2025-12-10T06:00+07:00,dummy-v1
RS-00042,2025-12-10,JKS-001,Kebayoran Baru,Senayan,CURAT,06:00-12:00,47,Moderate,41,37,61,58,47,dummy-v1,2025-12-10T06:00+07:00,2025-12-10T12:00+07:00,dummy-v1
RS-00043,2025-12-10,JKS-001,Kebayoran Baru,Senayan,CURAS,12:00-18:00,73,High,63,85,69,74,80,dummy-v1,2025-12-10T12:00+07:00,2025-12-10T18:00+07:00,dummy-v1
RS-00044,2025-12-10,JKS-001,Kebayoran Baru,Senayan,CURAS,18:00-23:59,90,Critical,76,93,96,100,96,dummy-v1,2025-12-10T18:00+07:00,2025-12-11T00:00+07:00,dummy-v1
RS-00045,2025-12-17,JKS-001,Kebayoran Baru,Senayan,CURANMOR,00:00-06:00,65,Moderate,71,58,58,68,74,dummy-v1,2025-12-17T00:00+07:00,2025-12-17T06:00+07:00,dummy-v1
RS-00046,2025-12-17,JKS-001,Kebayoran Baru,Senayan,CURAS,06:00-12:00,48,Moderate,47,47,48,56,42,dummy-v1,2025-12-17T06:00+07:00,2025-12-17T12:00+07:00,dummy-v1
RS-00047,2025-12-17,JKS-001,Kebayoran Baru,Senayan,CURANMOR,12:00-18:00,74,High,83,68,65,81,71,dummy-v1,2025-12-17T12:00+07:00,2025-12-17T18:00+07:00,dummy-v1
RS-00048,2025-12-17,JKS-001,Kebayoran Baru,Senayan,CURANMOR,18:00-23:59,92,Critical,95,89,91,88,100,dummy-v1,2025-12-17T18:00+07:00,2025-12-18T00:00+07:00,dummy-v1
RS-00049,2025-12-24,JKS-001,Kebayoran Baru,Senayan,CURAS,00:00-06:00,74,High,76,63,85,77,68,dummy-v1,2025-12-24T00:00+07:00,2025-12-24T06:00+07:00,dummy-v1
RS-00050,2025-12-24,JKS-001,Kebayoran Baru,Senayan,CURANMOR,06:00-12:00,52,Moderate,66,46,51,44,38,dummy-v1,2025-12-24T06:00+07:00,2025-12-24T12:00+07:00,dummy-v1
RS-00051,2025-12-24,JKS-001,Kebayoran Baru,Senayan,CURANMOR,12:00-18:00,54,Moderate,59,46,64,50,46,dummy-v1,2025-12-24T12:00+07:00,2025-12-24T18:00+07:00,dummy-v1
RS-00052,2025-12-24,JKS-001,Kebayoran Baru,Senayan,CURANMOR,18:00-23:59,69,Moderate,67,73,80,56,62,dummy-v1,2025-12-24T18:00+07:00,2025-12-25T00:00+07:00,dummy-v1
RS-00053,2025-12-31,JKS-001,Kebayoran Baru,Senayan,CURANMOR,00:00-06:00,43,Low,50,44,45,28,38,dummy-v1,2025-12-31T00:00+07:00,2025-12-31T06:00+07:00,dummy-v1
RS-00054,2025-12-31,JKS-001,Kebayoran Baru,Senayan,CURANMOR,06:00-12:00,46,Moderate,43,35,61,61,31,dummy-v1,2025-12-31T06:00+07:00,2025-12-31T12:00+07:00,dummy-v1
RS-00055,2025-12-31,JKS-001,Kebayoran Baru,Senayan,CURANMOR,12:00-18:00,63,Moderate,60,53,72,70,68,dummy-v1,2025-12-31T12:00+07:00,2025-12-31T18:00+07:00,dummy-v1
RS-00056,2025-12-31,JKS-001,Kebayoran Baru,Senayan,CURAS,18:00-23:59,54,Moderate,44,55,56,67,58,dummy-v1,2025-12-31T18:00+07:00,2026-01-01T00:00+07:00,dummy-v1
RS-00057,2025-10-01,JKS-002,Kebayoran Baru,Gunung,CURAT,00:00-06:00,53,Moderate,52,64,50,40,54,dummy-v1,2025-10-01T00:00+07:00,2025-10-01T06:00+07:00,dummy-v1
RS-00058,2025-10-01,JKS-002,Kebayoran Baru,Gunung,CURAS,06:00-12:00,63,Moderate,72,57,61,63,56,dummy-v1,2025-10-01T06:00+07:00,2025-10-01T12:00+07:00,dummy-v1
RS-00059,2025-10-01,JKS-002,Kebayoran Baru,Gunung,CURANMOR,12:00-18:00,53,Moderate,64,48,41,48,64,dummy-v1,2025-10-01T12:00+07:00,2025-10-01T18:00+07:00,dummy-v1
RS-00060,2025-10-01,JKS-002,Kebayoran Baru,Gunung,CURAS,18:00-23:59,71,High,58,86,70,72,74,dummy-v1,2025-10-01T18:00+07:00,2025-10-02T00:00+07:00,dummy-v1
RS-00061,2025-10-08,JKS-002,Kebayoran Baru,Gunung,CURAT,00:00-06:00,30,Low,10,39,36,39,41,dummy-v1,2025-10-08T00:00+07:00,2025-10-08T06:00+07:00,dummy-v1
RS-00062,2025-10-08,JKS-002,Kebayoran Baru,Gunung,CURANMOR,06:00-12:00,36,Low,38,46,21,28,46,dummy-v1,2025-10-08T06:00+07:00,2025-10-08T12:00+07:00,dummy-v1
RS-00063,2025-10-08,JKS-002,Kebayoran Baru,Gunung,CURANMOR,12:00-18:00,71,High,67,66,82,78,64,dummy-v1,2025-10-08T12:00+07:00,2025-10-08T18:00+07:00,dummy-v1
RS-00064,2025-10-08,JKS-002,Kebayoran Baru,Gunung,CURANMOR,18:00-23:59,49,Moderate,47,56,36,55,53,dummy-v1,2025-10-08T18:00+07:00,2025-10-09T00:00+07:00,dummy-v1
RS-00065,2025-10-15,JKS-002,Kebayoran Baru,Gunung,CURAT,00:00-06:00,25,Low,13,30,40,31,10,dummy-v1,2025-10-15T00:00+07:00,2025-10-15T06:00+07:00,dummy-v1
RS-00066,2025-10-15,JKS-002,Kebayoran Baru,Gunung,CURANMOR,06:00-12:00,54,Moderate,51,58,52,46,68,dummy-v1,2025-10-15T06:00+07:00,2025-10-15T12:00+07:00,dummy-v1
RS-00067,2025-10-15,JKS-002,Kebayoran Baru,Gunung,CURANMOR,12:00-18:00,40,Low,40,46,32,43,38,dummy-v1,2025-10-15T12:00+07:00,2025-10-15T18:00+07:00,dummy-v1
RS-00068,2025-10-15,JKS-002,Kebayoran Baru,Gunung,CURANMOR,18:00-23:59,36,Low,37,33,39,32,41,dummy-v1,2025-10-15T18:00+07:00,2025-10-16T00:00+07:00,dummy-v1
RS-00069,2025-10-22,JKS-002,Kebayoran Baru,Gunung,CURANMOR,00:00-06:00,56,Moderate,51,61,63,44,63,dummy-v1,2025-10-22T00:00+07:00,2025-10-22T06:00+07:00,dummy-v1
RS-00070,2025-10-22,JKS-002,Kebayoran Baru,Gunung,CURANMOR,06:00-12:00,37,Low,36,34,40,45,28,dummy-v1,2025-10-22T06:00+07:00,2025-10-22T12:00+07:00,dummy-v1
RS-00071,2025-10-22,JKS-002,Kebayoran Baru,Gunung,CURAS,12:00-18:00,47,Moderate,36,57,48,49,50,dummy-v1,2025-10-22T12:00+07:00,2025-10-22T18:00+07:00,dummy-v1
RS-00072,2025-10-22,JKS-002,Kebayoran Baru,Gunung,CURAT,18:00-23:59,46,Moderate,36,54,48,49,48,dummy-v1,2025-10-22T18:00+07:00,2025-10-23T00:00+07:00,dummy-v1
RS-00073,2025-10-29,JKS-002,Kebayoran Baru,Gunung,CURANMOR,00:00-06:00,69,Moderate,62,72,74,82,54,dummy-v1,2025-10-29T00:00+07:00,2025-10-29T06:00+07:00,dummy-v1
RS-00074,2025-10-29,JKS-002,Kebayoran Baru,Gunung,CURAS,06:00-12:00,61,Moderate,75,56,48,63,55,dummy-v1,2025-10-29T06:00+07:00,2025-10-29T12:00+07:00,dummy-v1
RS-00075,2025-10-29,JKS-002,Kebayoran Baru,Gunung,CURANMOR,12:00-18:00,65,Moderate,77,58,51,65,73,dummy-v1,2025-10-29T12:00+07:00,2025-10-29T18:00+07:00,dummy-v1
RS-00076,2025-10-29,JKS-002,Kebayoran Baru,Gunung,CURANMOR,18:00-23:59,86,Critical,82,75,90,97,100,dummy-v1,2025-10-29T18:00+07:00,2025-10-30T00:00+07:00,dummy-v1
RS-00077,2025-11-05,JKS-002,Kebayoran Baru,Gunung,CURANMOR,00:00-06:00,31,Low,48,16,29,18,42,dummy-v1,2025-11-05T00:00+07:00,2025-11-05T06:00+07:00,dummy-v1
RS-00078,2025-11-05,JKS-002,Kebayoran Baru,Gunung,CURAT,06:00-12:00,49,Moderate,51,52,41,57,39,dummy-v1,2025-11-05T06:00+07:00,2025-11-05T12:00+07:00,dummy-v1
RS-00079,2025-11-05,JKS-002,Kebayoran Baru,Gunung,CURANMOR,12:00-18:00,30,Low,28,26,36,36,25,dummy-v1,2025-11-05T12:00+07:00,2025-11-05T18:00+07:00,dummy-v1
RS-00080,2025-11-05,JKS-002,Kebayoran Baru,Gunung,CURAT,18:00-23:59,53,Moderate,59,52,45,52,56,dummy-v1,2025-11-05T18:00+07:00,2025-11-06T00:00+07:00,dummy-v1
RS-00081,2025-11-12,JKS-002,Kebayoran Baru,Gunung,CURANMOR,00:00-06:00,39,Low,38,42,41,29,44,dummy-v1,2025-11-12T00:00+07:00,2025-11-12T06:00+07:00,dummy-v1
RS-00082,2025-11-12,JKS-002,Kebayoran Baru,Gunung,CURAT,06:00-12:00,72,High,61,81,65,79,87,dummy-v1,2025-11-12T06:00+07:00,2025-11-12T12:00+07:00,dummy-v1
RS-00083,2025-11-12,JKS-002,Kebayoran Baru,Gunung,CURAS,12:00-18:00,57,Moderate,66,46,58,55,60,dummy-v1,2025-11-12T12:00+07:00,2025-11-12T18:00+07:00,dummy-v1
RS-00084,2025-11-12,JKS-002,Kebayoran Baru,Gunung,CURAS,18:00-23:59,88,Critical,79,96,95,88,82,dummy-v1,2025-11-12T18:00+07:00,2025-11-13T00:00+07:00,dummy-v1
RS-00085,2025-11-19,JKS-002,Kebayoran Baru,Gunung,CURAT,00:00-06:00,42,Low,34,47,38,45,57,dummy-v1,2025-11-19T00:00+07:00,2025-11-19T06:00+07:00,dummy-v1
RS-00086,2025-11-19,JKS-002,Kebayoran Baru,Gunung,CURANMOR,06:00-12:00,63,Moderate,77,48,56,60,76,dummy-v1,2025-11-19T06:00+07:00,2025-11-19T12:00+07:00,dummy-v1
RS-00087,2025-11-19,JKS-002,Kebayoran Baru,Gunung,CURANMOR,12:00-18:00,33,Low,11,42,48,48,24,dummy-v1,2025-11-19T12:00+07:00,2025-11-19T18:00+07:00,dummy-v1
RS-00088,2025-11-19,JKS-002,Kebayoran Baru,Gunung,CURAS,18:00-23:59,81,High,74,88,87,69,91,dummy-v1,2025-11-19T18:00+07:00,2025-11-20T00:00+07:00,dummy-v1
RS-00089,2025-11-26,JKS-002,Kebayoran Baru,Gunung,CURAS,00:00-06:00,54,Moderate,52,57,60,53,43,dummy-v1,2025-11-26T00:00+07:00,2025-11-26T06:00+07:00,dummy-v1
RS-00090,2025-11-26,JKS-002,Kebayoran Baru,Gunung,CURANMOR,06:00-12:00,46,Moderate,50,41,35,60,49,dummy-v1,2025-11-26T06:00+07:00,2025-11-26T12:00+07:00,dummy-v1
RS-00091,2025-11-26,JKS-002,Kebayoran Baru,Gunung,CURANMOR,12:00-18:00,53,Moderate,62,55,41,46,56,dummy-v1,2025-11-26T12:00+07:00,2025-11-26T18:00+07:00,dummy-v1
RS-00092,2025-11-26,JKS-002,Kebayoran Baru,Gunung,CURAS,18:00-23:59,65,Moderate,83,52,53,66,67,dummy-v1,2025-11-26T18:00+07:00,2025-11-27T00:00+07:00,dummy-v1
RS-00093,2025-12-03,JKS-002,Kebayoran Baru,Gunung,CURAS,00:00-06:00,60,Moderate,69,53,56,62,56,dummy-v1,2025-12-03T00:00+07:00,2025-12-03T06:00+07:00,dummy-v1
RS-00094,2025-12-03,JKS-002,Kebayoran Baru,Gunung,CURANMOR,06:00-12:00,28,Low,29,14,37,33,36,dummy-v1,2025-12-03T06:00+07:00,2025-12-03T12:00+07:00,dummy-v1
RS-00095,2025-12-03,JKS-002,Kebayoran Baru,Gunung,CURAT,12:00-18:00,31,Low,16,35,41,39,35,dummy-v1,2025-12-03T12:00+07:00,2025-12-03T18:00+07:00,dummy-v1
RS-00096,2025-12-03,JKS-002,Kebayoran Baru,Gunung,CURANMOR,18:00-23:59,45,Moderate,57,35,41,51,32,dummy-v1,2025-12-03T18:00+07:00,2025-12-04T00:00+07:00,dummy-v1
RS-00097,2025-12-10,JKS-002,Kebayoran Baru,Gunung,CURANMOR,00:00-06:00,38,Low,21,53,48,43,23,dummy-v1,2025-12-10T00:00+07:00,2025-12-10T06:00+07:00,dummy-v1
RS-00098,2025-12-10,JKS-002,Kebayoran Baru,Gunung,CURAS,06:00-12:00,72,High,77,68,72,65,78,dummy-v1,2025-12-10T06:00+07:00,2025-12-10T12:00+07:00,dummy-v1
RS-00099,2025-12-10,JKS-002,Kebayoran Baru,Gunung,CURAT,12:00-18:00,34,Low,34,33,39,35,24,dummy-v1,2025-12-10T12:00+07:00,2025-12-10T18:00+07:00,dummy-v1
RS-00100,2025-12-10,JKS-002,Kebayoran Baru,Gunung,CURAS,18:00-23:59,48,Moderate,35,43,56,62,61,dummy-v1,2025-12-10T18:00+07:00,2025-12-11T00:00+07:00,dummy-v1
RS-00101,2025-12-17,JKS-002,Kebayoran Baru,Gunung,CURANMOR,00:00-06:00,34,Low,34,28,49,26,30,dummy-v1,2025-12-17T00:00+07:00,2025-12-17T06:00+07:00,dummy-v1
RS-00102,2025-12-17,JKS-002,Kebayoran Baru,Gunung,CURAT,06:00-12:00,63,Moderate,42,74,64,76,76,dummy-v1,2025-12-17T06:00+07:00,2025-12-17T12:00+07:00,dummy-v1
RS-00103,2025-12-17,JKS-002,Kebayoran Baru,Gunung,CURAT,12:00-18:00,27,Low,38,17,40,14,13,dummy-v1,2025-12-17T12:00+07:00,2025-12-17T18:00+07:00,dummy-v1
RS-00104,2025-12-17,JKS-002,Kebayoran Baru,Gunung,CURAT,18:00-23:59,91,Critical,86,91,95,99,87,dummy-v1,2025-12-17T18:00+07:00,2025-12-18T00:00+07:00,dummy-v1
RS-00105,2025-12-24,JKS-002,Kebayoran Baru,Gunung,CURAS,00:00-06:00,37,Low,52,22,33,33,42,dummy-v1,2025-12-24T00:00+07:00,2025-12-24T06:00+07:00,dummy-v1
RS-00106,2025-12-24,JKS-002,Kebayoran Baru,Gunung,CURAT,06:00-12:00,46,Moderate,35,43,61,55,42,dummy-v1,2025-12-24T06:00+07:00,2025-12-24T12:00+07:00,dummy-v1
RS-00107,2025-12-24,JKS-002,Kebayoran Baru,Gunung,CURANMOR,12:00-18:00,32,Low,29,41,32,17,42,dummy-v1,2025-12-24T12:00+07:00,2025-12-24T18:00+07:00,dummy-v1
RS-00108,2025-12-24,JKS-002,Kebayoran Baru,Gunung,CURANMOR,18:00-23:59,47,Moderate,62,46,41,37,33,dummy-v1,2025-12-24T18:00+07:00,2025-12-25T00:00+07:00,dummy-v1
RS-00109,2025-12-31,JKS-002,Kebayoran Baru,Gunung,CURAS,00:00-06:00,51,Moderate,58,50,45,43,57,dummy-v1,2025-12-31T00:00+07:00,2025-12-31T06:00+07:00,dummy-v1
RS-00110,2025-12-31,JKS-002,Kebayoran Baru,Gunung,CURANMOR,06:00-12:00,54,Moderate,40,56,67,61,54,dummy-v1,2025-12-31T06:00+07:00,2025-12-31T12:00+07:00,dummy-v1
RS-00111,2025-12-31,JKS-002,Kebayoran Baru,Gunung,CURANMOR,12:00-18:00,58,Moderate,55,66,55,45,72,dummy-v1,2025-12-31T12:00+07:00,2025-12-31T18:00+07:00,dummy-v1
RS-00112,2025-12-31,JKS-002,Kebayoran Baru,Gunung,CURANMOR,18:00-23:59,37,Low,29,43,45,41,24,dummy-v1,2025-12-31T18:00+07:00,2026-01-01T00:00+07:00,dummy-v1
RS-00113,2025-10-01,JKS-003,Kebayoran Baru,Kramat Pela,CURAT,00:00-06:00,38,Low,53,35,33,24,31,dummy-v1,2025-10-01T00:00+07:00,2025-10-01T06:00+07:00,dummy-v1
RS-00114,2025-10-01,JKS-003,Kebayoran Baru,Kramat Pela,CURAT,06:00-12:00,67,Moderate,43,80,77,76,73,dummy-v1,2025-10-01T06:00+07:00,2025-10-01T12:00+07:00,dummy-v1
RS-00115,2025-10-01,JKS-003,Kebayoran Baru,Kramat Pela,CURAS,12:00-18:00,51,Moderate,46,60,37,57,62,dummy-v1,2025-10-01T12:00+07:00,2025-10-01T18:00+07:00,dummy-v1
RS-00116,2025-10-01,JKS-003,Kebayoran Baru,Kramat Pela,CURAT,18:00-23:59,74,High,82,60,83,78,60,dummy-v1,2025-10-01T18:00+07:00,2025-10-02T00:00+07:00,dummy-v1
RS-00117,2025-10-08,JKS-003,Kebayoran Baru,Kramat Pela,CURAT,00:00-06:00,36,Low,35,51,28,21,40,dummy-v1,2025-10-08T00:00+07:00,2025-10-08T06:00+07:00,dummy-v1
RS-00118,2025-10-08,JKS-003,Kebayoran Baru,Kramat Pela,CURAS,06:00-12:00,34,Low,35,40,30,31,30,dummy-v1,2025-10-08T06:00+07:00,2025-10-08T12:00+07:00,dummy-v1
RS-00119,2025-10-08,JKS-003,Kebayoran Baru,Kramat Pela,CURANMOR,12:00-18:00,30,Low,23,34,25,41,35,dummy-v1,2025-10-08T12:00+07:00,2025-10-08T18:00+07:00,dummy-v1
RS-00120,2025-10-08,JKS-003,Kebayoran Baru,Kramat Pela,CURAS,18:00-23:59,70,High,64,69,65,82,83,dummy-v1,2025-10-08T18:00+07:00,2025-10-09T00:00+07:00,dummy-v1
RS-00121,2025-10-15,JKS-003,Kebayoran Baru,Kramat Pela,CURAT,00:00-06:00,54,Moderate,47,65,46,62,51,dummy-v1,2025-10-15T00:00+07:00,2025-10-15T06:00+07:00,dummy-v1
RS-00122,2025-10-15,JKS-003,Kebayoran Baru,Kramat Pela,CURAT,06:00-12:00,26,Low,9,34,31,33,36,dummy-v1,2025-10-15T06:00+07:00,2025-10-15T12:00+07:00,dummy-v1
RS-00123,2025-10-15,JKS-003,Kebayoran Baru,Kramat Pela,CURAS,12:00-18:00,59,Moderate,46,69,63,73,44,dummy-v1,2025-10-15T12:00+07:00,2025-10-15T18:00+07:00,dummy-v1
RS-00124,2025-10-15,JKS-003,Kebayoran Baru,Kramat Pela,CURAS,18:00-23:59,77,High,79,73,87,75,64,dummy-v1,2025-10-15T18:00+07:00,2025-10-16T00:00+07:00,dummy-v1
RS-00125,2025-10-22,JKS-003,Kebayoran Baru,Kramat Pela,CURAS,00:00-06:00,48,Moderate,38,49,52,54,59,dummy-v1,2025-10-22T00:00+07:00,2025-10-22T06:00+07:00,dummy-v1
RS-00126,2025-10-22,JKS-003,Kebayoran Baru,Kramat Pela,CURAS,06:00-12:00,72,High,80,85,59,59,60,dummy-v1,2025-10-22T06:00+07:00,2025-10-22T12:00+07:00,dummy-v1
RS-00127,2025-10-22,JKS-003,Kebayoran Baru,Kramat Pela,CURAT,12:00-18:00,68,Moderate,72,76,67,56,56,dummy-v1,2025-10-22T12:00+07:00,2025-10-22T18:00+07:00,dummy-v1
RS-00128,2025-10-22,JKS-003,Kebayoran Baru,Kramat Pela,CURAS,18:00-23:59,53,Moderate,65,45,59,39,46,dummy-v1,2025-10-22T18:00+07:00,2025-10-23T00:00+07:00,dummy-v1
RS-00129,2025-10-29,JKS-003,Kebayoran Baru,Kramat Pela,CURAT,00:00-06:00,41,Low,40,40,36,56,33,dummy-v1,2025-10-29T00:00+07:00,2025-10-29T06:00+07:00,dummy-v1
RS-00130,2025-10-29,JKS-003,Kebayoran Baru,Kramat Pela,CURAS,06:00-12:00,67,Moderate,69,71,52,66,81,dummy-v1,2025-10-29T06:00+07:00,2025-10-29T12:00+07:00,dummy-v1
RS-00131,2025-10-29,JKS-003,Kebayoran Baru,Kramat Pela,CURAT,12:00-18:00,74,High,71,85,66,63,89,dummy-v1,2025-10-29T12:00+07:00,2025-10-29T18:00+07:00,dummy-v1
RS-00132,2025-10-29,JKS-003,Kebayoran Baru,Kramat Pela,CURANMOR,18:00-23:59,41,Low,32,54,41,27,56,dummy-v1,2025-10-29T18:00+07:00,2025-10-30T00:00+07:00,dummy-v1
RS-00133,2025-11-05,JKS-003,Kebayoran Baru,Kramat Pela,CURANMOR,00:00-06:00,29,Low,22,43,19,40,18,dummy-v1,2025-11-05T00:00+07:00,2025-11-05T06:00+07:00,dummy-v1
RS-00134,2025-11-05,JKS-003,Kebayoran Baru,Kramat Pela,CURAS,06:00-12:00,51,Moderate,37,63,55,51,55,dummy-v1,2025-11-05T06:00+07:00,2025-11-05T12:00+07:00,dummy-v1
RS-00135,2025-11-05,JKS-003,Kebayoran Baru,Kramat Pela,CURANMOR,12:00-18:00,54,Moderate,58,61,39,45,67,dummy-v1,2025-11-05T12:00+07:00,2025-11-05T18:00+07:00,dummy-v1
RS-00136,2025-11-05,JKS-003,Kebayoran Baru,Kramat Pela,CURAT,18:00-23:59,77,High,74,73,70,92,88,dummy-v1,2025-11-05T18:00+07:00,2025-11-06T00:00+07:00,dummy-v1
RS-00137,2025-11-12,JKS-003,Kebayoran Baru,Kramat Pela,CURANMOR,00:00-06:00,73,High,69,80,72,63,86,dummy-v1,2025-11-12T00:00+07:00,2025-11-12T06:00+07:00,dummy-v1
RS-00138,2025-11-12,JKS-003,Kebayoran Baru,Kramat Pela,CURAS,06:00-12:00,49,Moderate,32,51,62,58,55,dummy-v1,2025-11-12T06:00+07:00,2025-11-12T12:00+07:00,dummy-v1
RS-00139,2025-11-12,JKS-003,Kebayoran Baru,Kramat Pela,CURAS,12:00-18:00,34,Low,30,24,42,42,44,dummy-v1,2025-11-12T12:00+07:00,2025-11-12T18:00+07:00,dummy-v1
RS-00140,2025-11-12,JKS-003,Kebayoran Baru,Kramat Pela,CURAT,18:00-23:59,45,Moderate,46,40,52,40,48,dummy-v1,2025-11-12T18:00+07:00,2025-11-13T00:00+07:00,dummy-v1
RS-00141,2025-11-19,JKS-003,Kebayoran Baru,Kramat Pela,CURANMOR,00:00-06:00,48,Moderate,47,49,39,54,58,dummy-v1,2025-11-19T00:00+07:00,2025-11-19T06:00+07:00,dummy-v1
RS-00142,2025-11-19,JKS-003,Kebayoran Baru,Kramat Pela,CURANMOR,06:00-12:00,30,Low,44,23,27,19,27,dummy-v1,2025-11-19T06:00+07:00,2025-11-19T12:00+07:00,dummy-v1
RS-00143,2025-11-19,JKS-003,Kebayoran Baru,Kramat Pela,CURAS,12:00-18:00,51,Moderate,29,66,65,55,44,dummy-v1,2025-11-19T12:00+07:00,2025-11-19T18:00+07:00,dummy-v1
RS-00144,2025-11-19,JKS-003,Kebayoran Baru,Kramat Pela,CURANMOR,18:00-23:59,47,Moderate,50,48,33,53,55,dummy-v1,2025-11-19T18:00+07:00,2025-11-20T00:00+07:00,dummy-v1
RS-00145,2025-11-26,JKS-003,Kebayoran Baru,Kramat Pela,CURAS,00:00-06:00,44,Low,26,57,49,47,52,dummy-v1,2025-11-26T00:00+07:00,2025-11-26T06:00+07:00,dummy-v1
RS-00146,2025-11-26,JKS-003,Kebayoran Baru,Kramat Pela,CURANMOR,06:00-12:00,41,Low,52,41,33,39,27,dummy-v1,2025-11-26T06:00+07:00,2025-11-26T12:00+07:00,dummy-v1
RS-00147,2025-11-26,JKS-003,Kebayoran Baru,Kramat Pela,CURAS,12:00-18:00,65,Moderate,70,56,75,65,54,dummy-v1,2025-11-26T12:00+07:00,2025-11-26T18:00+07:00,dummy-v1
RS-00148,2025-11-26,JKS-003,Kebayoran Baru,Kramat Pela,CURANMOR,18:00-23:59,38,Low,51,25,38,42,25,dummy-v1,2025-11-26T18:00+07:00,2025-11-27T00:00+07:00,dummy-v1
RS-00149,2025-12-03,JKS-003,Kebayoran Baru,Kramat Pela,CURANMOR,00:00-06:00,60,Moderate,61,58,59,55,71,dummy-v1,2025-12-03T00:00+07:00,2025-12-03T06:00+07:00,dummy-v1
RS-00150,2025-12-03,JKS-003,Kebayoran Baru,Kramat Pela,CURAS,06:00-12:00,65,Moderate,58,73,72,54,68,dummy-v1,2025-12-03T06:00+07:00,2025-12-03T12:00+07:00,dummy-v1
RS-00151,2025-12-03,JKS-003,Kebayoran Baru,Kramat Pela,CURANMOR,12:00-18:00,73,High,71,76,76,78,59,dummy-v1,2025-12-03T12:00+07:00,2025-12-03T18:00+07:00,dummy-v1
RS-00152,2025-12-03,JKS-003,Kebayoran Baru,Kramat Pela,CURAT,18:00-23:59,79,High,94,69,74,82,65,dummy-v1,2025-12-03T18:00+07:00,2025-12-04T00:00+07:00,dummy-v1
RS-00153,2025-12-10,JKS-003,Kebayoran Baru,Kramat Pela,CURANMOR,00:00-06:00,65,Moderate,63,71,51,76,67,dummy-v1,2025-12-10T00:00+07:00,2025-12-10T06:00+07:00,dummy-v1
RS-00154,2025-12-10,JKS-003,Kebayoran Baru,Kramat Pela,CURAS,06:00-12:00,56,Moderate,35,65,68,64,60,dummy-v1,2025-12-10T06:00+07:00,2025-12-10T12:00+07:00,dummy-v1
RS-00155,2025-12-10,JKS-003,Kebayoran Baru,Kramat Pela,CURANMOR,12:00-18:00,74,High,89,63,76,62,70,dummy-v1,2025-12-10T12:00+07:00,2025-12-10T18:00+07:00,dummy-v1
RS-00156,2025-12-10,JKS-003,Kebayoran Baru,Kramat Pela,CURAT,18:00-23:59,64,Moderate,55,63,74,63,74,dummy-v1,2025-12-10T18:00+07:00,2025-12-11T00:00+07:00,dummy-v1
RS-00157,2025-12-17,JKS-003,Kebayoran Baru,Kramat Pela,CURAS,00:00-06:00,44,Low,40,52,46,37,44,dummy-v1,2025-12-17T00:00+07:00,2025-12-17T06:00+07:00,dummy-v1
RS-00158,2025-12-17,JKS-003,Kebayoran Baru,Kramat Pela,CURAS,06:00-12:00,71,High,77,61,69,82,66,dummy-v1,2025-12-17T06:00+07:00,2025-12-17T12:00+07:00,dummy-v1
RS-00159,2025-12-17,JKS-003,Kebayoran Baru,Kramat Pela,CURAT,12:00-18:00,54,Moderate,58,59,51,47,45,dummy-v1,2025-12-17T12:00+07:00,2025-12-17T18:00+07:00,dummy-v1
RS-00160,2025-12-17,JKS-003,Kebayoran Baru,Kramat Pela,CURAT,18:00-23:59,66,Moderate,64,56,75,73,69,dummy-v1,2025-12-17T18:00+07:00,2025-12-18T00:00+07:00,dummy-v1
RS-00161,2025-12-24,JKS-003,Kebayoran Baru,Kramat Pela,CURANMOR,00:00-06:00,51,Moderate,46,66,40,47,56,dummy-v1,2025-12-24T00:00+07:00,2025-12-24T06:00+07:00,dummy-v1
RS-00162,2025-12-24,JKS-003,Kebayoran Baru,Kramat Pela,CURAT,06:00-12:00,28,Low,11,26,43,38,39,dummy-v1,2025-12-24T06:00+07:00,2025-12-24T12:00+07:00,dummy-v1
RS-00163,2025-12-24,JKS-003,Kebayoran Baru,Kramat Pela,CURAS,12:00-18:00,50,Moderate,57,46,49,49,41,dummy-v1,2025-12-24T12:00+07:00,2025-12-24T18:00+07:00,dummy-v1
RS-00164,2025-12-24,JKS-003,Kebayoran Baru,Kramat Pela,CURAS,18:00-23:59,53,Moderate,56,44,63,47,56,dummy-v1,2025-12-24T18:00+07:00,2025-12-25T00:00+07:00,dummy-v1
RS-00165,2025-12-31,JKS-003,Kebayoran Baru,Kramat Pela,CURAT,00:00-06:00,56,Moderate,51,49,70,60,53,dummy-v1,2025-12-31T00:00+07:00,2025-12-31T06:00+07:00,dummy-v1
RS-00166,2025-12-31,JKS-003,Kebayoran Baru,Kramat Pela,CURAS,06:00-12:00,71,High,73,74,70,71,61,dummy-v1,2025-12-31T06:00+07:00,2025-12-31T12:00+07:00,dummy-v1
RS-00167,2025-12-31,JKS-003,Kebayoran Baru,Kramat Pela,CURAT,12:00-18:00,60,Moderate,55,56,71,52,74,dummy-v1,2025-12-31T12:00+07:00,2025-12-31T18:00+07:00,dummy-v1
RS-00168,2025-12-31,JKS-003,Kebayoran Baru,Kramat Pela,CURANMOR,18:00-23:59,42,Low,41,57,28,30,53,dummy-v1,2025-12-31T18:00+07:00,2026-01-01T00:00+07:00,dummy-v1
RS-00169,2025-10-01,JKS-004,Kebayoran Baru,Cipete Utara,CURAT,00:00-06:00,56,Moderate,41,68,57,62,60,dummy-v1,2025-10-01T00:00+07:00,2025-10-01T06:00+07:00,dummy-v1
RS-00170,2025-10-01,JKS-004,Kebayoran Baru,Cipete Utara,CURAT,06:00-12:00,34,Low,37,30,31,39,34,dummy-v1,2025-10-01T06:00+07:00,2025-10-01T12:00+07:00,dummy-v1
RS-00171,2025-10-01,JKS-004,Kebayoran Baru,Cipete Utara,CURAT,12:00-18:00,66,Moderate,74,60,56,66,77,dummy-v1,2025-10-01T12:00+07:00,2025-10-01T18:00+07:00,dummy-v1
RS-00172,2025-10-01,JKS-004,Kebayoran Baru,Cipete Utara,CURAS,18:00-23:59,81,High,65,95,79,95,76,dummy-v1,2025-10-01T18:00+07:00,2025-10-02T00:00+07:00,dummy-v1
RS-00173,2025-10-08,JKS-004,Kebayoran Baru,Cipete Utara,CURAS,00:00-06:00,52,Moderate,67,47,47,44,40,dummy-v1,2025-10-08T00:00+07:00,2025-10-08T06:00+07:00,dummy-v1
RS-00174,2025-10-08,JKS-004,Kebayoran Baru,Cipete Utara,CURAT,06:00-12:00,69,Moderate,64,84,63,55,80,dummy-v1,2025-10-08T06:00+07:00,2025-10-08T12:00+07:00,dummy-v1
RS-00175,2025-10-08,JKS-004,Kebayoran Baru,Cipete Utara,CURAS,12:00-18:00,74,High,70,72,75,83,76,dummy-v1,2025-10-08T12:00+07:00,2025-10-08T18:00+07:00,dummy-v1
RS-00176,2025-10-08,JKS-004,Kebayoran Baru,Cipete Utara,CURAS,18:00-23:59,57,Moderate,54,61,60,55,52,dummy-v1,2025-10-08T18:00+07:00,2025-10-09T00:00+07:00,dummy-v1
RS-00177,2025-10-15,JKS-004,Kebayoran Baru,Cipete Utara,CURANMOR,00:00-06:00,61,Moderate,66,65,50,56,67,dummy-v1,2025-10-15T00:00+07:00,2025-10-15T06:00+07:00,dummy-v1
RS-00178,2025-10-15,JKS-004,Kebayoran Baru,Cipete Utara,CURAT,06:00-12:00,35,Low,33,38,50,23,22,dummy-v1,2025-10-15T06:00+07:00,2025-10-15T12:00+07:00,dummy-v1
RS-00179,2025-10-15,JKS-004,Kebayoran Baru,Cipete Utara,CURAS,12:00-18:00,45,Moderate,48,31,54,56,37,dummy-v1,2025-10-15T12:00+07:00,2025-10-15T18:00+07:00,dummy-v1
RS-00180,2025-10-15,JKS-004,Kebayoran Baru,Cipete Utara,CURANMOR,18:00-23:59,57,Moderate,56,58,62,46,63,dummy-v1,2025-10-15T18:00+07:00,2025-10-16T00:00+07:00,dummy-v1
RS-00181,2025-10-22,JKS-004,Kebayoran Baru,Cipete Utara,CURANMOR,00:00-06:00,70,High,76,70,68,67,61,dummy-v1,2025-10-22T00:00+07:00,2025-10-22T06:00+07:00,dummy-v1
RS-00182,2025-10-22,JKS-004,Kebayoran Baru,Cipete Utara,CURANMOR,06:00-12:00,40,Low,55,39,33,32,25,dummy-v1,2025-10-22T06:00+07:00,2025-10-22T12:00+07:00,dummy-v1
RS-00183,2025-10-22,JKS-004,Kebayoran Baru,Cipete Utara,CURAS,12:00-18:00,47,Moderate,51,50,44,33,54,dummy-v1,2025-10-22T12:00+07:00,2025-10-22T18:00+07:00,dummy-v1
RS-00184,2025-10-22,JKS-004,Kebayoran Baru,Cipete Utara,CURANMOR,18:00-23:59,65,Moderate,67,63,72,50,73,dummy-v1,2025-10-22T18:00+07:00,2025-10-23T00:00+07:00,dummy-v1
RS-00185,2025-10-29,JKS-004,Kebayoran Baru,Cipete Utara,CURAS,00:00-06:00,41,Low,54,39,32,38,29,dummy-v1,2025-10-29T00:00+07:00,2025-10-29T06:00+07:00,dummy-v1
RS-00186,2025-10-29,JKS-004,Kebayoran Baru,Cipete Utara,CURAS,06:00-12:00,73,High,66,82,70,81,65,dummy-v1,2025-10-29T06:00+07:00,2025-10-29T12:00+07:00,dummy-v1
RS-00187,2025-10-29,JKS-004,Kebayoran Baru,Cipete Utara,CURAS,12:00-18:00,45,Moderate,43,47,54,33,47,dummy-v1,2025-10-29T12:00+07:00,2025-10-29T18:00+07:00,dummy-v1
RS-00188,2025-10-29,JKS-004,Kebayoran Baru,Cipete Utara,CURANMOR,18:00-23:59,62,Moderate,68,61,51,57,76,dummy-v1,2025-10-29T18:00+07:00,2025-10-30T00:00+07:00,dummy-v1
RS-00189,2025-11-05,JKS-004,Kebayoran Baru,Cipete Utara,CURANMOR,00:00-06:00,47,Moderate,54,57,36,37,38,dummy-v1,2025-11-05T00:00+07:00,2025-11-05T06:00+07:00,dummy-v1
RS-00190,2025-11-05,JKS-004,Kebayoran Baru,Cipete Utara,CURAT,06:00-12:00,68,Moderate,59,74,63,80,71,dummy-v1,2025-11-05T06:00+07:00,2025-11-05T12:00+07:00,dummy-v1
RS-00191,2025-11-05,JKS-004,Kebayoran Baru,Cipete Utara,CURAT,12:00-18:00,40,Low,42,29,44,40,54,dummy-v1,2025-11-05T12:00+07:00,2025-11-05T18:00+07:00,dummy-v1
RS-00192,2025-11-05,JKS-004,Kebayoran Baru,Cipete Utara,CURAS,18:00-23:59,46,Moderate,70,31,41,38,34,dummy-v1,2025-11-05T18:00+07:00,2025-11-06T00:00+07:00,dummy-v1
RS-00193,2025-11-12,JKS-004,Kebayoran Baru,Cipete Utara,CURAT,00:00-06:00,57,Moderate,57,58,70,46,45,dummy-v1,2025-11-12T00:00+07:00,2025-11-12T06:00+07:00,dummy-v1
RS-00194,2025-11-12,JKS-004,Kebayoran Baru,Cipete Utara,CURAT,06:00-12:00,30,Low,27,41,19,31,31,dummy-v1,2025-11-12T06:00+07:00,2025-11-12T12:00+07:00,dummy-v1
RS-00195,2025-11-12,JKS-004,Kebayoran Baru,Cipete Utara,CURAS,12:00-18:00,43,Low,46,54,34,34,38,dummy-v1,2025-11-12T12:00+07:00,2025-11-12T18:00+07:00,dummy-v1
RS-00196,2025-11-12,JKS-004,Kebayoran Baru,Cipete Utara,CURAT,18:00-23:59,81,High,95,80,70,70,80,dummy-v1,2025-11-12T18:00+07:00,2025-11-13T00:00+07:00,dummy-v1
RS-00197,2025-11-19,JKS-004,Kebayoran Baru,Cipete Utara,CURANMOR,00:00-06:00,55,Moderate,40,69,64,60,40,dummy-v1,2025-11-19T00:00+07:00,2025-11-19T06:00+07:00,dummy-v1
RS-00198,2025-11-19,JKS-004,Kebayoran Baru,Cipete Utara,CURAS,06:00-12:00,57,Moderate,35,71,56,71,68,dummy-v1,2025-11-19T06:00+07:00,2025-11-19T12:00+07:00,dummy-v1
RS-00199,2025-11-19,JKS-004,Kebayoran Baru,Cipete Utara,CURAT,12:00-18:00,63,Moderate,64,66,54,63,72,dummy-v1,2025-11-19T12:00+07:00,2025-11-19T18:00+07:00,dummy-v1
RS-00200,2025-11-19,JKS-004,Kebayoran Baru,Cipete Utara,CURAT,18:00-23:59,45,Moderate,38,40,55,45,60,dummy-v1,2025-11-19T18:00+07:00,2025-11-20T00:00+07:00,dummy-v1
RS-00201,2025-11-26,JKS-004,Kebayoran Baru,Cipete Utara,CURAS,00:00-06:00,32,Low,42,37,22,24,21,dummy-v1,2025-11-26T00:00+07:00,2025-11-26T06:00+07:00,dummy-v1
RS-00202,2025-11-26,JKS-004,Kebayoran Baru,Cipete Utara,CURANMOR,06:00-12:00,64,Moderate,78,52,57,73,51,dummy-v1,2025-11-26T06:00+07:00,2025-11-26T12:00+07:00,dummy-v1
RS-00203,2025-11-26,JKS-004,Kebayoran Baru,Cipete Utara,CURAS,12:00-18:00,33,Low,27,39,35,27,40,dummy-v1,2025-11-26T12:00+07:00,2025-11-26T18:00+07:00,dummy-v1
RS-00204,2025-11-26,JKS-004,Kebayoran Baru,Cipete Utara,CURANMOR,18:00-23:59,86,Critical,97,77,71,93,94,dummy-v1,2025-11-26T18:00+07:00,2025-11-27T00:00+07:00,dummy-v1
RS-00205,2025-12-03,JKS-004,Kebayoran Baru,Cipete Utara,CURANMOR,00:00-06:00,53,Moderate,44,58,54,59,56,dummy-v1,2025-12-03T00:00+07:00,2025-12-03T06:00+07:00,dummy-v1
RS-00206,2025-12-03,JKS-004,Kebayoran Baru,Cipete Utara,CURANMOR,06:00-12:00,51,Moderate,55,57,38,41,65,dummy-v1,2025-12-03T06:00+07:00,2025-12-03T12:00+07:00,dummy-v1
RS-00207,2025-12-03,JKS-004,Kebayoran Baru,Cipete Utara,CURAS,12:00-18:00,35,Low,45,36,24,30,32,dummy-v1,2025-12-03T12:00+07:00,2025-12-03T18:00+07:00,dummy-v1
RS-00208,2025-12-03,JKS-004,Kebayoran Baru,Cipete Utara,CURANMOR,18:00-23:59,57,Moderate,70,42,61,48,61,dummy-v1,2025-12-03T18:00+07:00,2025-12-04T00:00+07:00,dummy-v1
RS-00209,2025-12-10,JKS-004,Kebayoran Baru,Cipete Utara,CURANMOR,00:00-06:00,64,Moderate,76,59,52,68,60,dummy-v1,2025-12-10T00:00+07:00,2025-12-10T06:00+07:00,dummy-v1
RS-00210,2025-12-10,JKS-004,Kebayoran Baru,Cipete Utara,CURANMOR,06:00-12:00,66,Moderate,50,78,70,75,61,dummy-v1,2025-12-10T06:00+07:00,2025-12-10T12:00+07:00,dummy-v1
RS-00211,2025-12-10,JKS-004,Kebayoran Baru,Cipete Utara,CURAS,12:00-18:00,51,Moderate,62,50,43,38,57,dummy-v1,2025-12-10T12:00+07:00,2025-12-10T18:00+07:00,dummy-v1
RS-00212,2025-12-10,JKS-004,Kebayoran Baru,Cipete Utara,CURAT,18:00-23:59,69,Moderate,55,84,84,59,60,dummy-v1,2025-12-10T18:00+07:00,2025-12-11T00:00+07:00,dummy-v1
RS-00213,2025-12-17,JKS-004,Kebayoran Baru,Cipete Utara,CURAS,00:00-06:00,72,High,70,63,86,75,68,dummy-v1,2025-12-17T00:00+07:00,2025-12-17T06:00+07:00,dummy-v1
RS-00214,2025-12-17,JKS-004,Kebayoran Baru,Cipete Utara,CURANMOR,06:00-12:00,64,Moderate,64,59,61,79,61,dummy-v1,2025-12-17T06:00+07:00,2025-12-17T12:00+07:00,dummy-v1
RS-00215,2025-12-17,JKS-004,Kebayoran Baru,Cipete Utara,CURAS,12:00-18:00,34,Low,53,22,29,28,25,dummy-v1,2025-12-17T12:00+07:00,2025-12-17T18:00+07:00,dummy-v1
RS-00216,2025-12-17,JKS-004,Kebayoran Baru,Cipete Utara,CURAT,18:00-23:59,54,Moderate,52,59,54,43,63,dummy-v1,2025-12-17T18:00+07:00,2025-12-18T00:00+07:00,dummy-v1
RS-00217,2025-12-24,JKS-004,Kebayoran Baru,Cipete Utara,CURAS,00:00-06:00,55,Moderate,52,64,52,47,60,dummy-v1,2025-12-24T00:00+07:00,2025-12-24T06:00+07:00,dummy-v1
RS-00218,2025-12-24,JKS-004,Kebayoran Baru,Cipete Utara,CURANMOR,06:00-12:00,56,Moderate,56,46,69,62,46,dummy-v1,2025-12-24T06:00+07:00,2025-12-24T12:00+07:00,dummy-v1
RS-00219,2025-12-24,JKS-004,Kebayoran Baru,Cipete Utara,CURAS,12:00-18:00,28,Low,33,19,21,39,33,dummy-v1,2025-12-24T12:00+07:00,2025-12-24T18:00+07:00,dummy-v1
RS-00220,2025-12-24,JKS-004,Kebayoran Baru,Cipete Utara,CURANMOR,18:00-23:59,79,High,95,74,68,67,82,dummy-v1,2025-12-24T18:00+07:00,2025-12-25T00:00+07:00,dummy-v1
RS-00221,2025-12-31,JKS-004,Kebayoran Baru,Cipete Utara,CURAT,00:00-06:00,44,Low,37,44,50,49,45,dummy-v1,2025-12-31T00:00+07:00,2025-12-31T06:00+07:00,dummy-v1
RS-00222,2025-12-31,JKS-004,Kebayoran Baru,Cipete Utara,CURAT,06:00-12:00,49,Moderate,50,46,51,44,56,dummy-v1,2025-12-31T06:00+07:00,2025-12-31T12:00+07:00,dummy-v1
RS-00223,2025-12-31,JKS-004,Kebayoran Baru,Cipete Utara,CURAT,12:00-18:00,53,Moderate,58,47,51,57,51,dummy-v1,2025-12-31T12:00+07:00,2025-12-31T18:00+07:00,dummy-v1
RS-00224,2025-12-31,JKS-004,Kebayoran Baru,Cipete Utara,CURAT,18:00-23:59,76,High,77,80,74,62,89,dummy-v1,2025-12-31T18:00+07:00,2026-01-01T00:00+07:00,dummy-v1
RS-00225,2025-10-01,JKS-005,Kebayoran Baru,Pulo,CURANMOR,00:00-06:00,42,Low,46,33,54,40,30,dummy-v1,2025-10-01T00:00+07:00,2025-10-01T06:00+07:00,dummy-v1
RS-00226,2025-10-01,JKS-005,Kebayoran Baru,Pulo,CURAS,06:00-12:00,42,Low,41,39,34,53,51,dummy-v1,2025-10-01T06:00+07:00,2025-10-01T12:00+07:00,dummy-v1
RS-00227,2025-10-01,JKS-005,Kebayoran Baru,Pulo,CURAS,12:00-18:00,37,Low,29,40,45,38,37,dummy-v1,2025-10-01T12:00+07:00,2025-10-01T18:00+07:00,dummy-v1
RS-00228,2025-10-01,JKS-005,Kebayoran Baru,Pulo,CURAT,18:00-23:59,40,Low,41,36,49,26,51,dummy-v1,2025-10-01T18:00+07:00,2025-10-02T00:00+07:00,dummy-v1
RS-00229,2025-10-08,JKS-005,Kebayoran Baru,Pulo,CURAS,00:00-06:00,40,Low,55,43,26,28,34,dummy-v1,2025-10-08T00:00+07:00,2025-10-08T06:00+07:00,dummy-v1
RS-00230,2025-10-08,JKS-005,Kebayoran Baru,Pulo,CURAS,06:00-12:00,71,High,63,79,70,70,79,dummy-v1,2025-10-08T06:00+07:00,2025-10-08T12:00+07:00,dummy-v1
RS-00231,2025-10-08,JKS-005,Kebayoran Baru,Pulo,CURAT,12:00-18:00,54,Moderate,65,41,62,48,46,dummy-v1,2025-10-08T12:00+07:00,2025-10-08T18:00+07:00,dummy-v1
RS-00232,2025-10-08,JKS-005,Kebayoran Baru,Pulo,CURANMOR,18:00-23:59,81,High,94,82,67,81,69,dummy-v1,2025-10-08T18:00+07:00,2025-10-09T00:00+07:00,dummy-v1
RS-00233,2025-10-15,JKS-005,Kebayoran Baru,Pulo,CURAT,00:00-06:00,70,High,68,62,73,79,76,dummy-v1,2025-10-15T00:00+07:00,2025-10-15T06:00+07:00,dummy-v1
RS-00234,2025-10-15,JKS-005,Kebayoran Baru,Pulo,CURAT,06:00-12:00,30,Low,36,27,20,30,39,dummy-v1,2025-10-15T06:00+07:00,2025-10-15T12:00+07:00,dummy-v1
RS-00235,2025-10-15,JKS-005,Kebayoran Baru,Pulo,CURAT,12:00-18:00,40,Low,27,47,52,31,52,dummy-v1,2025-10-15T12:00+07:00,2025-10-15T18:00+07:00,dummy-v1
RS-00236,2025-10-15,JKS-005,Kebayoran Baru,Pulo,CURAT,18:00-23:59,75,High,88,68,68,72,72,dummy-v1,2025-10-15T18:00+07:00,2025-10-16T00:00+07:00,dummy-v1
RS-00237,2025-10-22,JKS-005,Kebayoran Baru,Pulo,CURAT,00:00-06:00,63,Moderate,70,55,49,73,74,dummy-v1,2025-10-22T00:00+07:00,2025-10-22T06:00+07:00,dummy-v1
RS-00238,2025-10-22,JKS-005,Kebayoran Baru,Pulo,CURAS,06:00-12:00,54,Moderate,46,60,51,62,57,dummy-v1,2025-10-22T06:00+07:00,2025-10-22T12:00+07:00,dummy-v1
RS-00239,2025-10-22,JKS-005,Kebayoran Baru,Pulo,CURAT,12:00-18:00,62,Moderate,74,49,66,61,53,dummy-v1,2025-10-22T12:00+07:00,2025-10-22T18:00+07:00,dummy-v1
RS-00240,2025-10-22,JKS-005,Kebayoran Baru,Pulo,CURANMOR,18:00-23:59,72,High,81,69,61,79,65,dummy-v1,2025-10-22T18:00+07:00,2025-10-23T00:00+07:00,dummy-v1
RS-00241,2025-10-29,JKS-005,Kebayoran Baru,Pulo,CURAS,00:00-06:00,46,Moderate,57,49,37,38,34,dummy-v1,2025-10-29T00:00+07:00,2025-10-29T06:00+07:00,dummy-v1
RS-00242,2025-10-29,JKS-005,Kebayoran Baru,Pulo,CURAT,06:00-12:00,54,Moderate,55,53,61,53,42,dummy-v1,2025-10-29T06:00+07:00,2025-10-29T12:00+07:00,dummy-v1
RS-00243,2025-10-29,JKS-005,Kebayoran Baru,Pulo,CURAS,12:00-18:00,61,Moderate,90,47,51,49,48,dummy-v1,2025-10-29T12:00+07:00,2025-10-29T18:00+07:00,dummy-v1
RS-00244,2025-10-29,JKS-005,Kebayoran Baru,Pulo,CURAS,18:00-23:59,61,Moderate,66,51,55,66,74,dummy-v1,2025-10-29T18:00+07:00,2025-10-30T00:00+07:00,dummy-v1
RS-00245,2025-11-05,JKS-005,Kebayoran Baru,Pulo,CURANMOR,00:00-06:00,39,Low,31,46,39,36,51,dummy-v1,2025-11-05T00:00+07:00,2025-11-05T06:00+07:00,dummy-v1
RS-00246,2025-11-05,JKS-005,Kebayoran Baru,Pulo,CURAT,06:00-12:00,52,Moderate,59,40,54,64,38,dummy-v1,2025-11-05T06:00+07:00,2025-11-05T12:00+07:00,dummy-v1
RS-00247,2025-11-05,JKS-005,Kebayoran Baru,Pulo,CURANMOR,12:00-18:00,66,Moderate,86,59,59,56,52,dummy-v1,2025-11-05T12:00+07:00,2025-11-05T18:00+07:00,dummy-v1
RS-00248,2025-11-05,JKS-005,Kebayoran Baru,Pulo,CURAS,18:00-23:59,50,Moderate,61,41,55,43,41,dummy-v1,2025-11-05T18:00+07:00,2025-11-06T00:00+07:00,dummy-v1
RS-00249,2025-11-12,JKS-005,Kebayoran Baru,Pulo,CURAT,00:00-06:00,40,Low,52,36,26,39,45,dummy-v1,2025-11-12T00:00+07:00,2025-11-12T06:00+07:00,dummy-v1
RS-00250,2025-11-12,JKS-005,Kebayoran Baru,Pulo,CURANMOR,06:00-12:00,35,Low,40,38,26,41,23,dummy-v1,2025-11-12T06:00+07:00,2025-11-12T12:00+07:00,dummy-v1
RS-00251,2025-11-12,JKS-005,Kebayoran Baru,Pulo,CURAT,12:00-18:00,26,Low,35,22,11,33,28,dummy-v1,2025-11-12T12:00+07:00,2025-11-12T18:00+07:00,dummy-v1
RS-00252,2025-11-12,JKS-005,Kebayoran Baru,Pulo,CURAT,18:00-23:59,41,Low,34,44,48,34,51,dummy-v1,2025-11-12T18:00+07:00,2025-11-13T00:00+07:00,dummy-v1
RS-00253,2025-11-19,JKS-005,Kebayoran Baru,Pulo,CURAS,00:00-06:00,52,Moderate,62,51,38,51,53,dummy-v1,2025-11-19T00:00+07:00,2025-11-19T06:00+07:00,dummy-v1
RS-00254,2025-11-19,JKS-005,Kebayoran Baru,Pulo,CURANMOR,06:00-12:00,69,Moderate,87,55,65,62,69,dummy-v1,2025-11-19T06:00+07:00,2025-11-19T12:00+07:00,dummy-v1
RS-00255,2025-11-19,JKS-005,Kebayoran Baru,Pulo,CURAT,12:00-18:00,64,Moderate,74,51,62,62,75,dummy-v1,2025-11-19T12:00+07:00,2025-11-19T18:00+07:00,dummy-v1
RS-00256,2025-11-19,JKS-005,Kebayoran Baru,Pulo,CURAS,18:00-23:59,59,Moderate,69,57,59,49,49,dummy-v1,2025-11-19T18:00+07:00,2025-11-20T00:00+07:00,dummy-v1
RS-00257,2025-11-26,JKS-005,Kebayoran Baru,Pulo,CURAT,00:00-06:00,45,Moderate,29,54,52,49,51,dummy-v1,2025-11-26T00:00+07:00,2025-11-26T06:00+07:00,dummy-v1
RS-00258,2025-11-26,JKS-005,Kebayoran Baru,Pulo,CURANMOR,06:00-12:00,28,Low,25,42,24,24,15,dummy-v1,2025-11-26T06:00+07:00,2025-11-26T12:00+07:00,dummy-v1
RS-00259,2025-11-26,JKS-005,Kebayoran Baru,Pulo,CURAS,12:00-18:00,38,Low,31,38,49,30,49,dummy-v1,2025-11-26T12:00+07:00,2025-11-26T18:00+07:00,dummy-v1
RS-00260,2025-11-26,JKS-005,Kebayoran Baru,Pulo,CURANMOR,18:00-23:59,51,Moderate,46,49,56,60,48,dummy-v1,2025-11-26T18:00+07:00,2025-11-27T00:00+07:00,dummy-v1
RS-00261,2025-12-03,JKS-005,Kebayoran Baru,Pulo,CURANMOR,00:00-06:00,65,Moderate,46,76,78,78,50,dummy-v1,2025-12-03T00:00+07:00,2025-12-03T06:00+07:00,dummy-v1
RS-00262,2025-12-03,JKS-005,Kebayoran Baru,Pulo,CURAT,06:00-12:00,66,Moderate,73,54,74,67,57,dummy-v1,2025-12-03T06:00+07:00,2025-12-03T12:00+07:00,dummy-v1
RS-00263,2025-12-03,JKS-005,Kebayoran Baru,Pulo,CURAT,12:00-18:00,44,Low,24,59,51,57,33,dummy-v1,2025-12-03T12:00+07:00,2025-12-03T18:00+07:00,dummy-v1
RS-00264,2025-12-03,JKS-005,Kebayoran Baru,Pulo,CURAS,18:00-23:59,80,High,83,94,72,69,69,dummy-v1,2025-12-03T18:00+07:00,2025-12-04T00:00+07:00,dummy-v1
RS-00265,2025-12-10,JKS-005,Kebayoran Baru,Pulo,CURAT,00:00-06:00,46,Moderate,63,37,36,48,36,dummy-v1,2025-12-10T00:00+07:00,2025-12-10T06:00+07:00,dummy-v1
RS-00266,2025-12-10,JKS-005,Kebayoran Baru,Pulo,CURAT,06:00-12:00,47,Moderate,49,36,54,44,59,dummy-v1,2025-12-10T06:00+07:00,2025-12-10T12:00+07:00,dummy-v1
RS-00267,2025-12-10,JKS-005,Kebayoran Baru,Pulo,CURAT,12:00-18:00,74,High,72,77,64,84,78,dummy-v1,2025-12-10T12:00+07:00,2025-12-10T18:00+07:00,dummy-v1
RS-00268,2025-12-10,JKS-005,Kebayoran Baru,Pulo,CURANMOR,18:00-23:59,31,Low,37,17,44,17,42,dummy-v1,2025-12-10T18:00+07:00,2025-12-11T00:00+07:00,dummy-v1
RS-00269,2025-12-17,JKS-005,Kebayoran Baru,Pulo,CURAT,00:00-06:00,66,Moderate,83,52,71,56,56,dummy-v1,2025-12-17T00:00+07:00,2025-12-17T06:00+07:00,dummy-v1
RS-00270,2025-12-17,JKS-005,Kebayoran Baru,Pulo,CURAT,06:00-12:00,33,Low,16,45,43,29,39,dummy-v1,2025-12-17T06:00+07:00,2025-12-17T12:00+07:00,dummy-v1
RS-00271,2025-12-17,JKS-005,Kebayoran Baru,Pulo,CURANMOR,12:00-18:00,65,Moderate,83,60,54,53,64,dummy-v1,2025-12-17T12:00+07:00,2025-12-17T18:00+07:00,dummy-v1
RS-00272,2025-12-17,JKS-005,Kebayoran Baru,Pulo,CURANMOR,18:00-23:59,83,High,91,68,93,69,98,dummy-v1,2025-12-17T18:00+07:00,2025-12-18T00:00+07:00,dummy-v1
RS-00273,2025-12-24,JKS-005,Kebayoran Baru,Pulo,CURAS,00:00-06:00,53,Moderate,33,68,61,64,42,dummy-v1,2025-12-24T00:00+07:00,2025-12-24T06:00+07:00,dummy-v1
RS-00274,2025-12-24,JKS-005,Kebayoran Baru,Pulo,CURAS,06:00-12:00,42,Low,24,52,56,53,27,dummy-v1,2025-12-24T06:00+07:00,2025-12-24T12:00+07:00,dummy-v1
RS-00275,2025-12-24,JKS-005,Kebayoran Baru,Pulo,CURAT,12:00-18:00,49,Moderate,51,39,54,50,58,dummy-v1,2025-12-24T12:00+07:00,2025-12-24T18:00+07:00,dummy-v1
RS-00276,2025-12-24,JKS-005,Kebayoran Baru,Pulo,CURANMOR,18:00-23:59,64,Moderate,77,50,57,76,55,dummy-v1,2025-12-24T18:00+07:00,2025-12-25T00:00+07:00,dummy-v1
RS-00277,2025-12-31,JKS-005,Kebayoran Baru,Pulo,CURANMOR,00:00-06:00,62,Moderate,51,63,74,63,66,dummy-v1,2025-12-31T00:00+07:00,2025-12-31T06:00+07:00,dummy-v1
RS-00278,2025-12-31,JKS-005,Kebayoran Baru,Pulo,CURAS,06:00-12:00,30,Low,35,26,27,22,44,dummy-v1,2025-12-31T06:00+07:00,2025-12-31T12:00+07:00,dummy-v1
RS-00279,2025-12-31,JKS-005,Kebayoran Baru,Pulo,CURAS,12:00-18:00,57,Moderate,48,67,53,71,46,dummy-v1,2025-12-31T12:00+07:00,2025-12-31T18:00+07:00,dummy-v1
RS-00280,2025-12-31,JKS-005,Kebayoran Baru,Pulo,CURANMOR,18:00-23:59,74,High,75,73,82,63,73,dummy-v1,2025-12-31T18:00+07:00,2026-01-01T00:00+07:00,dummy-v1
RS-00281,2025-10-01,JKS-006,Kebayoran Lama,Pondok Pinang,CURAT,00:00-06:00,38,Low,31,39,47,41,33,dummy-v1,2025-10-01T00:00+07:00,2025-10-01T06:00+07:00,dummy-v1
RS-00282,2025-10-01,JKS-006,Kebayoran Lama,Pondok Pinang,CURAT,06:00-12:00,32,Low,34,21,35,38,37,dummy-v1,2025-10-01T06:00+07:00,2025-10-01T12:00+07:00,dummy-v1
RS-00283,2025-10-01,JKS-006,Kebayoran Lama,Pondok Pinang,CURAT,12:00-18:00,54,Moderate,68,54,40,47,51,dummy-v1,2025-10-01T12:00+07:00,2025-10-01T18:00+07:00,dummy-v1
RS-00284,2025-10-01,JKS-006,Kebayoran Lama,Pondok Pinang,CURAT,18:00-23:59,82,High,65,96,82,87,90,dummy-v1,2025-10-01T18:00+07:00,2025-10-02T00:00+07:00,dummy-v1
RS-00285,2025-10-08,JKS-006,Kebayoran Lama,Pondok Pinang,CURAT,00:00-06:00,72,High,68,64,85,84,59,dummy-v1,2025-10-08T00:00+07:00,2025-10-08T06:00+07:00,dummy-v1
RS-00286,2025-10-08,JKS-006,Kebayoran Lama,Pondok Pinang,CURAS,06:00-12:00,70,High,54,79,77,77,70,dummy-v1,2025-10-08T06:00+07:00,2025-10-08T12:00+07:00,dummy-v1
RS-00287,2025-10-08,JKS-006,Kebayoran Lama,Pondok Pinang,CURAT,12:00-18:00,31,Low,43,25,20,23,45,dummy-v1,2025-10-08T12:00+07:00,2025-10-08T18:00+07:00,dummy-v1
RS-00288,2025-10-08,JKS-006,Kebayoran Lama,Pondok Pinang,CURAS,18:00-23:59,66,Moderate,62,58,79,76,57,dummy-v1,2025-10-08T18:00+07:00,2025-10-09T00:00+07:00,dummy-v1
RS-00289,2025-10-15,JKS-006,Kebayoran Lama,Pondok Pinang,CURAS,00:00-06:00,70,High,76,65,78,62,60,dummy-v1,2025-10-15T00:00+07:00,2025-10-15T06:00+07:00,dummy-v1
RS-00290,2025-10-15,JKS-006,Kebayoran Lama,Pondok Pinang,CURANMOR,06:00-12:00,34,Low,32,45,21,37,35,dummy-v1,2025-10-15T06:00+07:00,2025-10-15T12:00+07:00,dummy-v1
RS-00291,2025-10-15,JKS-006,Kebayoran Lama,Pondok Pinang,CURAS,12:00-18:00,41,Low,55,31,33,44,36,dummy-v1,2025-10-15T12:00+07:00,2025-10-15T18:00+07:00,dummy-v1
RS-00292,2025-10-15,JKS-006,Kebayoran Lama,Pondok Pinang,CURAT,18:00-23:59,50,Moderate,47,49,55,54,47,dummy-v1,2025-10-15T18:00+07:00,2025-10-16T00:00+07:00,dummy-v1
RS-00293,2025-10-22,JKS-006,Kebayoran Lama,Pondok Pinang,CURAS,00:00-06:00,34,Low,46,19,26,35,49,dummy-v1,2025-10-22T00:00+07:00,2025-10-22T06:00+07:00,dummy-v1
RS-00294,2025-10-22,JKS-006,Kebayoran Lama,Pondok Pinang,CURAT,06:00-12:00,35,Low,33,26,40,48,34,dummy-v1,2025-10-22T06:00+07:00,2025-10-22T12:00+07:00,dummy-v1
RS-00295,2025-10-22,JKS-006,Kebayoran Lama,Pondok Pinang,CURAT,12:00-18:00,73,High,78,62,81,73,70,dummy-v1,2025-10-22T12:00+07:00,2025-10-22T18:00+07:00,dummy-v1
RS-00296,2025-10-22,JKS-006,Kebayoran Lama,Pondok Pinang,CURAT,18:00-23:59,73,High,75,66,86,64,71,dummy-v1,2025-10-22T18:00+07:00,2025-10-23T00:00+07:00,dummy-v1
RS-00297,2025-10-29,JKS-006,Kebayoran Lama,Pondok Pinang,CURAS,00:00-06:00,30,Low,39,16,30,28,42,dummy-v1,2025-10-29T00:00+07:00,2025-10-29T06:00+07:00,dummy-v1
RS-00298,2025-10-29,JKS-006,Kebayoran Lama,Pondok Pinang,CURAS,06:00-12:00,32,Low,46,31,29,20,17,dummy-v1,2025-10-29T06:00+07:00,2025-10-29T12:00+07:00,dummy-v1
RS-00299,2025-10-29,JKS-006,Kebayoran Lama,Pondok Pinang,CURANMOR,12:00-18:00,66,Moderate,85,54,69,51,56,dummy-v1,2025-10-29T12:00+07:00,2025-10-29T18:00+07:00,dummy-v1
RS-00300,2025-10-29,JKS-006,Kebayoran Lama,Pondok Pinang,CURAT,18:00-23:59,74,High,58,85,86,62,88,dummy-v1,2025-10-29T18:00+07:00,2025-10-30T00:00+07:00,dummy-v1
RS-00301,2025-11-05,JKS-006,Kebayoran Lama,Pondok Pinang,CURANMOR,00:00-06:00,53,Moderate,43,57,65,47,59,dummy-v1,2025-11-05T00:00+07:00,2025-11-05T06:00+07:00,dummy-v1
RS-00302,2025-11-05,JKS-006,Kebayoran Lama,Pondok Pinang,CURANMOR,06:00-12:00,72,High,65,61,84,82,83,dummy-v1,2025-11-05T06:00+07:00,2025-11-05T12:00+07:00,dummy-v1
RS-00303,2025-11-05,JKS-006,Kebayoran Lama,Pondok Pinang,CURAT,12:00-18:00,30,Low,3,39,45,44,38,dummy-v1,2025-11-05T12:00+07:00,2025-11-05T18:00+07:00,dummy-v1
RS-00304,2025-11-05,JKS-006,Kebayoran Lama,Pondok Pinang,CURANMOR,18:00-23:59,59,Moderate,57,58,71,59,45,dummy-v1,2025-11-05T18:00+07:00,2025-11-06T00:00+07:00,dummy-v1
RS-00305,2025-11-12,JKS-006,Kebayoran Lama,Pondok Pinang,CURAT,00:00-06:00,29,Low,36,22,32,19,34,dummy-v1,2025-11-12T00:00+07:00,2025-11-12T06:00+07:00,dummy-v1
RS-00306,2025-11-12,JKS-006,Kebayoran Lama,Pondok Pinang,CURAS,06:00-12:00,39,Low,47,35,40,29,38,dummy-v1,2025-11-12T06:00+07:00,2025-11-12T12:00+07:00,dummy-v1
RS-00307,2025-11-12,JKS-006,Kebayoran Lama,Pondok Pinang,CURAS,12:00-18:00,37,Low,42,37,23,40,44,dummy-v1,2025-11-12T12:00+07:00,2025-11-12T18:00+07:00,dummy-v1
RS-00308,2025-11-12,JKS-006,Kebayoran Lama,Pondok Pinang,CURANMOR,18:00-23:59,69,Moderate,77,62,60,84,57,dummy-v1,2025-11-12T18:00+07:00,2025-11-13T00:00+07:00,dummy-v1
RS-00309,2025-11-19,JKS-006,Kebayoran Lama,Pondok Pinang,CURANMOR,00:00-06:00,42,Low,45,33,44,41,52,dummy-v1,2025-11-19T00:00+07:00,2025-11-19T06:00+07:00,dummy-v1
RS-00310,2025-11-19,JKS-006,Kebayoran Lama,Pondok Pinang,CURAT,06:00-12:00,25,Low,15,28,31,33,24,dummy-v1,2025-11-19T06:00+07:00,2025-11-19T12:00+07:00,dummy-v1
RS-00311,2025-11-19,JKS-006,Kebayoran Lama,Pondok Pinang,CURAT,12:00-18:00,62,Moderate,66,58,53,71,64,dummy-v1,2025-11-19T12:00+07:00,2025-11-19T18:00+07:00,dummy-v1
RS-00312,2025-11-19,JKS-006,Kebayoran Lama,Pondok Pinang,CURAT,18:00-23:59,48,Moderate,45,59,48,37,45,dummy-v1,2025-11-19T18:00+07:00,2025-11-20T00:00+07:00,dummy-v1
RS-00313,2025-11-26,JKS-006,Kebayoran Lama,Pondok Pinang,CURAS,00:00-06:00,41,Low,44,48,31,36,43,dummy-v1,2025-11-26T00:00+07:00,2025-11-26T06:00+07:00,dummy-v1
RS-00314,2025-11-26,JKS-006,Kebayoran Lama,Pondok Pinang,CURAT,06:00-12:00,54,Moderate,47,61,60,43,63,dummy-v1,2025-11-26T06:00+07:00,2025-11-26T12:00+07:00,dummy-v1
RS-00315,2025-11-26,JKS-006,Kebayoran Lama,Pondok Pinang,CURAS,12:00-18:00,67,Moderate,46,75,79,78,68,dummy-v1,2025-11-26T12:00+07:00,2025-11-26T18:00+07:00,dummy-v1
RS-00316,2025-11-26,JKS-006,Kebayoran Lama,Pondok Pinang,CURAT,18:00-23:59,84,High,100,75,72,92,69,dummy-v1,2025-11-26T18:00+07:00,2025-11-27T00:00+07:00,dummy-v1
RS-00317,2025-12-03,JKS-006,Kebayoran Lama,Pondok Pinang,CURANMOR,00:00-06:00,37,Low,23,45,40,45,41,dummy-v1,2025-12-03T00:00+07:00,2025-12-03T06:00+07:00,dummy-v1
RS-00318,2025-12-03,JKS-006,Kebayoran Lama,Pondok Pinang,CURAS,06:00-12:00,50,Moderate,44,58,39,63,50,dummy-v1,2025-12-03T06:00+07:00,2025-12-03T12:00+07:00,dummy-v1
RS-00319,2025-12-03,JKS-006,Kebayoran Lama,Pondok Pinang,CURAT,12:00-18:00,47,Moderate,71,33,37,37,44,dummy-v1,2025-12-03T12:00+07:00,2025-12-03T18:00+07:00,dummy-v1
RS-00320,2025-12-03,JKS-006,Kebayoran Lama,Pondok Pinang,CURAT,18:00-23:59,50,Moderate,50,46,50,62,43,dummy-v1,2025-12-03T18:00+07:00,2025-12-04T00:00+07:00,dummy-v1
RS-00321,2025-12-10,JKS-006,Kebayoran Lama,Pondok Pinang,CURAS,00:00-06:00,56,Moderate,61,62,43,61,46,dummy-v1,2025-12-10T00:00+07:00,2025-12-10T06:00+07:00,dummy-v1
RS-00322,2025-12-10,JKS-006,Kebayoran Lama,Pondok Pinang,CURANMOR,06:00-12:00,39,Low,50,24,49,27,41,dummy-v1,2025-12-10T06:00+07:00,2025-12-10T12:00+07:00,dummy-v1
RS-00323,2025-12-10,JKS-006,Kebayoran Lama,Pondok Pinang,CURAT,12:00-18:00,53,Moderate,53,38,68,54,60,dummy-v1,2025-12-10T12:00+07:00,2025-12-10T18:00+07:00,dummy-v1
RS-00324,2025-12-10,JKS-006,Kebayoran Lama,Pondok Pinang,CURAS,18:00-23:59,75,High,70,81,72,73,85,dummy-v1,2025-12-10T18:00+07:00,2025-12-11T00:00+07:00,dummy-v1
RS-00325,2025-12-17,JKS-006,Kebayoran Lama,Pondok Pinang,CURANMOR,00:00-06:00,60,Moderate,74,51,55,56,55,dummy-v1,2025-12-17T00:00+07:00,2025-12-17T06:00+07:00,dummy-v1
RS-00326,2025-12-17,JKS-006,Kebayoran Lama,Pondok Pinang,CURAT,06:00-12:00,43,Low,37,40,52,52,38,dummy-v1,2025-12-17T06:00+07:00,2025-12-17T12:00+07:00,dummy-v1
RS-00327,2025-12-17,JKS-006,Kebayoran Lama,Pondok Pinang,CURANMOR,12:00-18:00,44,Low,46,34,53,47,40,dummy-v1,2025-12-17T12:00+07:00,2025-12-17T18:00+07:00,dummy-v1
RS-00328,2025-12-17,JKS-006,Kebayoran Lama,Pondok Pinang,CURAS,18:00-23:59,60,Moderate,55,62,72,58,48,dummy-v1,2025-12-17T18:00+07:00,2025-12-18T00:00+07:00,dummy-v1
RS-00329,2025-12-24,JKS-006,Kebayoran Lama,Pondok Pinang,CURAS,00:00-06:00,45,Moderate,39,55,50,42,32,dummy-v1,2025-12-24T00:00+07:00,2025-12-24T06:00+07:00,dummy-v1
RS-00330,2025-12-24,JKS-006,Kebayoran Lama,Pondok Pinang,CURAT,06:00-12:00,48,Moderate,47,56,42,46,46,dummy-v1,2025-12-24T06:00+07:00,2025-12-24T12:00+07:00,dummy-v1
RS-00331,2025-12-24,JKS-006,Kebayoran Lama,Pondok Pinang,CURANMOR,12:00-18:00,66,Moderate,71,60,71,66,56,dummy-v1,2025-12-24T12:00+07:00,2025-12-24T18:00+07:00,dummy-v1
RS-00332,2025-12-24,JKS-006,Kebayoran Lama,Pondok Pinang,CURANMOR,18:00-23:59,49,Moderate,36,58,47,55,60,dummy-v1,2025-12-24T18:00+07:00,2025-12-25T00:00+07:00,dummy-v1
RS-00333,2025-12-31,JKS-006,Kebayoran Lama,Pondok Pinang,CURAT,00:00-06:00,50,Moderate,60,51,44,42,42,dummy-v1,2025-12-31T00:00+07:00,2025-12-31T06:00+07:00,dummy-v1
RS-00334,2025-12-31,JKS-006,Kebayoran Lama,Pondok Pinang,CURAT,06:00-12:00,35,Low,36,26,49,29,36,dummy-v1,2025-12-31T06:00+07:00,2025-12-31T12:00+07:00,dummy-v1
RS-00335,2025-12-31,JKS-006,Kebayoran Lama,Pondok Pinang,CURANMOR,12:00-18:00,69,Moderate,63,73,56,82,84,dummy-v1,2025-12-31T12:00+07:00,2025-12-31T18:00+07:00,dummy-v1
RS-00336,2025-12-31,JKS-006,Kebayoran Lama,Pondok Pinang,CURAT,18:00-23:59,58,Moderate,45,72,62,58,54,dummy-v1,2025-12-31T18:00+07:00,2026-01-01T00:00+07:00,dummy-v1
RS-00337,2025-10-01,JKS-007,Kebayoran Lama,Kebayoran Lama Utara,CURAS,00:00-06:00,29,Low,33,41,14,28,19,dummy-v1,2025-10-01T00:00+07:00,2025-10-01T06:00+07:00,dummy-v1
RS-00338,2025-10-01,JKS-007,Kebayoran Lama,Kebayoran Lama Utara,CURANMOR,06:00-12:00,65,Moderate,50,76,70,71,64,dummy-v1,2025-10-01T06:00+07:00,2025-10-01T12:00+07:00,dummy-v1
RS-00339,2025-10-01,JKS-007,Kebayoran Lama,Kebayoran Lama Utara,CURAT,12:00-18:00,58,Moderate,78,46,59,44,48,dummy-v1,2025-10-01T12:00+07:00,2025-10-01T18:00+07:00,dummy-v1
RS-00340,2025-10-01,JKS-007,Kebayoran Lama,Kebayoran Lama Utara,CURANMOR,18:00-23:59,62,Moderate,75,49,51,64,74,dummy-v1,2025-10-01T18:00+07:00,2025-10-02T00:00+07:00,dummy-v1
RS-00341,2025-10-08,JKS-007,Kebayoran Lama,Kebayoran Lama Utara,CURAT,00:00-06:00,73,High,75,60,85,71,78,dummy-v1,2025-10-08T00:00+07:00,2025-10-08T06:00+07:00,dummy-v1
RS-00342,2025-10-08,JKS-007,Kebayoran Lama,Kebayoran Lama Utara,CURAS,06:00-12:00,42,Low,47,31,44,57,27,dummy-v1,2025-10-08T06:00+07:00,2025-10-08T12:00+07:00,dummy-v1
RS-00343,2025-10-08,JKS-007,Kebayoran Lama,Kebayoran Lama Utara,CURAS,12:00-18:00,29,Low,39,27,17,21,40,dummy-v1,2025-10-08T12:00+07:00,2025-10-08T18:00+07:00,dummy-v1
RS-00344,2025-10-08,JKS-007,Kebayoran Lama,Kebayoran Lama Utara,CURANMOR,18:00-23:59,44,Low,58,31,38,52,33,dummy-v1,2025-10-08T18:00+07:00,2025-10-09T00:00+07:00,dummy-v1
RS-00345,2025-10-15,JKS-007,Kebayoran Lama,Kebayoran Lama Utara,CURAT,00:00-06:00,43,Low,42,32,56,41,52,dummy-v1,2025-10-15T00:00+07:00,2025-10-15T06:00+07:00,dummy-v1
RS-00346,2025-10-15,JKS-007,Kebayoran Lama,Kebayoran Lama Utara,CURANMOR,06:00-12:00,27,Low,25,27,35,17,33,dummy-v1,2025-10-15T06:00+07:00,2025-10-15T12:00+07:00,dummy-v1
RS-00347,2025-10-15,JKS-007,Kebayoran Lama,Kebayoran Lama Utara,CURAS,12:00-18:00,63,Moderate,78,51,59,50,75,dummy-v1,2025-10-15T12:00+07:00,2025-10-15T18:00+07:00,dummy-v1
RS-00348,2025-10-15,JKS-007,Kebayoran Lama,Kebayoran Lama Utara,CURAT,18:00-23:59,79,High,89,68,86,75,68,dummy-v1,2025-10-15T18:00+07:00,2025-10-16T00:00+07:00,dummy-v1
RS-00349,2025-10-22,JKS-007,Kebayoran Lama,Kebayoran Lama Utara,CURAS,00:00-06:00,62,Moderate,63,73,50,49,76,dummy-v1,2025-10-22T00:00+07:00,2025-10-22T06:00+07:00,dummy-v1
RS-00350,2025-10-22,JKS-007,Kebayoran Lama,Kebayoran Lama Utara,CURANMOR,06:00-12:00,70,High,62,63,84,75,77,dummy-v1,2025-10-22T06:00+07:00,2025-10-22T12:00+07:00,dummy-v1
RS-00351,2025-10-22,JKS-007,Kebayoran Lama,Kebayoran Lama Utara,CURANMOR,12:00-18:00,48,Moderate,47,45,52,43,59,dummy-v1,2025-10-22T12:00+07:00,2025-10-22T18:00+07:00,dummy-v1
RS-00352,2025-10-22,JKS-007,Kebayoran Lama,Kebayoran Lama Utara,CURANMOR,18:00-23:59,60,Moderate,47,63,65,70,67,dummy-v1,2025-10-22T18:00+07:00,2025-10-23T00:00+07:00,dummy-v1
RS-00353,2025-10-29,JKS-007,Kebayoran Lama,Kebayoran Lama Utara,CURAT,00:00-06:00,74,High,69,87,62,74,81,dummy-v1,2025-10-29T00:00+07:00,2025-10-29T06:00+07:00,dummy-v1
RS-00354,2025-10-29,JKS-007,Kebayoran Lama,Kebayoran Lama Utara,CURAT,06:00-12:00,32,Low,38,25,27,36,34,dummy-v1,2025-10-29T06:00+07:00,2025-10-29T12:00+07:00,dummy-v1
RS-00355,2025-10-29,JKS-007,Kebayoran Lama,Kebayoran Lama Utara,CURAS,12:00-18:00,57,Moderate,55,48,61,68,62,dummy-v1,2025-10-29T12:00+07:00,2025-10-29T18:00+07:00,dummy-v1
RS-00356,2025-10-29,JKS-007,Kebayoran Lama,Kebayoran Lama Utara,CURANMOR,18:00-23:59,38,Low,50,27,32,41,36,dummy-v1,2025-10-29T18:00+07:00,2025-10-30T00:00+07:00,dummy-v1
RS-00357,2025-11-05,JKS-007,Kebayoran Lama,Kebayoran Lama Utara,CURAS,00:00-06:00,27,Low,15,39,40,23,13,dummy-v1,2025-11-05T00:00+07:00,2025-11-05T06:00+07:00,dummy-v1
RS-00358,2025-11-05,JKS-007,Kebayoran Lama,Kebayoran Lama Utara,CURAT,06:00-12:00,47,Moderate,50,39,47,49,54,dummy-v1,2025-11-05T06:00+07:00,2025-11-05T12:00+07:00,dummy-v1
RS-00359,2025-11-05,JKS-007,Kebayoran Lama,Kebayoran Lama Utara,CURAT,12:00-18:00,62,Moderate,67,47,67,60,76,dummy-v1,2025-11-05T12:00+07:00,2025-11-05T18:00+07:00,dummy-v1
RS-00360,2025-11-05,JKS-007,Kebayoran Lama,Kebayoran Lama Utara,CURANMOR,18:00-23:59,36,Low,27,30,49,46,38,dummy-v1,2025-11-05T18:00+07:00,2025-11-06T00:00+07:00,dummy-v1
RS-00361,2025-11-12,JKS-007,Kebayoran Lama,Kebayoran Lama Utara,CURANMOR,00:00-06:00,37,Low,41,30,50,32,25,dummy-v1,2025-11-12T00:00+07:00,2025-11-12T06:00+07:00,dummy-v1
RS-00362,2025-11-12,JKS-007,Kebayoran Lama,Kebayoran Lama Utara,CURAT,06:00-12:00,30,Low,33,36,16,36,25,dummy-v1,2025-11-12T06:00+07:00,2025-11-12T12:00+07:00,dummy-v1
RS-00363,2025-11-12,JKS-007,Kebayoran Lama,Kebayoran Lama Utara,CURAS,12:00-18:00,47,Moderate,46,47,57,40,40,dummy-v1,2025-11-12T12:00+07:00,2025-11-12T18:00+07:00,dummy-v1
RS-00364,2025-11-12,JKS-007,Kebayoran Lama,Kebayoran Lama Utara,CURAT,18:00-23:59,61,Moderate,49,69,57,76,62,dummy-v1,2025-11-12T18:00+07:00,2025-11-13T00:00+07:00,dummy-v1
RS-00365,2025-11-19,JKS-007,Kebayoran Lama,Kebayoran Lama Utara,CURAT,00:00-06:00,34,Low,23,48,36,25,41,dummy-v1,2025-11-19T00:00+07:00,2025-11-19T06:00+07:00,dummy-v1
RS-00366,2025-11-19,JKS-007,Kebayoran Lama,Kebayoran Lama Utara,CURAS,06:00-12:00,62,Moderate,57,61,68,60,70,dummy-v1,2025-11-19T06:00+07:00,2025-11-19T12:00+07:00,dummy-v1
RS-00367,2025-11-19,JKS-007,Kebayoran Lama,Kebayoran Lama Utara,CURAS,12:00-18:00,46,Moderate,54,39,34,51,57,dummy-v1,2025-11-19T12:00+07:00,2025-11-19T18:00+07:00,dummy-v1
RS-00368,2025-11-19,JKS-007,Kebayoran Lama,Kebayoran Lama Utara,CURAT,18:00-23:59,46,Moderate,54,42,33,54,46,dummy-v1,2025-11-19T18:00+07:00,2025-11-20T00:00+07:00,dummy-v1
RS-00369,2025-11-26,JKS-007,Kebayoran Lama,Kebayoran Lama Utara,CURAT,00:00-06:00,61,Moderate,65,59,58,59,64,dummy-v1,2025-11-26T00:00+07:00,2025-11-26T06:00+07:00,dummy-v1
RS-00370,2025-11-26,JKS-007,Kebayoran Lama,Kebayoran Lama Utara,CURAT,06:00-12:00,60,Moderate,86,48,51,45,54,dummy-v1,2025-11-26T06:00+07:00,2025-11-26T12:00+07:00,dummy-v1
RS-00371,2025-11-26,JKS-007,Kebayoran Lama,Kebayoran Lama Utara,CURAS,12:00-18:00,39,Low,36,26,52,52,34,dummy-v1,2025-11-26T12:00+07:00,2025-11-26T18:00+07:00,dummy-v1
RS-00372,2025-11-26,JKS-007,Kebayoran Lama,Kebayoran Lama Utara,CURANMOR,18:00-23:59,74,High,73,67,85,71,76,dummy-v1,2025-11-26T18:00+07:00,2025-11-27T00:00+07:00,dummy-v1
RS-00373,2025-12-03,JKS-007,Kebayoran Lama,Kebayoran Lama Utara,CURANMOR,00:00-06:00,63,Moderate,73,58,57,52,73,dummy-v1,2025-12-03T00:00+07:00,2025-12-03T06:00+07:00,dummy-v1
RS-00374,2025-12-03,JKS-007,Kebayoran Lama,Kebayoran Lama Utara,CURAS,06:00-12:00,66,Moderate,49,72,73,72,80,dummy-v1,2025-12-03T06:00+07:00,2025-12-03T12:00+07:00,dummy-v1
RS-00375,2025-12-03,JKS-007,Kebayoran Lama,Kebayoran Lama Utara,CURANMOR,12:00-18:00,25,Low,39,19,18,13,29,dummy-v1,2025-12-03T12:00+07:00,2025-12-03T18:00+07:00,dummy-v1
RS-00376,2025-12-03,JKS-007,Kebayoran Lama,Kebayoran Lama Utara,CURAS,18:00-23:59,67,Moderate,93,53,53,66,54,dummy-v1,2025-12-03T18:00+07:00,2025-12-04T00:00+07:00,dummy-v1
RS-00377,2025-12-10,JKS-007,Kebayoran Lama,Kebayoran Lama Utara,CURANMOR,00:00-06:00,57,Moderate,47,71,59,43,70,dummy-v1,2025-12-10T00:00+07:00,2025-12-10T06:00+07:00,dummy-v1
RS-00378,2025-12-10,JKS-007,Kebayoran Lama,Kebayoran Lama Utara,CURANMOR,06:00-12:00,32,Low,28,37,21,43,37,dummy-v1,2025-12-10T06:00+07:00,2025-12-10T12:00+07:00,dummy-v1
RS-00379,2025-12-10,JKS-007,Kebayoran Lama,Kebayoran Lama Utara,CURAT,12:00-18:00,40,Low,45,37,39,39,36,dummy-v1,2025-12-10T12:00+07:00,2025-12-10T18:00+07:00,dummy-v1
RS-00380,2025-12-10,JKS-007,Kebayoran Lama,Kebayoran Lama Utara,CURANMOR,18:00-23:59,81,High,84,74,82,84,83,dummy-v1,2025-12-10T18:00+07:00,2025-12-11T00:00+07:00,dummy-v1
RS-00381,2025-12-17,JKS-007,Kebayoran Lama,Kebayoran Lama Utara,CURAT,00:00-06:00,30,Low,29,34,30,26,28,dummy-v1,2025-12-17T00:00+07:00,2025-12-17T06:00+07:00,dummy-v1
RS-00382,2025-12-17,JKS-007,Kebayoran Lama,Kebayoran Lama Utara,CURAT,06:00-12:00,50,Moderate,58,39,62,46,37,dummy-v1,2025-12-17T06:00+07:00,2025-12-17T12:00+07:00,dummy-v1
RS-00383,2025-12-17,JKS-007,Kebayoran Lama,Kebayoran Lama Utara,CURAT,12:00-18:00,54,Moderate,54,60,57,39,57,dummy-v1,2025-12-17T12:00+07:00,2025-12-17T18:00+07:00,dummy-v1
RS-00384,2025-12-17,JKS-007,Kebayoran Lama,Kebayoran Lama Utara,CURANMOR,18:00-23:59,81,High,90,72,69,93,83,dummy-v1,2025-12-17T18:00+07:00,2025-12-18T00:00+07:00,dummy-v1
RS-00385,2025-12-24,JKS-007,Kebayoran Lama,Kebayoran Lama Utara,CURAT,00:00-06:00,36,Low,35,38,38,25,47,dummy-v1,2025-12-24T00:00+07:00,2025-12-24T06:00+07:00,dummy-v1
RS-00386,2025-12-24,JKS-007,Kebayoran Lama,Kebayoran Lama Utara,CURAS,06:00-12:00,69,Moderate,64,82,64,68,62,dummy-v1,2025-12-24T06:00+07:00,2025-12-24T12:00+07:00,dummy-v1
RS-00387,2025-12-24,JKS-007,Kebayoran Lama,Kebayoran Lama Utara,CURAT,12:00-18:00,73,High,84,82,60,59,66,dummy-v1,2025-12-24T12:00+07:00,2025-12-24T18:00+07:00,dummy-v1
RS-00388,2025-12-24,JKS-007,Kebayoran Lama,Kebayoran Lama Utara,CURANMOR,18:00-23:59,31,Low,30,31,20,42,41,dummy-v1,2025-12-24T18:00+07:00,2025-12-25T00:00+07:00,dummy-v1
RS-00389,2025-12-31,JKS-007,Kebayoran Lama,Kebayoran Lama Utara,CURAT,00:00-06:00,38,Low,31,33,44,45,50,dummy-v1,2025-12-31T00:00+07:00,2025-12-31T06:00+07:00,dummy-v1
RS-00390,2025-12-31,JKS-007,Kebayoran Lama,Kebayoran Lama Utara,CURAS,06:00-12:00,42,Low,29,50,49,55,27,dummy-v1,2025-12-31T06:00+07:00,2025-12-31T12:00+07:00,dummy-v1
RS-00391,2025-12-31,JKS-007,Kebayoran Lama,Kebayoran Lama Utara,CURAT,12:00-18:00,64,Moderate,62,74,71,53,49,dummy-v1,2025-12-31T12:00+07:00,2025-12-31T18:00+07:00,dummy-v1
RS-00392,2025-12-31,JKS-007,Kebayoran Lama,Kebayoran Lama Utara,CURAT,18:00-23:59,69,Moderate,53,82,65,79,78,dummy-v1,2025-12-31T18:00+07:00,2026-01-01T00:00+07:00,dummy-v1
RS-00393,2025-10-01,JKS-008,Kebayoran Lama,Grogol Utara,CURAS,00:00-06:00,63,Moderate,72,60,58,56,64,dummy-v1,2025-10-01T00:00+07:00,2025-10-01T06:00+07:00,dummy-v1
RS-00394,2025-10-01,JKS-008,Kebayoran Lama,Grogol Utara,CURAT,06:00-12:00,68,Moderate,72,68,74,59,57,dummy-v1,2025-10-01T06:00+07:00,2025-10-01T12:00+07:00,dummy-v1
RS-00395,2025-10-01,JKS-008,Kebayoran Lama,Grogol Utara,CURANMOR,12:00-18:00,25,Low,21,14,39,36,21,dummy-v1,2025-10-01T12:00+07:00,2025-10-01T18:00+07:00,dummy-v1
RS-00396,2025-10-01,JKS-008,Kebayoran Lama,Grogol Utara,CURANMOR,18:00-23:59,40,Low,27,44,52,42,41,dummy-v1,2025-10-01T18:00+07:00,2025-10-02T00:00+07:00,dummy-v1
RS-00397,2025-10-08,JKS-008,Kebayoran Lama,Grogol Utara,CURAT,00:00-06:00,67,Moderate,65,82,57,56,71,dummy-v1,2025-10-08T00:00+07:00,2025-10-08T06:00+07:00,dummy-v1
RS-00398,2025-10-08,JKS-008,Kebayoran Lama,Grogol Utara,CURANMOR,06:00-12:00,27,Low,34,15,20,32,42,dummy-v1,2025-10-08T06:00+07:00,2025-10-08T12:00+07:00,dummy-v1
RS-00399,2025-10-08,JKS-008,Kebayoran Lama,Grogol Utara,CURAS,12:00-18:00,65,Moderate,56,80,66,52,72,dummy-v1,2025-10-08T12:00+07:00,2025-10-08T18:00+07:00,dummy-v1
RS-00400,2025-10-08,JKS-008,Kebayoran Lama,Grogol Utara,CURANMOR,18:00-23:59,70,High,76,75,70,55,63,dummy-v1,2025-10-08T18:00+07:00,2025-10-09T00:00+07:00,dummy-v1
RS-00401,2025-10-15,JKS-008,Kebayoran Lama,Grogol Utara,CURAS,00:00-06:00,33,Low,28,37,18,47,47,dummy-v1,2025-10-15T00:00+07:00,2025-10-15T06:00+07:00,dummy-v1
RS-00402,2025-10-15,JKS-008,Kebayoran Lama,Grogol Utara,CURANMOR,06:00-12:00,51,Moderate,51,49,59,49,42,dummy-v1,2025-10-15T06:00+07:00,2025-10-15T12:00+07:00,dummy-v1
RS-00403,2025-10-15,JKS-008,Kebayoran Lama,Grogol Utara,CURAT,12:00-18:00,50,Moderate,60,47,46,43,46,dummy-v1,2025-10-15T12:00+07:00,2025-10-15T18:00+07:00,dummy-v1
RS-00404,2025-10-15,JKS-008,Kebayoran Lama,Grogol Utara,CURAT,18:00-23:59,45,Moderate,68,33,37,33,40,dummy-v1,2025-10-15T18:00+07:00,2025-10-16T00:00+07:00,dummy-v1
RS-00405,2025-10-22,JKS-008,Kebayoran Lama,Grogol Utara,CURAT,00:00-06:00,27,Low,7,41,38,37,15,dummy-v1,2025-10-22T00:00+07:00,2025-10-22T06:00+07:00,dummy-v1
RS-00406,2025-10-22,JKS-008,Kebayoran Lama,Grogol Utara,CURAT,06:00-12:00,42,Low,27,55,56,42,27,dummy-v1,2025-10-22T06:00+07:00,2025-10-22T12:00+07:00,dummy-v1
RS-00407,2025-10-22,JKS-008,Kebayoran Lama,Grogol Utara,CURAS,12:00-18:00,33,Low,42,18,27,38,47,dummy-v1,2025-10-22T12:00+07:00,2025-10-22T18:00+07:00,dummy-v1
RS-00408,2025-10-22,JKS-008,Kebayoran Lama,Grogol Utara,CURAT,18:00-23:59,75,High,68,62,86,88,86,dummy-v1,2025-10-22T18:00+07:00,2025-10-23T00:00+07:00,dummy-v1
RS-00409,2025-10-29,JKS-008,Kebayoran Lama,Grogol Utara,CURANMOR,00:00-06:00,52,Moderate,52,43,57,54,62,dummy-v1,2025-10-29T00:00+07:00,2025-10-29T06:00+07:00,dummy-v1
RS-00410,2025-10-29,JKS-008,Kebayoran Lama,Grogol Utara,CURAS,06:00-12:00,72,High,77,69,58,84,75,dummy-v1,2025-10-29T06:00+07:00,2025-10-29T12:00+07:00,dummy-v1
RS-00411,2025-10-29,JKS-008,Kebayoran Lama,Grogol Utara,CURAT,12:00-18:00,64,Moderate,45,74,69,74,70,dummy-v1,2025-10-29T12:00+07:00,2025-10-29T18:00+07:00,dummy-v1
RS-00412,2025-10-29,JKS-008,Kebayoran Lama,Grogol Utara,CURAS,18:00-23:59,88,Critical,100,88,75,85,78,dummy-v1,2025-10-29T18:00+07:00,2025-10-30T00:00+07:00,dummy-v1
RS-00413,2025-11-05,JKS-008,Kebayoran Lama,Grogol Utara,CURANMOR,00:00-06:00,64,Moderate,87,56,54,51,53,dummy-v1,2025-11-05T00:00+07:00,2025-11-05T06:00+07:00,dummy-v1
RS-00414,2025-11-05,JKS-008,Kebayoran Lama,Grogol Utara,CURANMOR,06:00-12:00,59,Moderate,57,45,72,60,71,dummy-v1,2025-11-05T06:00+07:00,2025-11-05T12:00+07:00,dummy-v1
RS-00415,2025-11-05,JKS-008,Kebayoran Lama,Grogol Utara,CURAT,12:00-18:00,42,Low,50,30,50,30,50,dummy-v1,2025-11-05T12:00+07:00,2025-11-05T18:00+07:00,dummy-v1
RS-00416,2025-11-05,JKS-008,Kebayoran Lama,Grogol Utara,CURAS,18:00-23:59,66,Moderate,68,78,56,51,72,dummy-v1,2025-11-05T18:00+07:00,2025-11-06T00:00+07:00,dummy-v1
RS-00417,2025-11-12,JKS-008,Kebayoran Lama,Grogol Utara,CURAT,00:00-06:00,61,Moderate,70,51,62,64,53,dummy-v1,2025-11-12T00:00+07:00,2025-11-12T06:00+07:00,dummy-v1
RS-00418,2025-11-12,JKS-008,Kebayoran Lama,Grogol Utara,CURANMOR,06:00-12:00,28,Low,28,42,13,15,43,dummy-v1,2025-11-12T06:00+07:00,2025-11-12T12:00+07:00,dummy-v1
RS-00419,2025-11-12,JKS-008,Kebayoran Lama,Grogol Utara,CURAT,12:00-18:00,63,Moderate,71,56,75,51,50,dummy-v1,2025-11-12T12:00+07:00,2025-11-12T18:00+07:00,dummy-v1
RS-00420,2025-11-12,JKS-008,Kebayoran Lama,Grogol Utara,CURAT,18:00-23:59,47,Moderate,40,59,57,34,38,dummy-v1,2025-11-12T18:00+07:00,2025-11-13T00:00+07:00,dummy-v1
RS-00421,2025-11-19,JKS-008,Kebayoran Lama,Grogol Utara,CURANMOR,00:00-06:00,39,Low,16,49,48,47,53,dummy-v1,2025-11-19T00:00+07:00,2025-11-19T06:00+07:00,dummy-v1
RS-00422,2025-11-19,JKS-008,Kebayoran Lama,Grogol Utara,CURANMOR,06:00-12:00,65,Moderate,76,58,52,63,79,dummy-v1,2025-11-19T06:00+07:00,2025-11-19T12:00+07:00,dummy-v1
RS-00423,2025-11-19,JKS-008,Kebayoran Lama,Grogol Utara,CURANMOR,12:00-18:00,68,Moderate,82,60,67,58,62,dummy-v1,2025-11-19T12:00+07:00,2025-11-19T18:00+07:00,dummy-v1
RS-00424,2025-11-19,JKS-008,Kebayoran Lama,Grogol Utara,CURAS,18:00-23:59,47,Moderate,40,51,49,58,39,dummy-v1,2025-11-19T18:00+07:00,2025-11-20T00:00+07:00,dummy-v1
RS-00425,2025-11-26,JKS-008,Kebayoran Lama,Grogol Utara,CURAS,00:00-06:00,48,Moderate,46,42,61,38,57,dummy-v1,2025-11-26T00:00+07:00,2025-11-26T06:00+07:00,dummy-v1
RS-00426,2025-11-26,JKS-008,Kebayoran Lama,Grogol Utara,CURAT,06:00-12:00,41,Low,30,41,51,44,51,dummy-v1,2025-11-26T06:00+07:00,2025-11-26T12:00+07:00,dummy-v1
RS-00427,2025-11-26,JKS-008,Kebayoran Lama,Grogol Utara,CURAT,12:00-18:00,67,Moderate,68,67,68,74,52,dummy-v1,2025-11-26T12:00+07:00,2025-11-26T18:00+07:00,dummy-v1
RS-00428,2025-11-26,JKS-008,Kebayoran Lama,Grogol Utara,CURAT,18:00-23:59,61,Moderate,75,53,57,62,46,dummy-v1,2025-11-26T18:00+07:00,2025-11-27T00:00+07:00,dummy-v1
RS-00429,2025-12-03,JKS-008,Kebayoran Lama,Grogol Utara,CURAS,00:00-06:00,41,Low,50,34,31,53,32,dummy-v1,2025-12-03T00:00+07:00,2025-12-03T06:00+07:00,dummy-v1
RS-00430,2025-12-03,JKS-008,Kebayoran Lama,Grogol Utara,CURAT,06:00-12:00,72,High,66,80,86,59,61,dummy-v1,2025-12-03T06:00+07:00,2025-12-03T12:00+07:00,dummy-v1
RS-00431,2025-12-03,JKS-008,Kebayoran Lama,Grogol Utara,CURAS,12:00-18:00,52,Moderate,50,57,62,40,44,dummy-v1,2025-12-03T12:00+07:00,2025-12-03T18:00+07:00,dummy-v1
RS-00432,2025-12-03,JKS-008,Kebayoran Lama,Grogol Utara,CURAT,18:00-23:59,67,Moderate,69,56,67,75,77,dummy-v1,2025-12-03T18:00+07:00,2025-12-04T00:00+07:00,dummy-v1
RS-00433,2025-12-10,JKS-008,Kebayoran Lama,Grogol Utara,CURANMOR,00:00-06:00,71,High,82,70,62,70,59,dummy-v1,2025-12-10T00:00+07:00,2025-12-10T06:00+07:00,dummy-v1
RS-00434,2025-12-10,JKS-008,Kebayoran Lama,Grogol Utara,CURAS,06:00-12:00,59,Moderate,53,56,59,74,63,dummy-v1,2025-12-10T06:00+07:00,2025-12-10T12:00+07:00,dummy-v1
RS-00435,2025-12-10,JKS-008,Kebayoran Lama,Grogol Utara,CURAS,12:00-18:00,30,Low,25,22,43,45,18,dummy-v1,2025-12-10T12:00+07:00,2025-12-10T18:00+07:00,dummy-v1
RS-00436,2025-12-10,JKS-008,Kebayoran Lama,Grogol Utara,CURAT,18:00-23:59,64,Moderate,60,70,56,79,56,dummy-v1,2025-12-10T18:00+07:00,2025-12-11T00:00+07:00,dummy-v1
RS-00437,2025-12-17,JKS-008,Kebayoran Lama,Grogol Utara,CURANMOR,00:00-06:00,48,Moderate,43,46,62,46,42,dummy-v1,2025-12-17T00:00+07:00,2025-12-17T06:00+07:00,dummy-v1
RS-00438,2025-12-17,JKS-008,Kebayoran Lama,Grogol Utara,CURAS,06:00-12:00,27,Low,40,16,28,24,18,dummy-v1,2025-12-17T06:00+07:00,2025-12-17T12:00+07:00,dummy-v1
RS-00439,2025-12-17,JKS-008,Kebayoran Lama,Grogol Utara,CURANMOR,12:00-18:00,41,Low,48,37,50,31,26,dummy-v1,2025-12-17T12:00+07:00,2025-12-17T18:00+07:00,dummy-v1
RS-00440,2025-12-17,JKS-008,Kebayoran Lama,Grogol Utara,CURAT,18:00-23:59,59,Moderate,51,71,53,56,71,dummy-v1,2025-12-17T18:00+07:00,2025-12-18T00:00+07:00,dummy-v1
RS-00441,2025-12-24,JKS-008,Kebayoran Lama,Grogol Utara,CURAT,00:00-06:00,53,Moderate,57,51,43,54,64,dummy-v1,2025-12-24T00:00+07:00,2025-12-24T06:00+07:00,dummy-v1
RS-00442,2025-12-24,JKS-008,Kebayoran Lama,Grogol Utara,CURANMOR,06:00-12:00,64,Moderate,60,61,70,62,74,dummy-v1,2025-12-24T06:00+07:00,2025-12-24T12:00+07:00,dummy-v1
RS-00443,2025-12-24,JKS-008,Kebayoran Lama,Grogol Utara,CURANMOR,12:00-18:00,31,Low,25,24,39,40,36,dummy-v1,2025-12-24T12:00+07:00,2025-12-24T18:00+07:00,dummy-v1
RS-00444,2025-12-24,JKS-008,Kebayoran Lama,Grogol Utara,CURAT,18:00-23:59,81,High,83,84,73,74,93,dummy-v1,2025-12-24T18:00+07:00,2025-12-25T00:00+07:00,dummy-v1
RS-00445,2025-12-31,JKS-008,Kebayoran Lama,Grogol Utara,CURAT,00:00-06:00,50,Moderate,65,47,41,35,53,dummy-v1,2025-12-31T00:00+07:00,2025-12-31T06:00+07:00,dummy-v1
RS-00446,2025-12-31,JKS-008,Kebayoran Lama,Grogol Utara,CURAT,06:00-12:00,35,Low,20,48,50,22,36,dummy-v1,2025-12-31T06:00+07:00,2025-12-31T12:00+07:00,dummy-v1
RS-00447,2025-12-31,JKS-008,Kebayoran Lama,Grogol Utara,CURANMOR,12:00-18:00,35,Low,26,46,22,49,39,dummy-v1,2025-12-31T12:00+07:00,2025-12-31T18:00+07:00,dummy-v1
RS-00448,2025-12-31,JKS-008,Kebayoran Lama,Grogol Utara,CURAS,18:00-23:59,47,Moderate,51,33,48,55,55,dummy-v1,2025-12-31T18:00+07:00,2026-01-01T00:00+07:00,dummy-v1
RS-00449,2025-10-01,JKS-009,Cilandak,Cipete Selatan,CURANMOR,00:00-06:00,55,Moderate,54,54,44,66,66,dummy-v1,2025-10-01T00:00+07:00,2025-10-01T06:00+07:00,dummy-v1
RS-00450,2025-10-01,JKS-009,Cilandak,Cipete Selatan,CURAS,06:00-12:00,56,Moderate,39,66,66,50,70,dummy-v1,2025-10-01T06:00+07:00,2025-10-01T12:00+07:00,dummy-v1
RS-00451,2025-10-01,JKS-009,Cilandak,Cipete Selatan,CURAT,12:00-18:00,71,High,77,65,60,77,82,dummy-v1,2025-10-01T12:00+07:00,2025-10-01T18:00+07:00,dummy-v1
RS-00452,2025-10-01,JKS-009,Cilandak,Cipete Selatan,CURANMOR,18:00-23:59,41,Low,40,33,52,34,52,dummy-v1,2025-10-01T18:00+07:00,2025-10-02T00:00+07:00,dummy-v1
RS-00453,2025-10-08,JKS-009,Cilandak,Cipete Selatan,CURAS,00:00-06:00,33,Low,15,48,41,35,31,dummy-v1,2025-10-08T00:00+07:00,2025-10-08T06:00+07:00,dummy-v1
RS-00454,2025-10-08,JKS-009,Cilandak,Cipete Selatan,CURAS,06:00-12:00,67,Moderate,56,76,71,66,71,dummy-v1,2025-10-08T06:00+07:00,2025-10-08T12:00+07:00,dummy-v1
RS-00455,2025-10-08,JKS-009,Cilandak,Cipete Selatan,CURAS,12:00-18:00,54,Moderate,50,51,62,61,46,dummy-v1,2025-10-08T12:00+07:00,2025-10-08T18:00+07:00,dummy-v1
RS-00456,2025-10-08,JKS-009,Cilandak,Cipete Selatan,CURAT,18:00-23:59,80,High,73,92,78,77,79,dummy-v1,2025-10-08T18:00+07:00,2025-10-09T00:00+07:00,dummy-v1
RS-00457,2025-10-15,JKS-009,Cilandak,Cipete Selatan,CURAS,00:00-06:00,34,Low,38,34,28,42,22,dummy-v1,2025-10-15T00:00+07:00,2025-10-15T06:00+07:00,dummy-v1
RS-00458,2025-10-15,JKS-009,Cilandak,Cipete Selatan,CURAS,06:00-12:00,68,Moderate,71,67,64,74,61,dummy-v1,2025-10-15T06:00+07:00,2025-10-15T12:00+07:00,dummy-v1
RS-00459,2025-10-15,JKS-009,Cilandak,Cipete Selatan,CURAT,12:00-18:00,58,Moderate,54,72,57,49,49,dummy-v1,2025-10-15T12:00+07:00,2025-10-15T18:00+07:00,dummy-v1
RS-00460,2025-10-15,JKS-009,Cilandak,Cipete Selatan,CURAT,18:00-23:59,51,Moderate,33,63,60,52,56,dummy-v1,2025-10-15T18:00+07:00,2025-10-16T00:00+07:00,dummy-v1
RS-00461,2025-10-22,JKS-009,Cilandak,Cipete Selatan,CURANMOR,00:00-06:00,26,Low,36,13,29,25,24,dummy-v1,2025-10-22T00:00+07:00,2025-10-22T06:00+07:00,dummy-v1
RS-00462,2025-10-22,JKS-009,Cilandak,Cipete Selatan,CURAT,06:00-12:00,52,Moderate,78,39,42,44,39,dummy-v1,2025-10-22T06:00+07:00,2025-10-22T12:00+07:00,dummy-v1
RS-00463,2025-10-22,JKS-009,Cilandak,Cipete Selatan,CURAS,12:00-18:00,39,Low,41,33,44,41,34,dummy-v1,2025-10-22T12:00+07:00,2025-10-22T18:00+07:00,dummy-v1
RS-00464,2025-10-22,JKS-009,Cilandak,Cipete Selatan,CURANMOR,18:00-23:59,54,Moderate,52,52,49,66,56,dummy-v1,2025-10-22T18:00+07:00,2025-10-23T00:00+07:00,dummy-v1
RS-00465,2025-10-29,JKS-009,Cilandak,Cipete Selatan,CURAT,00:00-06:00,37,Low,21,52,51,26,35,dummy-v1,2025-10-29T00:00+07:00,2025-10-29T06:00+07:00,dummy-v1
RS-00466,2025-10-29,JKS-009,Cilandak,Cipete Selatan,CURANMOR,06:00-12:00,25,Low,15,32,38,11,33,dummy-v1,2025-10-29T06:00+07:00,2025-10-29T12:00+07:00,dummy-v1
RS-00467,2025-10-29,JKS-009,Cilandak,Cipete Selatan,CURAT,12:00-18:00,53,Moderate,48,57,49,56,63,dummy-v1,2025-10-29T12:00+07:00,2025-10-29T18:00+07:00,dummy-v1
RS-00468,2025-10-29,JKS-009,Cilandak,Cipete Selatan,CURANMOR,18:00-23:59,51,Moderate,61,42,54,50,40,dummy-v1,2025-10-29T18:00+07:00,2025-10-30T00:00+07:00,dummy-v1
RS-00469,2025-11-05,JKS-009,Cilandak,Cipete Selatan,CURAT,00:00-06:00,51,Moderate,49,45,64,50,47,dummy-v1,2025-11-05T00:00+07:00,2025-11-05T06:00+07:00,dummy-v1
RS-00470,2025-11-05,JKS-009,Cilandak,Cipete Selatan,CURANMOR,06:00-12:00,51,Moderate,45,55,62,41,51,dummy-v1,2025-11-05T06:00+07:00,2025-11-05T12:00+07:00,dummy-v1
RS-00471,2025-11-05,JKS-009,Cilandak,Cipete Selatan,CURAS,12:00-18:00,31,Low,45,27,31,18,17,dummy-v1,2025-11-05T12:00+07:00,2025-11-05T18:00+07:00,dummy-v1
RS-00472,2025-11-05,JKS-009,Cilandak,Cipete Selatan,CURAS,18:00-23:59,65,Moderate,61,76,60,63,63,dummy-v1,2025-11-05T18:00+07:00,2025-11-06T00:00+07:00,dummy-v1
RS-00473,2025-11-12,JKS-009,Cilandak,Cipete Selatan,CURANMOR,00:00-06:00,45,Moderate,51,31,60,43,36,dummy-v1,2025-11-12T00:00+07:00,2025-11-12T06:00+07:00,dummy-v1
RS-00474,2025-11-12,JKS-009,Cilandak,Cipete Selatan,CURANMOR,06:00-12:00,57,Moderate,39,62,71,59,66,dummy-v1,2025-11-12T06:00+07:00,2025-11-12T12:00+07:00,dummy-v1
RS-00475,2025-11-12,JKS-009,Cilandak,Cipete Selatan,CURANMOR,12:00-18:00,41,Low,41,38,36,56,36,dummy-v1,2025-11-12T12:00+07:00,2025-11-12T18:00+07:00,dummy-v1
RS-00476,2025-11-12,JKS-009,Cilandak,Cipete Selatan,CURANMOR,18:00-23:59,86,Critical,94,91,73,74,94,dummy-v1,2025-11-12T18:00+07:00,2025-11-13T00:00+07:00,dummy-v1
RS-00477,2025-11-19,JKS-009,Cilandak,Cipete Selatan,CURAT,00:00-06:00,35,Low,41,39,23,34,32,dummy-v1,2025-11-19T00:00+07:00,2025-11-19T06:00+07:00,dummy-v1
RS-00478,2025-11-19,JKS-009,Cilandak,Cipete Selatan,CURANMOR,06:00-12:00,57,Moderate,42,58,70,66,59,dummy-v1,2025-11-19T06:00+07:00,2025-11-19T12:00+07:00,dummy-v1
RS-00479,2025-11-19,JKS-009,Cilandak,Cipete Selatan,CURANMOR,12:00-18:00,34,Low,5,49,49,48,34,dummy-v1,2025-11-19T12:00+07:00,2025-11-19T18:00+07:00,dummy-v1
RS-00480,2025-11-19,JKS-009,Cilandak,Cipete Selatan,CURAT,18:00-23:59,64,Moderate,65,73,59,60,54,dummy-v1,2025-11-19T18:00+07:00,2025-11-20T00:00+07:00,dummy-v1
RS-00481,2025-11-26,JKS-009,Cilandak,Cipete Selatan,CURANMOR,00:00-06:00,29,Low,23,37,31,21,35,dummy-v1,2025-11-26T00:00+07:00,2025-11-26T06:00+07:00,dummy-v1
RS-00482,2025-11-26,JKS-009,Cilandak,Cipete Selatan,CURAT,06:00-12:00,67,Moderate,76,55,70,61,73,dummy-v1,2025-11-26T06:00+07:00,2025-11-26T12:00+07:00,dummy-v1
RS-00483,2025-11-26,JKS-009,Cilandak,Cipete Selatan,CURAS,12:00-18:00,61,Moderate,62,64,62,55,58,dummy-v1,2025-11-26T12:00+07:00,2025-11-26T18:00+07:00,dummy-v1
RS-00484,2025-11-26,JKS-009,Cilandak,Cipete Selatan,CURANMOR,18:00-23:59,44,Low,53,31,49,49,31,dummy-v1,2025-11-26T18:00+07:00,2025-11-27T00:00+07:00,dummy-v1
RS-00485,2025-12-03,JKS-009,Cilandak,Cipete Selatan,CURAS,00:00-06:00,40,Low,34,34,53,40,46,dummy-v1,2025-12-03T00:00+07:00,2025-12-03T06:00+07:00,dummy-v1
RS-00486,2025-12-03,JKS-009,Cilandak,Cipete Selatan,CURAS,06:00-12:00,72,High,75,75,73,66,63,dummy-v1,2025-12-03T06:00+07:00,2025-12-03T12:00+07:00,dummy-v1
RS-00487,2025-12-03,JKS-009,Cilandak,Cipete Selatan,CURAT,12:00-18:00,52,Moderate,56,41,58,51,58,dummy-v1,2025-12-03T12:00+07:00,2025-12-03T18:00+07:00,dummy-v1
RS-00488,2025-12-03,JKS-009,Cilandak,Cipete Selatan,CURAT,18:00-23:59,72,High,84,65,78,62,57,dummy-v1,2025-12-03T18:00+07:00,2025-12-04T00:00+07:00,dummy-v1
RS-00489,2025-12-10,JKS-009,Cilandak,Cipete Selatan,CURANMOR,00:00-06:00,32,Low,44,19,27,38,29,dummy-v1,2025-12-10T00:00+07:00,2025-12-10T06:00+07:00,dummy-v1
RS-00490,2025-12-10,JKS-009,Cilandak,Cipete Selatan,CURAS,06:00-12:00,60,Moderate,81,47,57,47,56,dummy-v1,2025-12-10T06:00+07:00,2025-12-10T12:00+07:00,dummy-v1
RS-00491,2025-12-10,JKS-009,Cilandak,Cipete Selatan,CURANMOR,12:00-18:00,39,Low,44,26,47,33,48,dummy-v1,2025-12-10T12:00+07:00,2025-12-10T18:00+07:00,dummy-v1
RS-00492,2025-12-10,JKS-009,Cilandak,Cipete Selatan,CURAS,18:00-23:59,83,High,76,86,97,68,90,dummy-v1,2025-12-10T18:00+07:00,2025-12-11T00:00+07:00,dummy-v1
RS-00493,2025-12-17,JKS-009,Cilandak,Cipete Selatan,CURAT,00:00-06:00,25,Low,6,34,38,27,30,dummy-v1,2025-12-17T00:00+07:00,2025-12-17T06:00+07:00,dummy-v1
RS-00494,2025-12-17,JKS-009,Cilandak,Cipete Selatan,CURANMOR,06:00-12:00,34,Low,52,25,21,39,22,dummy-v1,2025-12-17T06:00+07:00,2025-12-17T12:00+07:00,dummy-v1
RS-00495,2025-12-17,JKS-009,Cilandak,Cipete Selatan,CURAS,12:00-18:00,47,Moderate,53,37,55,33,58,dummy-v1,2025-12-17T12:00+07:00,2025-12-17T18:00+07:00,dummy-v1
RS-00496,2025-12-17,JKS-009,Cilandak,Cipete Selatan,CURAT,18:00-23:59,75,High,76,82,67,77,67,dummy-v1,2025-12-17T18:00+07:00,2025-12-18T00:00+07:00,dummy-v1
RS-00497,2025-12-24,JKS-009,Cilandak,Cipete Selatan,CURANMOR,00:00-06:00,30,Low,29,23,44,15,44,dummy-v1,2025-12-24T00:00+07:00,2025-12-24T06:00+07:00,dummy-v1
RS-00498,2025-12-24,JKS-009,Cilandak,Cipete Selatan,CURANMOR,06:00-12:00,59,Moderate,64,59,54,53,64,dummy-v1,2025-12-24T06:00+07:00,2025-12-24T12:00+07:00,dummy-v1
RS-00499,2025-12-24,JKS-009,Cilandak,Cipete Selatan,CURANMOR,12:00-18:00,71,High,75,76,57,77,66,dummy-v1,2025-12-24T12:00+07:00,2025-12-24T18:00+07:00,dummy-v1
RS-00500,2025-12-24,JKS-009,Cilandak,Cipete Selatan,CURAS,18:00-23:59,40,Low,28,49,50,28,53,dummy-v1,2025-12-24T18:00+07:00,2025-12-25T00:00+07:00,dummy-v1
RS-00501,2025-12-31,JKS-009,Cilandak,Cipete Selatan,CURAT,00:00-06:00,58,Moderate,54,46,70,62,69,dummy-v1,2025-12-31T00:00+07:00,2025-12-31T06:00+07:00,dummy-v1
RS-00502,2025-12-31,JKS-009,Cilandak,Cipete Selatan,CURANMOR,06:00-12:00,30,Low,44,35,15,19,22,dummy-v1,2025-12-31T06:00+07:00,2025-12-31T12:00+07:00,dummy-v1
RS-00503,2025-12-31,JKS-009,Cilandak,Cipete Selatan,CURAT,12:00-18:00,41,Low,40,56,28,37,40,dummy-v1,2025-12-31T12:00+07:00,2025-12-31T18:00+07:00,dummy-v1
RS-00504,2025-12-31,JKS-009,Cilandak,Cipete Selatan,CURAT,18:00-23:59,55,Moderate,29,66,69,70,55,dummy-v1,2025-12-31T18:00+07:00,2026-01-01T00:00+07:00,dummy-v1
RS-00505,2025-10-01,JKS-010,Cilandak,Gandaria Selatan,CURAT,00:00-06:00,53,Moderate,60,49,38,59,63,dummy-v1,2025-10-01T00:00+07:00,2025-10-01T06:00+07:00,dummy-v1
RS-00506,2025-10-01,JKS-010,Cilandak,Gandaria Selatan,CURAS,06:00-12:00,57,Moderate,75,58,46,44,42,dummy-v1,2025-10-01T06:00+07:00,2025-10-01T12:00+07:00,dummy-v1
RS-00507,2025-10-01,JKS-010,Cilandak,Gandaria Selatan,CURAS,12:00-18:00,61,Moderate,68,62,54,48,72,dummy-v1,2025-10-01T12:00+07:00,2025-10-01T18:00+07:00,dummy-v1
RS-00508,2025-10-01,JKS-010,Cilandak,Gandaria Selatan,CURAS,18:00-23:59,65,Moderate,71,65,67,60,51,dummy-v1,2025-10-01T18:00+07:00,2025-10-02T00:00+07:00,dummy-v1
RS-00509,2025-10-08,JKS-010,Cilandak,Gandaria Selatan,CURAT,00:00-06:00,65,Moderate,80,56,67,56,51,dummy-v1,2025-10-08T00:00+07:00,2025-10-08T06:00+07:00,dummy-v1
RS-00510,2025-10-08,JKS-010,Cilandak,Gandaria Selatan,CURANMOR,06:00-12:00,44,Low,36,37,54,53,53,dummy-v1,2025-10-08T06:00+07:00,2025-10-08T12:00+07:00,dummy-v1
RS-00511,2025-10-08,JKS-010,Cilandak,Gandaria Selatan,CURANMOR,12:00-18:00,43,Low,56,34,46,32,36,dummy-v1,2025-10-08T12:00+07:00,2025-10-08T18:00+07:00,dummy-v1
RS-00512,2025-10-08,JKS-010,Cilandak,Gandaria Selatan,CURANMOR,18:00-23:59,83,High,69,97,77,85,98,dummy-v1,2025-10-08T18:00+07:00,2025-10-09T00:00+07:00,dummy-v1
RS-00513,2025-10-15,JKS-010,Cilandak,Gandaria Selatan,CURAT,00:00-06:00,66,Moderate,61,75,59,66,73,dummy-v1,2025-10-15T00:00+07:00,2025-10-15T06:00+07:00,dummy-v1
RS-00514,2025-10-15,JKS-010,Cilandak,Gandaria Selatan,CURAT,06:00-12:00,54,Moderate,63,41,57,53,55,dummy-v1,2025-10-15T06:00+07:00,2025-10-15T12:00+07:00,dummy-v1
RS-00515,2025-10-15,JKS-010,Cilandak,Gandaria Selatan,CURAS,12:00-18:00,40,Low,62,26,26,36,44,dummy-v1,2025-10-15T12:00+07:00,2025-10-15T18:00+07:00,dummy-v1
RS-00516,2025-10-15,JKS-010,Cilandak,Gandaria Selatan,CURAS,18:00-23:59,72,High,88,60,64,78,61,dummy-v1,2025-10-15T18:00+07:00,2025-10-16T00:00+07:00,dummy-v1
RS-00517,2025-10-22,JKS-010,Cilandak,Gandaria Selatan,CURANMOR,00:00-06:00,33,Low,30,38,25,44,30,dummy-v1,2025-10-22T00:00+07:00,2025-10-22T06:00+07:00,dummy-v1
RS-00518,2025-10-22,JKS-010,Cilandak,Gandaria Selatan,CURAT,06:00-12:00,48,Moderate,62,41,43,47,36,dummy-v1,2025-10-22T06:00+07:00,2025-10-22T12:00+07:00,dummy-v1
RS-00519,2025-10-22,JKS-010,Cilandak,Gandaria Selatan,CURAS,12:00-18:00,46,Moderate,24,53,61,53,54,dummy-v1,2025-10-22T12:00+07:00,2025-10-22T18:00+07:00,dummy-v1
RS-00520,2025-10-22,JKS-010,Cilandak,Gandaria Selatan,CURAT,18:00-23:59,64,Moderate,71,56,65,56,72,dummy-v1,2025-10-22T18:00+07:00,2025-10-23T00:00+07:00,dummy-v1
RS-00521,2025-10-29,JKS-010,Cilandak,Gandaria Selatan,CURAT,00:00-06:00,61,Moderate,73,51,51,69,58,dummy-v1,2025-10-29T00:00+07:00,2025-10-29T06:00+07:00,dummy-v1
RS-00522,2025-10-29,JKS-010,Cilandak,Gandaria Selatan,CURAS,06:00-12:00,29,Low,11,33,40,43,30,dummy-v1,2025-10-29T06:00+07:00,2025-10-29T12:00+07:00,dummy-v1
RS-00523,2025-10-29,JKS-010,Cilandak,Gandaria Selatan,CURAS,12:00-18:00,50,Moderate,55,47,36,54,64,dummy-v1,2025-10-29T12:00+07:00,2025-10-29T18:00+07:00,dummy-v1
RS-00524,2025-10-29,JKS-010,Cilandak,Gandaria Selatan,CURAT,18:00-23:59,40,Low,39,37,38,44,49,dummy-v1,2025-10-29T18:00+07:00,2025-10-30T00:00+07:00,dummy-v1
RS-00525,2025-11-05,JKS-010,Cilandak,Gandaria Selatan,CURAS,00:00-06:00,35,Low,46,23,42,31,25,dummy-v1,2025-11-05T00:00+07:00,2025-11-05T06:00+07:00,dummy-v1
RS-00526,2025-11-05,JKS-010,Cilandak,Gandaria Selatan,CURAS,06:00-12:00,52,Moderate,48,37,66,64,55,dummy-v1,2025-11-05T06:00+07:00,2025-11-05T12:00+07:00,dummy-v1
RS-00527,2025-11-05,JKS-010,Cilandak,Gandaria Selatan,CURAT,12:00-18:00,41,Low,32,52,39,44,39,dummy-v1,2025-11-05T12:00+07:00,2025-11-05T18:00+07:00,dummy-v1
RS-00528,2025-11-05,JKS-010,Cilandak,Gandaria Selatan,CURAT,18:00-23:59,55,Moderate,46,68,54,48,61,dummy-v1,2025-11-05T18:00+07:00,2025-11-06T00:00+07:00,dummy-v1
RS-00529,2025-11-12,JKS-010,Cilandak,Gandaria Selatan,CURANMOR,00:00-06:00,66,Moderate,56,79,57,81,58,dummy-v1,2025-11-12T00:00+07:00,2025-11-12T06:00+07:00,dummy-v1
RS-00530,2025-11-12,JKS-010,Cilandak,Gandaria Selatan,CURAS,06:00-12:00,59,Moderate,75,55,48,53,52,dummy-v1,2025-11-12T06:00+07:00,2025-11-12T12:00+07:00,dummy-v1
RS-00531,2025-11-12,JKS-010,Cilandak,Gandaria Selatan,CURAS,12:00-18:00,59,Moderate,78,48,44,61,58,dummy-v1,2025-11-12T12:00+07:00,2025-11-12T18:00+07:00,dummy-v1
RS-00532,2025-11-12,JKS-010,Cilandak,Gandaria Selatan,CURANMOR,18:00-23:59,53,Moderate,58,68,41,40,44,dummy-v1,2025-11-12T18:00+07:00,2025-11-13T00:00+07:00,dummy-v1
RS-00533,2025-11-19,JKS-010,Cilandak,Gandaria Selatan,CURAS,00:00-06:00,26,Low,32,33,19,16,19,dummy-v1,2025-11-19T00:00+07:00,2025-11-19T06:00+07:00,dummy-v1
RS-00534,2025-11-19,JKS-010,Cilandak,Gandaria Selatan,CURANMOR,06:00-12:00,28,Low,41,13,23,40,18,dummy-v1,2025-11-19T06:00+07:00,2025-11-19T12:00+07:00,dummy-v1
RS-00535,2025-11-19,JKS-010,Cilandak,Gandaria Selatan,CURAT,12:00-18:00,70,High,85,56,73,62,66,dummy-v1,2025-11-19T12:00+07:00,2025-11-19T18:00+07:00,dummy-v1
RS-00536,2025-11-19,JKS-010,Cilandak,Gandaria Selatan,CURANMOR,18:00-23:59,78,High,74,73,93,80,71,dummy-v1,2025-11-19T18:00+07:00,2025-11-20T00:00+07:00,dummy-v1
RS-00537,2025-11-26,JKS-010,Cilandak,Gandaria Selatan,CURAS,00:00-06:00,73,High,59,78,79,83,74,dummy-v1,2025-11-26T00:00+07:00,2025-11-26T06:00+07:00,dummy-v1
RS-00538,2025-11-26,JKS-010,Cilandak,Gandaria Selatan,CURAT,06:00-12:00,61,Moderate,75,52,60,58,47,dummy-v1,2025-11-26T06:00+07:00,2025-11-26T12:00+07:00,dummy-v1
RS-00539,2025-11-26,JKS-010,Cilandak,Gandaria Selatan,CURAT,12:00-18:00,55,Moderate,72,49,49,50,40,dummy-v1,2025-11-26T12:00+07:00,2025-11-26T18:00+07:00,dummy-v1
RS-00540,2025-11-26,JKS-010,Cilandak,Gandaria Selatan,CURAS,18:00-23:59,42,Low,34,51,54,34,30,dummy-v1,2025-11-26T18:00+07:00,2025-11-27T00:00+07:00,dummy-v1
RS-00541,2025-12-03,JKS-010,Cilandak,Gandaria Selatan,CURAS,00:00-06:00,47,Moderate,59,35,43,44,54,dummy-v1,2025-12-03T00:00+07:00,2025-12-03T06:00+07:00,dummy-v1
RS-00542,2025-12-03,JKS-010,Cilandak,Gandaria Selatan,CURAT,06:00-12:00,54,Moderate,66,60,40,43,49,dummy-v1,2025-12-03T06:00+07:00,2025-12-03T12:00+07:00,dummy-v1
RS-00543,2025-12-03,JKS-010,Cilandak,Gandaria Selatan,CURAT,12:00-18:00,65,Moderate,62,78,69,52,52,dummy-v1,2025-12-03T12:00+07:00,2025-12-03T18:00+07:00,dummy-v1
RS-00544,2025-12-03,JKS-010,Cilandak,Gandaria Selatan,CURAT,18:00-23:59,50,Moderate,55,43,46,59,48,dummy-v1,2025-12-03T18:00+07:00,2025-12-04T00:00+07:00,dummy-v1
RS-00545,2025-12-10,JKS-010,Cilandak,Gandaria Selatan,CURAT,00:00-06:00,38,Low,51,33,39,24,31,dummy-v1,2025-12-10T00:00+07:00,2025-12-10T06:00+07:00,dummy-v1
RS-00546,2025-12-10,JKS-010,Cilandak,Gandaria Selatan,CURAT,06:00-12:00,55,Moderate,65,45,40,69,59,dummy-v1,2025-12-10T06:00+07:00,2025-12-10T12:00+07:00,dummy-v1
RS-00547,2025-12-10,JKS-010,Cilandak,Gandaria Selatan,CURAS,12:00-18:00,46,Moderate,55,40,40,54,35,dummy-v1,2025-12-10T12:00+07:00,2025-12-10T18:00+07:00,dummy-v1
RS-00548,2025-12-10,JKS-010,Cilandak,Gandaria Selatan,CURAT,18:00-23:59,60,Moderate,52,56,72,66,60,dummy-v1,2025-12-10T18:00+07:00,2025-12-11T00:00+07:00,dummy-v1
RS-00549,2025-12-17,JKS-010,Cilandak,Gandaria Selatan,CURAS,00:00-06:00,26,Low,18,39,36,11,21,dummy-v1,2025-12-17T00:00+07:00,2025-12-17T06:00+07:00,dummy-v1
RS-00550,2025-12-17,JKS-010,Cilandak,Gandaria Selatan,CURANMOR,06:00-12:00,27,Low,43,14,25,25,18,dummy-v1,2025-12-17T06:00+07:00,2025-12-17T12:00+07:00,dummy-v1
RS-00551,2025-12-17,JKS-010,Cilandak,Gandaria Selatan,CURAS,12:00-18:00,33,Low,33,43,22,26,42,dummy-v1,2025-12-17T12:00+07:00,2025-12-17T18:00+07:00,dummy-v1
RS-00552,2025-12-17,JKS-010,Cilandak,Gandaria Selatan,CURAT,18:00-23:59,49,Moderate,45,50,38,61,62,dummy-v1,2025-12-17T18:00+07:00,2025-12-18T00:00+07:00,dummy-v1
RS-00553,2025-12-24,JKS-010,Cilandak,Gandaria Selatan,CURAT,00:00-06:00,55,Moderate,54,59,55,60,40,dummy-v1,2025-12-24T00:00+07:00,2025-12-24T06:00+07:00,dummy-v1
RS-00554,2025-12-24,JKS-010,Cilandak,Gandaria Selatan,CURAT,06:00-12:00,52,Moderate,44,60,63,40,52,dummy-v1,2025-12-24T06:00+07:00,2025-12-24T12:00+07:00,dummy-v1
RS-00555,2025-12-24,JKS-010,Cilandak,Gandaria Selatan,CURAS,12:00-18:00,26,Low,40,13,27,15,31,dummy-v1,2025-12-24T12:00+07:00,2025-12-24T18:00+07:00,dummy-v1
RS-00556,2025-12-24,JKS-010,Cilandak,Gandaria Selatan,CURAS,18:00-23:59,62,Moderate,83,50,48,55,68,dummy-v1,2025-12-24T18:00+07:00,2025-12-25T00:00+07:00,dummy-v1
RS-00557,2025-12-31,JKS-010,Cilandak,Gandaria Selatan,CURAS,00:00-06:00,30,Low,39,19,36,25,26,dummy-v1,2025-12-31T00:00+07:00,2025-12-31T06:00+07:00,dummy-v1
RS-00558,2025-12-31,JKS-010,Cilandak,Gandaria Selatan,CURAT,06:00-12:00,29,Low,42,32,19,15,25,dummy-v1,2025-12-31T06:00+07:00,2025-12-31T12:00+07:00,dummy-v1
RS-00559,2025-12-31,JKS-010,Cilandak,Gandaria Selatan,CURAT,12:00-18:00,54,Moderate,53,54,58,45,61,dummy-v1,2025-12-31T12:00+07:00,2025-12-31T18:00+07:00,dummy-v1
RS-00560,2025-12-31,JKS-010,Cilandak,Gandaria Selatan,CURAS,18:00-23:59,78,High,90,66,70,88,73,dummy-v1,2025-12-31T18:00+07:00,2026-01-01T00:00+07:00,dummy-v1
RS-00561,2025-10-01,JKS-011,Cilandak,Lebak Bulus,CURAT,00:00-06:00,66,Moderate,65,71,65,70,51,dummy-v1,2025-10-01T00:00+07:00,2025-10-01T06:00+07:00,dummy-v1
RS-00562,2025-10-01,JKS-011,Cilandak,Lebak Bulus,CURAT,06:00-12:00,40,Low,50,25,35,47,48,dummy-v1,2025-10-01T06:00+07:00,2025-10-01T12:00+07:00,dummy-v1
RS-00563,2025-10-01,JKS-011,Cilandak,Lebak Bulus,CURAS,12:00-18:00,47,Moderate,42,58,55,36,36,dummy-v1,2025-10-01T12:00+07:00,2025-10-01T18:00+07:00,dummy-v1
RS-00564,2025-10-01,JKS-011,Cilandak,Lebak Bulus,CURAS,18:00-23:59,84,High,87,89,70,97,72,dummy-v1,2025-10-01T18:00+07:00,2025-10-02T00:00+07:00,dummy-v1
RS-00565,2025-10-08,JKS-011,Cilandak,Lebak Bulus,CURANMOR,00:00-06:00,46,Moderate,61,34,34,44,59,dummy-v1,2025-10-08T00:00+07:00,2025-10-08T06:00+07:00,dummy-v1
RS-00566,2025-10-08,JKS-011,Cilandak,Lebak Bulus,CURAS,06:00-12:00,39,Low,34,46,53,26,28,dummy-v1,2025-10-08T06:00+07:00,2025-10-08T12:00+07:00,dummy-v1
RS-00567,2025-10-08,JKS-011,Cilandak,Lebak Bulus,CURANMOR,12:00-18:00,58,Moderate,73,52,44,51,67,dummy-v1,2025-10-08T12:00+07:00,2025-10-08T18:00+07:00,dummy-v1
RS-00568,2025-10-08,JKS-011,Cilandak,Lebak Bulus,CURANMOR,18:00-23:59,36,Low,44,45,22,21,39,dummy-v1,2025-10-08T18:00+07:00,2025-10-09T00:00+07:00,dummy-v1
RS-00569,2025-10-15,JKS-011,Cilandak,Lebak Bulus,CURAT,00:00-06:00,38,Low,37,29,47,48,31,dummy-v1,2025-10-15T00:00+07:00,2025-10-15T06:00+07:00,dummy-v1
RS-00570,2025-10-15,JKS-011,Cilandak,Lebak Bulus,CURAT,06:00-12:00,57,Moderate,50,66,66,51,47,dummy-v1,2025-10-15T06:00+07:00,2025-10-15T12:00+07:00,dummy-v1
RS-00571,2025-10-15,JKS-011,Cilandak,Lebak Bulus,CURAT,12:00-18:00,54,Moderate,72,40,54,42,53,dummy-v1,2025-10-15T12:00+07:00,2025-10-15T18:00+07:00,dummy-v1
RS-00572,2025-10-15,JKS-011,Cilandak,Lebak Bulus,CURAS,18:00-23:59,86,Critical,98,76,78,81,99,dummy-v1,2025-10-15T18:00+07:00,2025-10-16T00:00+07:00,dummy-v1
RS-00573,2025-10-22,JKS-011,Cilandak,Lebak Bulus,CURAS,00:00-06:00,38,Low,41,41,41,28,30,dummy-v1,2025-10-22T00:00+07:00,2025-10-22T06:00+07:00,dummy-v1
RS-00574,2025-10-22,JKS-011,Cilandak,Lebak Bulus,CURANMOR,06:00-12:00,73,High,66,69,83,85,66,dummy-v1,2025-10-22T06:00+07:00,2025-10-22T12:00+07:00,dummy-v1
RS-00575,2025-10-22,JKS-011,Cilandak,Lebak Bulus,CURAT,12:00-18:00,53,Moderate,43,64,65,40,51,dummy-v1,2025-10-22T12:00+07:00,2025-10-22T18:00+07:00,dummy-v1
RS-00576,2025-10-22,JKS-011,Cilandak,Lebak Bulus,CURAT,18:00-23:59,74,High,69,71,75,81,83,dummy-v1,2025-10-22T18:00+07:00,2025-10-23T00:00+07:00,dummy-v1
RS-00577,2025-10-29,JKS-011,Cilandak,Lebak Bulus,CURANMOR,00:00-06:00,56,Moderate,51,69,43,55,67,dummy-v1,2025-10-29T00:00+07:00,2025-10-29T06:00+07:00,dummy-v1
RS-00578,2025-10-29,JKS-011,Cilandak,Lebak Bulus,CURAT,06:00-12:00,29,Low,17,33,29,37,44,dummy-v1,2025-10-29T06:00+07:00,2025-10-29T12:00+07:00,dummy-v1
RS-00579,2025-10-29,JKS-011,Cilandak,Lebak Bulus,CURAS,12:00-18:00,68,Moderate,50,81,73,77,65,dummy-v1,2025-10-29T12:00+07:00,2025-10-29T18:00+07:00,dummy-v1
RS-00580,2025-10-29,JKS-011,Cilandak,Lebak Bulus,CURAS,18:00-23:59,41,Low,43,53,31,26,47,dummy-v1,2025-10-29T18:00+07:00,2025-10-30T00:00+07:00,dummy-v1
RS-00581,2025-11-05,JKS-011,Cilandak,Lebak Bulus,CURAS,00:00-06:00,52,Moderate,46,62,46,47,65,dummy-v1,2025-11-05T00:00+07:00,2025-11-05T06:00+07:00,dummy-v1
RS-00582,2025-11-05,JKS-011,Cilandak,Lebak Bulus,CURANMOR,06:00-12:00,47,Moderate,55,47,35,52,41,dummy-v1,2025-11-05T06:00+07:00,2025-11-05T12:00+07:00,dummy-v1
RS-00583,2025-11-05,JKS-011,Cilandak,Lebak Bulus,CURAS,12:00-18:00,72,High,84,76,60,60,67,dummy-v1,2025-11-05T12:00+07:00,2025-11-05T18:00+07:00,dummy-v1
RS-00584,2025-11-05,JKS-011,Cilandak,Lebak Bulus,CURANMOR,18:00-23:59,72,High,91,59,58,83,60,dummy-v1,2025-11-05T18:00+07:00,2025-11-06T00:00+07:00,dummy-v1
RS-00585,2025-11-12,JKS-011,Cilandak,Lebak Bulus,CURAS,00:00-06:00,30,Low,23,32,38,21,44,dummy-v1,2025-11-12T00:00+07:00,2025-11-12T06:00+07:00,dummy-v1
RS-00586,2025-11-12,JKS-011,Cilandak,Lebak Bulus,CURAS,06:00-12:00,58,Moderate,53,45,67,70,71,dummy-v1,2025-11-12T06:00+07:00,2025-11-12T12:00+07:00,dummy-v1
RS-00587,2025-11-12,JKS-011,Cilandak,Lebak Bulus,CURAT,12:00-18:00,63,Moderate,78,56,52,58,64,dummy-v1,2025-11-12T12:00+07:00,2025-11-12T18:00+07:00,dummy-v1
RS-00588,2025-11-12,JKS-011,Cilandak,Lebak Bulus,CURANMOR,18:00-23:59,84,High,78,92,79,82,95,dummy-v1,2025-11-12T18:00+07:00,2025-11-13T00:00+07:00,dummy-v1
RS-00589,2025-11-19,JKS-011,Cilandak,Lebak Bulus,CURAS,00:00-06:00,65,Moderate,55,78,71,52,69,dummy-v1,2025-11-19T00:00+07:00,2025-11-19T06:00+07:00,dummy-v1
RS-00590,2025-11-19,JKS-011,Cilandak,Lebak Bulus,CURAS,06:00-12:00,49,Moderate,54,38,50,52,56,dummy-v1,2025-11-19T06:00+07:00,2025-11-19T12:00+07:00,dummy-v1
RS-00591,2025-11-19,JKS-011,Cilandak,Lebak Bulus,CURAT,12:00-18:00,59,Moderate,63,51,56,74,51,dummy-v1,2025-11-19T12:00+07:00,2025-11-19T18:00+07:00,dummy-v1
RS-00592,2025-11-19,JKS-011,Cilandak,Lebak Bulus,CURAT,18:00-23:59,85,Critical,82,89,91,77,84,dummy-v1,2025-11-19T18:00+07:00,2025-11-20T00:00+07:00,dummy-v1
RS-00593,2025-11-26,JKS-011,Cilandak,Lebak Bulus,CURAT,00:00-06:00,66,Moderate,59,69,70,64,75,dummy-v1,2025-11-26T00:00+07:00,2025-11-26T06:00+07:00,dummy-v1
RS-00594,2025-11-26,JKS-011,Cilandak,Lebak Bulus,CURAS,06:00-12:00,47,Moderate,43,48,42,60,47,dummy-v1,2025-11-26T06:00+07:00,2025-11-26T12:00+07:00,dummy-v1
RS-00595,2025-11-26,JKS-011,Cilandak,Lebak Bulus,CURAT,12:00-18:00,57,Moderate,69,61,45,47,49,dummy-v1,2025-11-26T12:00+07:00,2025-11-26T18:00+07:00,dummy-v1
RS-00596,2025-11-26,JKS-011,Cilandak,Lebak Bulus,CURANMOR,18:00-23:59,42,Low,38,38,40,55,49,dummy-v1,2025-11-26T18:00+07:00,2025-11-27T00:00+07:00,dummy-v1
RS-00597,2025-12-03,JKS-011,Cilandak,Lebak Bulus,CURAT,00:00-06:00,65,Moderate,74,69,54,51,72,dummy-v1,2025-12-03T00:00+07:00,2025-12-03T06:00+07:00,dummy-v1
RS-00598,2025-12-03,JKS-011,Cilandak,Lebak Bulus,CURAT,06:00-12:00,41,Low,48,45,36,30,38,dummy-v1,2025-12-03T06:00+07:00,2025-12-03T12:00+07:00,dummy-v1
RS-00599,2025-12-03,JKS-011,Cilandak,Lebak Bulus,CURAT,12:00-18:00,63,Moderate,58,58,72,61,76,dummy-v1,2025-12-03T12:00+07:00,2025-12-03T18:00+07:00,dummy-v1
RS-00600,2025-12-03,JKS-011,Cilandak,Lebak Bulus,CURAS,18:00-23:59,60,Moderate,59,51,61,67,74,dummy-v1,2025-12-03T18:00+07:00,2025-12-04T00:00+07:00,dummy-v1
RS-00601,2025-12-10,JKS-011,Cilandak,Lebak Bulus,CURAS,00:00-06:00,31,Low,46,31,21,16,28,dummy-v1,2025-12-10T00:00+07:00,2025-12-10T06:00+07:00,dummy-v1
RS-00602,2025-12-10,JKS-011,Cilandak,Lebak Bulus,CURANMOR,06:00-12:00,43,Low,20,50,55,55,52,dummy-v1,2025-12-10T06:00+07:00,2025-12-10T12:00+07:00,dummy-v1
RS-00603,2025-12-10,JKS-011,Cilandak,Lebak Bulus,CURAT,12:00-18:00,72,High,52,85,86,65,82,dummy-v1,2025-12-10T12:00+07:00,2025-12-10T18:00+07:00,dummy-v1
RS-00604,2025-12-10,JKS-011,Cilandak,Lebak Bulus,CURAT,18:00-23:59,73,High,74,67,76,73,80,dummy-v1,2025-12-10T18:00+07:00,2025-12-11T00:00+07:00,dummy-v1
RS-00605,2025-12-17,JKS-011,Cilandak,Lebak Bulus,CURAS,00:00-06:00,35,Low,17,47,48,31,40,dummy-v1,2025-12-17T00:00+07:00,2025-12-17T06:00+07:00,dummy-v1
RS-00606,2025-12-17,JKS-011,Cilandak,Lebak Bulus,CURAT,06:00-12:00,36,Low,38,48,23,32,31,dummy-v1,2025-12-17T06:00+07:00,2025-12-17T12:00+07:00,dummy-v1
RS-00607,2025-12-17,JKS-011,Cilandak,Lebak Bulus,CURAS,12:00-18:00,40,Low,54,31,40,32,32,dummy-v1,2025-12-17T12:00+07:00,2025-12-17T18:00+07:00,dummy-v1
RS-00608,2025-12-17,JKS-011,Cilandak,Lebak Bulus,CURAS,18:00-23:59,81,High,67,86,96,88,70,dummy-v1,2025-12-17T18:00+07:00,2025-12-18T00:00+07:00,dummy-v1
RS-00609,2025-12-24,JKS-011,Cilandak,Lebak Bulus,CURAS,00:00-06:00,26,Low,7,30,39,34,36,dummy-v1,2025-12-24T00:00+07:00,2025-12-24T06:00+07:00,dummy-v1
RS-00610,2025-12-24,JKS-011,Cilandak,Lebak Bulus,CURAT,06:00-12:00,57,Moderate,58,52,59,56,65,dummy-v1,2025-12-24T06:00+07:00,2025-12-24T12:00+07:00,dummy-v1
RS-00611,2025-12-24,JKS-011,Cilandak,Lebak Bulus,CURAS,12:00-18:00,54,Moderate,46,49,59,63,67,dummy-v1,2025-12-24T12:00+07:00,2025-12-24T18:00+07:00,dummy-v1
RS-00612,2025-12-24,JKS-011,Cilandak,Lebak Bulus,CURANMOR,18:00-23:59,55,Moderate,54,52,57,50,70,dummy-v1,2025-12-24T18:00+07:00,2025-12-25T00:00+07:00,dummy-v1
RS-00613,2025-12-31,JKS-011,Cilandak,Lebak Bulus,CURAT,00:00-06:00,29,Low,17,29,36,35,41,dummy-v1,2025-12-31T00:00+07:00,2025-12-31T06:00+07:00,dummy-v1
RS-00614,2025-12-31,JKS-011,Cilandak,Lebak Bulus,CURAS,06:00-12:00,25,Low,34,26,14,22,23,dummy-v1,2025-12-31T06:00+07:00,2025-12-31T12:00+07:00,dummy-v1
RS-00615,2025-12-31,JKS-011,Cilandak,Lebak Bulus,CURAS,12:00-18:00,48,Moderate,64,45,40,36,42,dummy-v1,2025-12-31T12:00+07:00,2025-12-31T18:00+07:00,dummy-v1
RS-00616,2025-12-31,JKS-011,Cilandak,Lebak Bulus,CURANMOR,18:00-23:59,77,High,64,83,75,90,85,dummy-v1,2025-12-31T18:00+07:00,2026-01-01T00:00+07:00,dummy-v1
RS-00617,2025-10-01,JKS-012,Cilandak,Cilandak Barat,CURANMOR,00:00-06:00,29,Low,11,42,33,37,31,dummy-v1,2025-10-01T00:00+07:00,2025-10-01T06:00+07:00,dummy-v1
RS-00618,2025-10-01,JKS-012,Cilandak,Cilandak Barat,CURANMOR,06:00-12:00,64,Moderate,82,59,50,63,53,dummy-v1,2025-10-01T06:00+07:00,2025-10-01T12:00+07:00,dummy-v1
RS-00619,2025-10-01,JKS-012,Cilandak,Cilandak Barat,CURAS,12:00-18:00,33,Low,49,22,20,26,48,dummy-v1,2025-10-01T12:00+07:00,2025-10-01T18:00+07:00,dummy-v1
RS-00620,2025-10-01,JKS-012,Cilandak,Cilandak Barat,CURANMOR,18:00-23:59,40,Low,32,40,51,42,38,dummy-v1,2025-10-01T18:00+07:00,2025-10-02T00:00+07:00,dummy-v1
RS-00621,2025-10-08,JKS-012,Cilandak,Cilandak Barat,CURAT,00:00-06:00,72,High,72,82,60,71,74,dummy-v1,2025-10-08T00:00+07:00,2025-10-08T06:00+07:00,dummy-v1
RS-00622,2025-10-08,JKS-012,Cilandak,Cilandak Barat,CURAS,06:00-12:00,37,Low,55,22,22,51,28,dummy-v1,2025-10-08T06:00+07:00,2025-10-08T12:00+07:00,dummy-v1
RS-00623,2025-10-08,JKS-012,Cilandak,Cilandak Barat,CURANMOR,12:00-18:00,49,Moderate,37,60,59,47,40,dummy-v1,2025-10-08T12:00+07:00,2025-10-08T18:00+07:00,dummy-v1
RS-00624,2025-10-08,JKS-012,Cilandak,Cilandak Barat,CURANMOR,18:00-23:59,42,Low,43,50,28,45,43,dummy-v1,2025-10-08T18:00+07:00,2025-10-09T00:00+07:00,dummy-v1
RS-00625,2025-10-15,JKS-012,Cilandak,Cilandak Barat,CURANMOR,00:00-06:00,69,Moderate,71,62,63,74,84,dummy-v1,2025-10-15T00:00+07:00,2025-10-15T06:00+07:00,dummy-v1
RS-00626,2025-10-15,JKS-012,Cilandak,Cilandak Barat,CURAT,06:00-12:00,42,Low,23,54,55,43,42,dummy-v1,2025-10-15T06:00+07:00,2025-10-15T12:00+07:00,dummy-v1
RS-00627,2025-10-15,JKS-012,Cilandak,Cilandak Barat,CURAS,12:00-18:00,34,Low,28,34,38,42,33,dummy-v1,2025-10-15T12:00+07:00,2025-10-15T18:00+07:00,dummy-v1
RS-00628,2025-10-15,JKS-012,Cilandak,Cilandak Barat,CURAS,18:00-23:59,59,Moderate,60,59,50,66,64,dummy-v1,2025-10-15T18:00+07:00,2025-10-16T00:00+07:00,dummy-v1
RS-00629,2025-10-22,JKS-012,Cilandak,Cilandak Barat,CURAS,00:00-06:00,54,Moderate,59,40,50,66,63,dummy-v1,2025-10-22T00:00+07:00,2025-10-22T06:00+07:00,dummy-v1
RS-00630,2025-10-22,JKS-012,Cilandak,Cilandak Barat,CURAS,06:00-12:00,25,Low,33,10,22,32,33,dummy-v1,2025-10-22T06:00+07:00,2025-10-22T12:00+07:00,dummy-v1
RS-00631,2025-10-22,JKS-012,Cilandak,Cilandak Barat,CURAT,12:00-18:00,61,Moderate,80,48,58,56,51,dummy-v1,2025-10-22T12:00+07:00,2025-10-22T18:00+07:00,dummy-v1
RS-00632,2025-10-22,JKS-012,Cilandak,Cilandak Barat,CURANMOR,18:00-23:59,57,Moderate,56,69,46,45,69,dummy-v1,2025-10-22T18:00+07:00,2025-10-23T00:00+07:00,dummy-v1
RS-00633,2025-10-29,JKS-012,Cilandak,Cilandak Barat,CURAS,00:00-06:00,73,High,71,74,80,70,67,dummy-v1,2025-10-29T00:00+07:00,2025-10-29T06:00+07:00,dummy-v1
RS-00634,2025-10-29,JKS-012,Cilandak,Cilandak Barat,CURAS,06:00-12:00,64,Moderate,72,55,63,70,57,dummy-v1,2025-10-29T06:00+07:00,2025-10-29T12:00+07:00,dummy-v1
RS-00635,2025-10-29,JKS-012,Cilandak,Cilandak Barat,CURANMOR,12:00-18:00,53,Moderate,57,42,48,65,61,dummy-v1,2025-10-29T12:00+07:00,2025-10-29T18:00+07:00,dummy-v1
RS-00636,2025-10-29,JKS-012,Cilandak,Cilandak Barat,CURANMOR,18:00-23:59,62,Moderate,63,61,48,76,70,dummy-v1,2025-10-29T18:00+07:00,2025-10-30T00:00+07:00,dummy-v1
RS-00637,2025-11-05,JKS-012,Cilandak,Cilandak Barat,CURAS,00:00-06:00,61,Moderate,65,67,63,46,54,dummy-v1,2025-11-05T00:00+07:00,2025-11-05T06:00+07:00,dummy-v1
RS-00638,2025-11-05,JKS-012,Cilandak,Cilandak Barat,CURAS,06:00-12:00,64,Moderate,63,50,79,66,68,dummy-v1,2025-11-05T06:00+07:00,2025-11-05T12:00+07:00,dummy-v1
RS-00639,2025-11-05,JKS-012,Cilandak,Cilandak Barat,CURAS,12:00-18:00,33,Low,39,32,30,19,45,dummy-v1,2025-11-05T12:00+07:00,2025-11-05T18:00+07:00,dummy-v1
RS-00640,2025-11-05,JKS-012,Cilandak,Cilandak Barat,CURAT,18:00-23:59,72,High,59,81,77,81,66,dummy-v1,2025-11-05T18:00+07:00,2025-11-06T00:00+07:00,dummy-v1
RS-00641,2025-11-12,JKS-012,Cilandak,Cilandak Barat,CURAT,00:00-06:00,45,Moderate,48,48,47,30,46,dummy-v1,2025-11-12T00:00+07:00,2025-11-12T06:00+07:00,dummy-v1
RS-00642,2025-11-12,JKS-012,Cilandak,Cilandak Barat,CURAS,06:00-12:00,38,Low,44,46,28,27,36,dummy-v1,2025-11-12T06:00+07:00,2025-11-12T12:00+07:00,dummy-v1
RS-00643,2025-11-12,JKS-012,Cilandak,Cilandak Barat,CURAS,12:00-18:00,48,Moderate,37,43,56,60,60,dummy-v1,2025-11-12T12:00+07:00,2025-11-12T18:00+07:00,dummy-v1
RS-00644,2025-11-12,JKS-012,Cilandak,Cilandak Barat,CURAT,18:00-23:59,63,Moderate,54,67,71,62,65,dummy-v1,2025-11-12T18:00+07:00,2025-11-13T00:00+07:00,dummy-v1
RS-00645,2025-11-19,JKS-012,Cilandak,Cilandak Barat,CURAT,00:00-06:00,45,Moderate,21,53,55,59,57,dummy-v1,2025-11-19T00:00+07:00,2025-11-19T06:00+07:00,dummy-v1
RS-00646,2025-11-19,JKS-012,Cilandak,Cilandak Barat,CURAS,06:00-12:00,31,Low,36,16,30,39,45,dummy-v1,2025-11-19T06:00+07:00,2025-11-19T12:00+07:00,dummy-v1
RS-00647,2025-11-19,JKS-012,Cilandak,Cilandak Barat,CURANMOR,12:00-18:00,44,Low,34,40,48,57,58,dummy-v1,2025-11-19T12:00+07:00,2025-11-19T18:00+07:00,dummy-v1
RS-00648,2025-11-19,JKS-012,Cilandak,Cilandak Barat,CURAS,18:00-23:59,69,Moderate,63,56,80,81,78,dummy-v1,2025-11-19T18:00+07:00,2025-11-20T00:00+07:00,dummy-v1
RS-00649,2025-11-26,JKS-012,Cilandak,Cilandak Barat,CURAT,00:00-06:00,71,High,89,60,57,78,62,dummy-v1,2025-11-26T00:00+07:00,2025-11-26T06:00+07:00,dummy-v1
RS-00650,2025-11-26,JKS-012,Cilandak,Cilandak Barat,CURANMOR,06:00-12:00,52,Moderate,39,60,67,42,56,dummy-v1,2025-11-26T06:00+07:00,2025-11-26T12:00+07:00,dummy-v1
RS-00651,2025-11-26,JKS-012,Cilandak,Cilandak Barat,CURANMOR,12:00-18:00,55,Moderate,42,65,52,64,62,dummy-v1,2025-11-26T12:00+07:00,2025-11-26T18:00+07:00,dummy-v1
RS-00652,2025-11-26,JKS-012,Cilandak,Cilandak Barat,CURAT,18:00-23:59,76,High,71,83,78,72,76,dummy-v1,2025-11-26T18:00+07:00,2025-11-27T00:00+07:00,dummy-v1
RS-00653,2025-12-03,JKS-012,Cilandak,Cilandak Barat,CURAT,00:00-06:00,42,Low,32,50,51,40,38,dummy-v1,2025-12-03T00:00+07:00,2025-12-03T06:00+07:00,dummy-v1
RS-00654,2025-12-03,JKS-012,Cilandak,Cilandak Barat,CURAT,06:00-12:00,42,Low,52,36,34,50,30,dummy-v1,2025-12-03T06:00+07:00,2025-12-03T12:00+07:00,dummy-v1
RS-00655,2025-12-03,JKS-012,Cilandak,Cilandak Barat,CURAS,12:00-18:00,50,Moderate,74,38,40,36,49,dummy-v1,2025-12-03T12:00+07:00,2025-12-03T18:00+07:00,dummy-v1
RS-00656,2025-12-03,JKS-012,Cilandak,Cilandak Barat,CURAS,18:00-23:59,42,Low,37,46,41,52,33,dummy-v1,2025-12-03T18:00+07:00,2025-12-04T00:00+07:00,dummy-v1
RS-00657,2025-12-10,JKS-012,Cilandak,Cilandak Barat,CURAT,00:00-06:00,38,Low,42,35,36,31,48,dummy-v1,2025-12-10T00:00+07:00,2025-12-10T06:00+07:00,dummy-v1
RS-00658,2025-12-10,JKS-012,Cilandak,Cilandak Barat,CURAT,06:00-12:00,69,Moderate,75,77,61,56,66,dummy-v1,2025-12-10T06:00+07:00,2025-12-10T12:00+07:00,dummy-v1
RS-00659,2025-12-10,JKS-012,Cilandak,Cilandak Barat,CURANMOR,12:00-18:00,50,Moderate,65,36,53,47,38,dummy-v1,2025-12-10T12:00+07:00,2025-12-10T18:00+07:00,dummy-v1
RS-00660,2025-12-10,JKS-012,Cilandak,Cilandak Barat,CURAT,18:00-23:59,36,Low,41,34,37,26,38,dummy-v1,2025-12-10T18:00+07:00,2025-12-11T00:00+07:00,dummy-v1
RS-00661,2025-12-17,JKS-012,Cilandak,Cilandak Barat,CURAT,00:00-06:00,31,Low,37,23,32,32,29,dummy-v1,2025-12-17T00:00+07:00,2025-12-17T06:00+07:00,dummy-v1
RS-00662,2025-12-17,JKS-012,Cilandak,Cilandak Barat,CURANMOR,06:00-12:00,54,Moderate,56,60,43,61,44,dummy-v1,2025-12-17T06:00+07:00,2025-12-17T12:00+07:00,dummy-v1
RS-00663,2025-12-17,JKS-012,Cilandak,Cilandak Barat,CURAS,12:00-18:00,45,Moderate,46,37,50,47,50,dummy-v1,2025-12-17T12:00+07:00,2025-12-17T18:00+07:00,dummy-v1
RS-00664,2025-12-17,JKS-012,Cilandak,Cilandak Barat,CURAS,18:00-23:59,42,Low,28,53,48,42,44,dummy-v1,2025-12-17T18:00+07:00,2025-12-18T00:00+07:00,dummy-v1
RS-00665,2025-12-24,JKS-012,Cilandak,Cilandak Barat,CURAT,00:00-06:00,46,Moderate,45,58,46,33,40,dummy-v1,2025-12-24T00:00+07:00,2025-12-24T06:00+07:00,dummy-v1
RS-00666,2025-12-24,JKS-012,Cilandak,Cilandak Barat,CURANMOR,06:00-12:00,25,Low,4,35,33,37,29,dummy-v1,2025-12-24T06:00+07:00,2025-12-24T12:00+07:00,dummy-v1
RS-00667,2025-12-24,JKS-012,Cilandak,Cilandak Barat,CURAS,12:00-18:00,28,Low,19,35,37,20,32,dummy-v1,2025-12-24T12:00+07:00,2025-12-24T18:00+07:00,dummy-v1
RS-00668,2025-12-24,JKS-012,Cilandak,Cilandak Barat,CURANMOR,18:00-23:59,74,High,82,72,61,72,83,dummy-v1,2025-12-24T18:00+07:00,2025-12-25T00:00+07:00,dummy-v1
RS-00669,2025-12-31,JKS-012,Cilandak,Cilandak Barat,CURAS,00:00-06:00,46,Moderate,51,49,38,40,48,dummy-v1,2025-12-31T00:00+07:00,2025-12-31T06:00+07:00,dummy-v1
RS-00670,2025-12-31,JKS-012,Cilandak,Cilandak Barat,CURAS,06:00-12:00,52,Moderate,70,37,47,51,46,dummy-v1,2025-12-31T06:00+07:00,2025-12-31T12:00+07:00,dummy-v1
RS-00671,2025-12-31,JKS-012,Cilandak,Cilandak Barat,CURANMOR,12:00-18:00,64,Moderate,67,55,74,49,79,dummy-v1,2025-12-31T12:00+07:00,2025-12-31T18:00+07:00,dummy-v1
RS-00672,2025-12-31,JKS-012,Cilandak,Cilandak Barat,CURANMOR,18:00-23:59,86,Critical,80,86,99,80,86,dummy-v1,2025-12-31T18:00+07:00,2026-01-01T00:00+07:00,dummy-v1
RS-00673,2025-10-01,JKS-013,Pasar Minggu,Pejaten Barat,CURAT,00:00-06:00,55,Moderate,84,41,40,45,47,dummy-v1,2025-10-01T00:00+07:00,2025-10-01T06:00+07:00,dummy-v1
RS-00674,2025-10-01,JKS-013,Pasar Minggu,Pejaten Barat,CURAT,06:00-12:00,74,High,70,64,85,84,74,dummy-v1,2025-10-01T06:00+07:00,2025-10-01T12:00+07:00,dummy-v1
RS-00675,2025-10-01,JKS-013,Pasar Minggu,Pejaten Barat,CURANMOR,12:00-18:00,30,Low,30,31,35,28,21,dummy-v1,2025-10-01T12:00+07:00,2025-10-01T18:00+07:00,dummy-v1
RS-00676,2025-10-01,JKS-013,Pasar Minggu,Pejaten Barat,CURAT,18:00-23:59,66,Moderate,68,66,61,73,60,dummy-v1,2025-10-01T18:00+07:00,2025-10-02T00:00+07:00,dummy-v1
RS-00677,2025-10-08,JKS-013,Pasar Minggu,Pejaten Barat,CURANMOR,00:00-06:00,56,Moderate,68,43,63,43,59,dummy-v1,2025-10-08T00:00+07:00,2025-10-08T06:00+07:00,dummy-v1
RS-00678,2025-10-08,JKS-013,Pasar Minggu,Pejaten Barat,CURANMOR,06:00-12:00,44,Low,44,42,43,41,55,dummy-v1,2025-10-08T06:00+07:00,2025-10-08T12:00+07:00,dummy-v1
RS-00679,2025-10-08,JKS-013,Pasar Minggu,Pejaten Barat,CURANMOR,12:00-18:00,57,Moderate,66,52,44,69,50,dummy-v1,2025-10-08T12:00+07:00,2025-10-08T18:00+07:00,dummy-v1
RS-00680,2025-10-08,JKS-013,Pasar Minggu,Pejaten Barat,CURAT,18:00-23:59,70,High,67,81,56,83,61,dummy-v1,2025-10-08T18:00+07:00,2025-10-09T00:00+07:00,dummy-v1
RS-00681,2025-10-15,JKS-013,Pasar Minggu,Pejaten Barat,CURAT,00:00-06:00,63,Moderate,75,62,52,51,71,dummy-v1,2025-10-15T00:00+07:00,2025-10-15T06:00+07:00,dummy-v1
RS-00682,2025-10-15,JKS-013,Pasar Minggu,Pejaten Barat,CURANMOR,06:00-12:00,52,Moderate,67,38,48,54,48,dummy-v1,2025-10-15T06:00+07:00,2025-10-15T12:00+07:00,dummy-v1
RS-00683,2025-10-15,JKS-013,Pasar Minggu,Pejaten Barat,CURANMOR,12:00-18:00,41,Low,52,27,49,31,43,dummy-v1,2025-10-15T12:00+07:00,2025-10-15T18:00+07:00,dummy-v1
RS-00684,2025-10-15,JKS-013,Pasar Minggu,Pejaten Barat,CURANMOR,18:00-23:59,78,High,80,79,74,74,83,dummy-v1,2025-10-15T18:00+07:00,2025-10-16T00:00+07:00,dummy-v1
RS-00685,2025-10-22,JKS-013,Pasar Minggu,Pejaten Barat,CURANMOR,00:00-06:00,39,Low,44,33,42,40,32,dummy-v1,2025-10-22T00:00+07:00,2025-10-22T06:00+07:00,dummy-v1
RS-00686,2025-10-22,JKS-013,Pasar Minggu,Pejaten Barat,CURANMOR,06:00-12:00,49,Moderate,44,57,52,46,42,dummy-v1,2025-10-22T06:00+07:00,2025-10-22T12:00+07:00,dummy-v1
RS-00687,2025-10-22,JKS-013,Pasar Minggu,Pejaten Barat,CURAS,12:00-18:00,38,Low,36,48,27,40,39,dummy-v1,2025-10-22T12:00+07:00,2025-10-22T18:00+07:00,dummy-v1
RS-00688,2025-10-22,JKS-013,Pasar Minggu,Pejaten Barat,CURAS,18:00-23:59,79,High,80,66,84,88,84,dummy-v1,2025-10-22T18:00+07:00,2025-10-23T00:00+07:00,dummy-v1
RS-00689,2025-10-29,JKS-013,Pasar Minggu,Pejaten Barat,CURANMOR,00:00-06:00,56,Moderate,40,70,49,63,71,dummy-v1,2025-10-29T00:00+07:00,2025-10-29T06:00+07:00,dummy-v1
RS-00690,2025-10-29,JKS-013,Pasar Minggu,Pejaten Barat,CURAT,06:00-12:00,67,Moderate,63,62,69,76,75,dummy-v1,2025-10-29T06:00+07:00,2025-10-29T12:00+07:00,dummy-v1
RS-00691,2025-10-29,JKS-013,Pasar Minggu,Pejaten Barat,CURANMOR,12:00-18:00,38,Low,24,50,44,30,49,dummy-v1,2025-10-29T12:00+07:00,2025-10-29T18:00+07:00,dummy-v1
RS-00692,2025-10-29,JKS-013,Pasar Minggu,Pejaten Barat,CURAT,18:00-23:59,76,High,88,72,62,79,73,dummy-v1,2025-10-29T18:00+07:00,2025-10-30T00:00+07:00,dummy-v1
RS-00693,2025-11-05,JKS-013,Pasar Minggu,Pejaten Barat,CURAT,00:00-06:00,70,High,70,55,81,80,70,dummy-v1,2025-11-05T00:00+07:00,2025-11-05T06:00+07:00,dummy-v1
RS-00694,2025-11-05,JKS-013,Pasar Minggu,Pejaten Barat,CURAS,06:00-12:00,47,Moderate,40,61,47,39,46,dummy-v1,2025-11-05T06:00+07:00,2025-11-05T12:00+07:00,dummy-v1
RS-00695,2025-11-05,JKS-013,Pasar Minggu,Pejaten Barat,CURANMOR,12:00-18:00,56,Moderate,66,51,61,48,41,dummy-v1,2025-11-05T12:00+07:00,2025-11-05T18:00+07:00,dummy-v1
RS-00696,2025-11-05,JKS-013,Pasar Minggu,Pejaten Barat,CURAS,18:00-23:59,87,Critical,80,98,82,95,77,dummy-v1,2025-11-05T18:00+07:00,2025-11-06T00:00+07:00,dummy-v1
RS-00697,2025-11-12,JKS-013,Pasar Minggu,Pejaten Barat,CURANMOR,00:00-06:00,65,Moderate,48,80,79,59,58,dummy-v1,2025-11-12T00:00+07:00,2025-11-12T06:00+07:00,dummy-v1
RS-00698,2025-11-12,JKS-013,Pasar Minggu,Pejaten Barat,CURANMOR,06:00-12:00,69,Moderate,60,73,68,72,84,dummy-v1,2025-11-12T06:00+07:00,2025-11-12T12:00+07:00,dummy-v1
RS-00699,2025-11-12,JKS-013,Pasar Minggu,Pejaten Barat,CURAS,12:00-18:00,49,Moderate,57,38,46,64,36,dummy-v1,2025-11-12T12:00+07:00,2025-11-12T18:00+07:00,dummy-v1
RS-00700,2025-11-12,JKS-013,Pasar Minggu,Pejaten Barat,CURAT,18:00-23:59,62,Moderate,55,73,69,50,60,dummy-v1,2025-11-12T18:00+07:00,2025-11-13T00:00+07:00,dummy-v1
RS-00701,2025-11-19,JKS-013,Pasar Minggu,Pejaten Barat,CURAS,00:00-06:00,27,Low,44,12,13,32,34,dummy-v1,2025-11-19T00:00+07:00,2025-11-19T06:00+07:00,dummy-v1
RS-00702,2025-11-19,JKS-013,Pasar Minggu,Pejaten Barat,CURAS,06:00-12:00,62,Moderate,63,56,70,53,72,dummy-v1,2025-11-19T06:00+07:00,2025-11-19T12:00+07:00,dummy-v1
RS-00703,2025-11-19,JKS-013,Pasar Minggu,Pejaten Barat,CURAT,12:00-18:00,26,Low,30,25,37,15,11,dummy-v1,2025-11-19T12:00+07:00,2025-11-19T18:00+07:00,dummy-v1
RS-00704,2025-11-19,JKS-013,Pasar Minggu,Pejaten Barat,CURANMOR,18:00-23:59,67,Moderate,49,82,69,81,57,dummy-v1,2025-11-19T18:00+07:00,2025-11-20T00:00+07:00,dummy-v1
RS-00705,2025-11-26,JKS-013,Pasar Minggu,Pejaten Barat,CURANMOR,00:00-06:00,62,Moderate,60,70,58,55,66,dummy-v1,2025-11-26T00:00+07:00,2025-11-26T06:00+07:00,dummy-v1
RS-00706,2025-11-26,JKS-013,Pasar Minggu,Pejaten Barat,CURAT,06:00-12:00,58,Moderate,61,51,70,56,44,dummy-v1,2025-11-26T06:00+07:00,2025-11-26T12:00+07:00,dummy-v1
RS-00707,2025-11-26,JKS-013,Pasar Minggu,Pejaten Barat,CURAS,12:00-18:00,30,Low,18,33,41,40,20,dummy-v1,2025-11-26T12:00+07:00,2025-11-26T18:00+07:00,dummy-v1
RS-00708,2025-11-26,JKS-013,Pasar Minggu,Pejaten Barat,CURAT,18:00-23:59,44,Low,45,49,29,50,49,dummy-v1,2025-11-26T18:00+07:00,2025-11-27T00:00+07:00,dummy-v1
RS-00709,2025-12-03,JKS-013,Pasar Minggu,Pejaten Barat,CURANMOR,00:00-06:00,48,Moderate,70,37,38,44,37,dummy-v1,2025-12-03T00:00+07:00,2025-12-03T06:00+07:00,dummy-v1
RS-00710,2025-12-03,JKS-013,Pasar Minggu,Pejaten Barat,CURANMOR,06:00-12:00,70,High,65,67,84,73,60,dummy-v1,2025-12-03T06:00+07:00,2025-12-03T12:00+07:00,dummy-v1
RS-00711,2025-12-03,JKS-013,Pasar Minggu,Pejaten Barat,CURAT,12:00-18:00,49,Moderate,60,46,34,54,47,dummy-v1,2025-12-03T12:00+07:00,2025-12-03T18:00+07:00,dummy-v1
RS-00712,2025-12-03,JKS-013,Pasar Minggu,Pejaten Barat,CURAT,18:00-23:59,81,High,67,95,80,87,82,dummy-v1,2025-12-03T18:00+07:00,2025-12-04T00:00+07:00,dummy-v1
RS-00713,2025-12-10,JKS-013,Pasar Minggu,Pejaten Barat,CURAS,00:00-06:00,58,Moderate,69,50,46,61,64,dummy-v1,2025-12-10T00:00+07:00,2025-12-10T06:00+07:00,dummy-v1
RS-00714,2025-12-10,JKS-013,Pasar Minggu,Pejaten Barat,CURAS,06:00-12:00,61,Moderate,40,74,75,66,57,dummy-v1,2025-12-10T06:00+07:00,2025-12-10T12:00+07:00,dummy-v1
RS-00715,2025-12-10,JKS-013,Pasar Minggu,Pejaten Barat,CURAS,12:00-18:00,26,Low,29,13,34,26,33,dummy-v1,2025-12-10T12:00+07:00,2025-12-10T18:00+07:00,dummy-v1
RS-00716,2025-12-10,JKS-013,Pasar Minggu,Pejaten Barat,CURANMOR,18:00-23:59,71,High,87,61,76,58,58,dummy-v1,2025-12-10T18:00+07:00,2025-12-11T00:00+07:00,dummy-v1
RS-00717,2025-12-17,JKS-013,Pasar Minggu,Pejaten Barat,CURAT,00:00-06:00,38,Low,30,39,33,51,49,dummy-v1,2025-12-17T00:00+07:00,2025-12-17T06:00+07:00,dummy-v1
RS-00718,2025-12-17,JKS-013,Pasar Minggu,Pejaten Barat,CURAS,06:00-12:00,28,Low,36,21,25,30,23,dummy-v1,2025-12-17T06:00+07:00,2025-12-17T12:00+07:00,dummy-v1
RS-00719,2025-12-17,JKS-013,Pasar Minggu,Pejaten Barat,CURAS,12:00-18:00,49,Moderate,64,37,35,53,55,dummy-v1,2025-12-17T12:00+07:00,2025-12-17T18:00+07:00,dummy-v1
RS-00720,2025-12-17,JKS-013,Pasar Minggu,Pejaten Barat,CURAT,18:00-23:59,50,Moderate,61,50,35,39,65,dummy-v1,2025-12-17T18:00+07:00,2025-12-18T00:00+07:00,dummy-v1
RS-00721,2025-12-24,JKS-013,Pasar Minggu,Pejaten Barat,CURAT,00:00-06:00,47,Moderate,54,44,41,43,52,dummy-v1,2025-12-24T00:00+07:00,2025-12-24T06:00+07:00,dummy-v1
RS-00722,2025-12-24,JKS-013,Pasar Minggu,Pejaten Barat,CURANMOR,06:00-12:00,38,Low,54,24,46,24,31,dummy-v1,2025-12-24T06:00+07:00,2025-12-24T12:00+07:00,dummy-v1
RS-00723,2025-12-24,JKS-013,Pasar Minggu,Pejaten Barat,CURAT,12:00-18:00,28,Low,22,19,43,40,21,dummy-v1,2025-12-24T12:00+07:00,2025-12-24T18:00+07:00,dummy-v1
RS-00724,2025-12-24,JKS-013,Pasar Minggu,Pejaten Barat,CURANMOR,18:00-23:59,74,High,77,72,84,63,67,dummy-v1,2025-12-24T18:00+07:00,2025-12-25T00:00+07:00,dummy-v1
RS-00725,2025-12-31,JKS-013,Pasar Minggu,Pejaten Barat,CURAT,00:00-06:00,58,Moderate,50,69,53,54,71,dummy-v1,2025-12-31T00:00+07:00,2025-12-31T06:00+07:00,dummy-v1
RS-00726,2025-12-31,JKS-013,Pasar Minggu,Pejaten Barat,CURAT,06:00-12:00,42,Low,36,56,38,34,44,dummy-v1,2025-12-31T06:00+07:00,2025-12-31T12:00+07:00,dummy-v1
RS-00727,2025-12-31,JKS-013,Pasar Minggu,Pejaten Barat,CURAT,12:00-18:00,43,Low,45,36,53,28,57,dummy-v1,2025-12-31T12:00+07:00,2025-12-31T18:00+07:00,dummy-v1
RS-00728,2025-12-31,JKS-013,Pasar Minggu,Pejaten Barat,CURAS,18:00-23:59,48,Moderate,58,41,40,59,36,dummy-v1,2025-12-31T18:00+07:00,2026-01-01T00:00+07:00,dummy-v1
RS-00729,2025-10-01,JKS-014,Pasar Minggu,Pejaten Timur,CURAT,00:00-06:00,32,Low,27,31,33,39,36,dummy-v1,2025-10-01T00:00+07:00,2025-10-01T06:00+07:00,dummy-v1
RS-00730,2025-10-01,JKS-014,Pasar Minggu,Pejaten Timur,CURAS,06:00-12:00,66,Moderate,64,56,72,79,66,dummy-v1,2025-10-01T06:00+07:00,2025-10-01T12:00+07:00,dummy-v1
RS-00731,2025-10-01,JKS-014,Pasar Minggu,Pejaten Timur,CURANMOR,12:00-18:00,50,Moderate,72,43,39,41,38,dummy-v1,2025-10-01T12:00+07:00,2025-10-01T18:00+07:00,dummy-v1
RS-00732,2025-10-01,JKS-014,Pasar Minggu,Pejaten Timur,CURAS,18:00-23:59,57,Moderate,74,55,43,55,42,dummy-v1,2025-10-01T18:00+07:00,2025-10-02T00:00+07:00,dummy-v1
RS-00733,2025-10-08,JKS-014,Pasar Minggu,Pejaten Timur,CURAT,00:00-06:00,33,Low,22,43,27,44,36,dummy-v1,2025-10-08T00:00+07:00,2025-10-08T06:00+07:00,dummy-v1
RS-00734,2025-10-08,JKS-014,Pasar Minggu,Pejaten Timur,CURAS,06:00-12:00,40,Low,33,54,29,37,54,dummy-v1,2025-10-08T06:00+07:00,2025-10-08T12:00+07:00,dummy-v1
RS-00735,2025-10-08,JKS-014,Pasar Minggu,Pejaten Timur,CURAS,12:00-18:00,32,Low,35,33,18,37,41,dummy-v1,2025-10-08T12:00+07:00,2025-10-08T18:00+07:00,dummy-v1
RS-00736,2025-10-08,JKS-014,Pasar Minggu,Pejaten Timur,CURAT,18:00-23:59,52,Moderate,52,56,41,51,65,dummy-v1,2025-10-08T18:00+07:00,2025-10-09T00:00+07:00,dummy-v1
RS-00737,2025-10-15,JKS-014,Pasar Minggu,Pejaten Timur,CURAS,00:00-06:00,30,Low,24,19,44,37,36,dummy-v1,2025-10-15T00:00+07:00,2025-10-15T06:00+07:00,dummy-v1
RS-00738,2025-10-15,JKS-014,Pasar Minggu,Pejaten Timur,CURAS,06:00-12:00,38,Low,26,41,53,29,49,dummy-v1,2025-10-15T06:00+07:00,2025-10-15T12:00+07:00,dummy-v1
RS-00739,2025-10-15,JKS-014,Pasar Minggu,Pejaten Timur,CURAS,12:00-18:00,56,Moderate,32,64,69,71,60,dummy-v1,2025-10-15T12:00+07:00,2025-10-15T18:00+07:00,dummy-v1
RS-00740,2025-10-15,JKS-014,Pasar Minggu,Pejaten Timur,CURAT,18:00-23:59,59,Moderate,73,61,45,45,61,dummy-v1,2025-10-15T18:00+07:00,2025-10-16T00:00+07:00,dummy-v1
RS-00741,2025-10-22,JKS-014,Pasar Minggu,Pejaten Timur,CURANMOR,00:00-06:00,39,Low,46,46,24,31,42,dummy-v1,2025-10-22T00:00+07:00,2025-10-22T06:00+07:00,dummy-v1
RS-00742,2025-10-22,JKS-014,Pasar Minggu,Pejaten Timur,CURAS,06:00-12:00,38,Low,48,33,44,23,31,dummy-v1,2025-10-22T06:00+07:00,2025-10-22T12:00+07:00,dummy-v1
RS-00743,2025-10-22,JKS-014,Pasar Minggu,Pejaten Timur,CURAS,12:00-18:00,53,Moderate,56,54,51,52,48,dummy-v1,2025-10-22T12:00+07:00,2025-10-22T18:00+07:00,dummy-v1
RS-00744,2025-10-22,JKS-014,Pasar Minggu,Pejaten Timur,CURAT,18:00-23:59,51,Moderate,55,51,39,56,56,dummy-v1,2025-10-22T18:00+07:00,2025-10-23T00:00+07:00,dummy-v1
RS-00745,2025-10-29,JKS-014,Pasar Minggu,Pejaten Timur,CURAS,00:00-06:00,39,Low,42,33,38,51,30,dummy-v1,2025-10-29T00:00+07:00,2025-10-29T06:00+07:00,dummy-v1
RS-00746,2025-10-29,JKS-014,Pasar Minggu,Pejaten Timur,CURAS,06:00-12:00,62,Moderate,56,51,73,72,70,dummy-v1,2025-10-29T06:00+07:00,2025-10-29T12:00+07:00,dummy-v1
RS-00747,2025-10-29,JKS-014,Pasar Minggu,Pejaten Timur,CURAT,12:00-18:00,65,Moderate,82,52,53,67,67,dummy-v1,2025-10-29T12:00+07:00,2025-10-29T18:00+07:00,dummy-v1
RS-00748,2025-10-29,JKS-014,Pasar Minggu,Pejaten Timur,CURANMOR,18:00-23:59,44,Low,58,43,30,40,38,dummy-v1,2025-10-29T18:00+07:00,2025-10-30T00:00+07:00,dummy-v1
RS-00749,2025-11-05,JKS-014,Pasar Minggu,Pejaten Timur,CURAT,00:00-06:00,33,Low,52,23,32,18,27,dummy-v1,2025-11-05T00:00+07:00,2025-11-05T06:00+07:00,dummy-v1
RS-00750,2025-11-05,JKS-014,Pasar Minggu,Pejaten Timur,CURANMOR,06:00-12:00,41,Low,46,41,50,27,29,dummy-v1,2025-11-05T06:00+07:00,2025-11-05T12:00+07:00,dummy-v1
RS-00751,2025-11-05,JKS-014,Pasar Minggu,Pejaten Timur,CURAT,12:00-18:00,56,Moderate,61,42,61,53,71,dummy-v1,2025-11-05T12:00+07:00,2025-11-05T18:00+07:00,dummy-v1
RS-00752,2025-11-05,JKS-014,Pasar Minggu,Pejaten Timur,CURAT,18:00-23:59,59,Moderate,42,62,66,74,65,dummy-v1,2025-11-05T18:00+07:00,2025-11-06T00:00+07:00,dummy-v1
RS-00753,2025-11-12,JKS-014,Pasar Minggu,Pejaten Timur,CURAT,00:00-06:00,42,Low,41,52,33,41,39,dummy-v1,2025-11-12T00:00+07:00,2025-11-12T06:00+07:00,dummy-v1
RS-00754,2025-11-12,JKS-014,Pasar Minggu,Pejaten Timur,CURAS,06:00-12:00,33,Low,9,47,40,40,47,dummy-v1,2025-11-12T06:00+07:00,2025-11-12T12:00+07:00,dummy-v1
RS-00755,2025-11-12,JKS-014,Pasar Minggu,Pejaten Timur,CURAS,12:00-18:00,68,Moderate,69,63,67,76,67,dummy-v1,2025-11-12T12:00+07:00,2025-11-12T18:00+07:00,dummy-v1
RS-00756,2025-11-12,JKS-014,Pasar Minggu,Pejaten Timur,CURAT,18:00-23:59,47,Moderate,62,42,39,42,39,dummy-v1,2025-11-12T18:00+07:00,2025-11-13T00:00+07:00,dummy-v1
RS-00757,2025-11-19,JKS-014,Pasar Minggu,Pejaten Timur,CURAS,00:00-06:00,31,Low,38,27,21,46,19,dummy-v1,2025-11-19T00:00+07:00,2025-11-19T06:00+07:00,dummy-v1
RS-00758,2025-11-19,JKS-014,Pasar Minggu,Pejaten Timur,CURAT,06:00-12:00,44,Low,33,54,59,35,36,dummy-v1,2025-11-19T06:00+07:00,2025-11-19T12:00+07:00,dummy-v1
RS-00759,2025-11-19,JKS-014,Pasar Minggu,Pejaten Timur,CURANMOR,12:00-18:00,53,Moderate,58,45,63,39,60,dummy-v1,2025-11-19T12:00+07:00,2025-11-19T18:00+07:00,dummy-v1
RS-00760,2025-11-19,JKS-014,Pasar Minggu,Pejaten Timur,CURANMOR,18:00-23:59,79,High,85,65,77,94,76,dummy-v1,2025-11-19T18:00+07:00,2025-11-20T00:00+07:00,dummy-v1
RS-00761,2025-11-26,JKS-014,Pasar Minggu,Pejaten Timur,CURANMOR,00:00-06:00,63,Moderate,48,78,62,64,70,dummy-v1,2025-11-26T00:00+07:00,2025-11-26T06:00+07:00,dummy-v1
RS-00762,2025-11-26,JKS-014,Pasar Minggu,Pejaten Timur,CURAS,06:00-12:00,74,High,95,59,77,62,60,dummy-v1,2025-11-26T06:00+07:00,2025-11-26T12:00+07:00,dummy-v1
RS-00763,2025-11-26,JKS-014,Pasar Minggu,Pejaten Timur,CURAS,12:00-18:00,52,Moderate,59,50,37,58,57,dummy-v1,2025-11-26T12:00+07:00,2025-11-26T18:00+07:00,dummy-v1
RS-00764,2025-11-26,JKS-014,Pasar Minggu,Pejaten Timur,CURAS,18:00-23:59,61,Moderate,52,76,55,56,70,dummy-v1,2025-11-26T18:00+07:00,2025-11-27T00:00+07:00,dummy-v1
RS-00765,2025-12-03,JKS-014,Pasar Minggu,Pejaten Timur,CURAS,00:00-06:00,55,Moderate,68,50,43,48,64,dummy-v1,2025-12-03T00:00+07:00,2025-12-03T06:00+07:00,dummy-v1
RS-00766,2025-12-03,JKS-014,Pasar Minggu,Pejaten Timur,CURAT,06:00-12:00,60,Moderate,38,75,71,56,72,dummy-v1,2025-12-03T06:00+07:00,2025-12-03T12:00+07:00,dummy-v1
RS-00767,2025-12-03,JKS-014,Pasar Minggu,Pejaten Timur,CURAT,12:00-18:00,30,Low,34,24,35,24,31,dummy-v1,2025-12-03T12:00+07:00,2025-12-03T18:00+07:00,dummy-v1
RS-00768,2025-12-03,JKS-014,Pasar Minggu,Pejaten Timur,CURAS,18:00-23:59,47,Moderate,30,60,57,49,42,dummy-v1,2025-12-03T18:00+07:00,2025-12-04T00:00+07:00,dummy-v1
RS-00769,2025-12-10,JKS-014,Pasar Minggu,Pejaten Timur,CURAS,00:00-06:00,29,Low,35,34,18,21,34,dummy-v1,2025-12-10T00:00+07:00,2025-12-10T06:00+07:00,dummy-v1
RS-00770,2025-12-10,JKS-014,Pasar Minggu,Pejaten Timur,CURANMOR,06:00-12:00,47,Moderate,33,59,52,45,51,dummy-v1,2025-12-10T06:00+07:00,2025-12-10T12:00+07:00,dummy-v1
RS-00771,2025-12-10,JKS-014,Pasar Minggu,Pejaten Timur,CURAS,12:00-18:00,66,Moderate,62,77,54,75,62,dummy-v1,2025-12-10T12:00+07:00,2025-12-10T18:00+07:00,dummy-v1
RS-00772,2025-12-10,JKS-014,Pasar Minggu,Pejaten Timur,CURAT,18:00-23:59,68,Moderate,86,61,58,56,70,dummy-v1,2025-12-10T18:00+07:00,2025-12-11T00:00+07:00,dummy-v1
RS-00773,2025-12-17,JKS-014,Pasar Minggu,Pejaten Timur,CURAT,00:00-06:00,45,Moderate,73,31,31,39,33,dummy-v1,2025-12-17T00:00+07:00,2025-12-17T06:00+07:00,dummy-v1
RS-00774,2025-12-17,JKS-014,Pasar Minggu,Pejaten Timur,CURAT,06:00-12:00,43,Low,41,47,33,47,53,dummy-v1,2025-12-17T06:00+07:00,2025-12-17T12:00+07:00,dummy-v1
RS-00775,2025-12-17,JKS-014,Pasar Minggu,Pejaten Timur,CURAT,12:00-18:00,55,Moderate,61,42,70,51,46,dummy-v1,2025-12-17T12:00+07:00,2025-12-17T18:00+07:00,dummy-v1
RS-00776,2025-12-17,JKS-014,Pasar Minggu,Pejaten Timur,CURANMOR,18:00-23:59,57,Moderate,45,68,46,69,70,dummy-v1,2025-12-17T18:00+07:00,2025-12-18T00:00+07:00,dummy-v1
RS-00777,2025-12-24,JKS-014,Pasar Minggu,Pejaten Timur,CURANMOR,00:00-06:00,49,Moderate,53,54,50,34,44,dummy-v1,2025-12-24T00:00+07:00,2025-12-24T06:00+07:00,dummy-v1
RS-00778,2025-12-24,JKS-014,Pasar Minggu,Pejaten Timur,CURAT,06:00-12:00,71,High,64,69,86,71,66,dummy-v1,2025-12-24T06:00+07:00,2025-12-24T12:00+07:00,dummy-v1
RS-00779,2025-12-24,JKS-014,Pasar Minggu,Pejaten Timur,CURAS,12:00-18:00,54,Moderate,71,49,42,47,49,dummy-v1,2025-12-24T12:00+07:00,2025-12-24T18:00+07:00,dummy-v1
RS-00780,2025-12-24,JKS-014,Pasar Minggu,Pejaten Timur,CURAT,18:00-23:59,33,Low,40,24,47,24,21,dummy-v1,2025-12-24T18:00+07:00,2025-12-25T00:00+07:00,dummy-v1
RS-00781,2025-12-31,JKS-014,Pasar Minggu,Pejaten Timur,CURAT,00:00-06:00,65,Moderate,66,70,58,68,58,dummy-v1,2025-12-31T00:00+07:00,2025-12-31T06:00+07:00,dummy-v1
RS-00782,2025-12-31,JKS-014,Pasar Minggu,Pejaten Timur,CURAT,06:00-12:00,50,Moderate,33,52,64,63,48,dummy-v1,2025-12-31T06:00+07:00,2025-12-31T12:00+07:00,dummy-v1
RS-00783,2025-12-31,JKS-014,Pasar Minggu,Pejaten Timur,CURANMOR,12:00-18:00,47,Moderate,50,37,60,35,55,dummy-v1,2025-12-31T12:00+07:00,2025-12-31T18:00+07:00,dummy-v1
RS-00784,2025-12-31,JKS-014,Pasar Minggu,Pejaten Timur,CURAT,18:00-23:59,88,Critical,94,95,78,76,89,dummy-v1,2025-12-31T18:00+07:00,2026-01-01T00:00+07:00,dummy-v1
RS-00785,2025-10-01,JKS-015,Pasar Minggu,Ragunan,CURAS,00:00-06:00,43,Low,50,31,55,34,43,dummy-v1,2025-10-01T00:00+07:00,2025-10-01T06:00+07:00,dummy-v1
RS-00786,2025-10-01,JKS-015,Pasar Minggu,Ragunan,CURAS,06:00-12:00,46,Moderate,61,45,32,45,32,dummy-v1,2025-10-01T06:00+07:00,2025-10-01T12:00+07:00,dummy-v1
RS-00787,2025-10-01,JKS-015,Pasar Minggu,Ragunan,CURAS,12:00-18:00,50,Moderate,57,43,46,44,63,dummy-v1,2025-10-01T12:00+07:00,2025-10-01T18:00+07:00,dummy-v1
RS-00788,2025-10-01,JKS-015,Pasar Minggu,Ragunan,CURANMOR,18:00-23:59,73,High,63,81,81,62,83,dummy-v1,2025-10-01T18:00+07:00,2025-10-02T00:00+07:00,dummy-v1
RS-00789,2025-10-08,JKS-015,Pasar Minggu,Ragunan,CURAS,00:00-06:00,35,Low,54,23,21,39,30,dummy-v1,2025-10-08T00:00+07:00,2025-10-08T06:00+07:00,dummy-v1
RS-00790,2025-10-08,JKS-015,Pasar Minggu,Ragunan,CURAT,06:00-12:00,41,Low,55,31,35,43,33,dummy-v1,2025-10-08T06:00+07:00,2025-10-08T12:00+07:00,dummy-v1
RS-00791,2025-10-08,JKS-015,Pasar Minggu,Ragunan,CURAS,12:00-18:00,33,Low,27,41,29,46,19,dummy-v1,2025-10-08T12:00+07:00,2025-10-08T18:00+07:00,dummy-v1
RS-00792,2025-10-08,JKS-015,Pasar Minggu,Ragunan,CURANMOR,18:00-23:59,85,Critical,66,96,99,81,92,dummy-v1,2025-10-08T18:00+07:00,2025-10-09T00:00+07:00,dummy-v1
RS-00793,2025-10-15,JKS-015,Pasar Minggu,Ragunan,CURANMOR,00:00-06:00,72,High,73,64,79,78,65,dummy-v1,2025-10-15T00:00+07:00,2025-10-15T06:00+07:00,dummy-v1
RS-00794,2025-10-15,JKS-015,Pasar Minggu,Ragunan,CURAT,06:00-12:00,25,Low,20,32,26,28,15,dummy-v1,2025-10-15T06:00+07:00,2025-10-15T12:00+07:00,dummy-v1
RS-00795,2025-10-15,JKS-015,Pasar Minggu,Ragunan,CURANMOR,12:00-18:00,58,Moderate,48,56,64,72,60,dummy-v1,2025-10-15T12:00+07:00,2025-10-15T18:00+07:00,dummy-v1
RS-00796,2025-10-15,JKS-015,Pasar Minggu,Ragunan,CURAS,18:00-23:59,47,Moderate,19,61,62,50,61,dummy-v1,2025-10-15T18:00+07:00,2025-10-16T00:00+07:00,dummy-v1
RS-00797,2025-10-22,JKS-015,Pasar Minggu,Ragunan,CURAS,00:00-06:00,51,Moderate,35,62,54,63,47,dummy-v1,2025-10-22T00:00+07:00,2025-10-22T06:00+07:00,dummy-v1
RS-00798,2025-10-22,JKS-015,Pasar Minggu,Ragunan,CURAS,06:00-12:00,32,Low,38,20,30,35,43,dummy-v1,2025-10-22T06:00+07:00,2025-10-22T12:00+07:00,dummy-v1
RS-00799,2025-10-22,JKS-015,Pasar Minggu,Ragunan,CURAT,12:00-18:00,60,Moderate,50,71,47,75,66,dummy-v1,2025-10-22T12:00+07:00,2025-10-22T18:00+07:00,dummy-v1
RS-00800,2025-10-22,JKS-015,Pasar Minggu,Ragunan,CURANMOR,18:00-23:59,51,Moderate,48,61,50,49,40,dummy-v1,2025-10-22T18:00+07:00,2025-10-23T00:00+07:00,dummy-v1
RS-00801,2025-10-29,JKS-015,Pasar Minggu,Ragunan,CURAT,00:00-06:00,30,Low,11,43,35,44,23,dummy-v1,2025-10-29T00:00+07:00,2025-10-29T06:00+07:00,dummy-v1
RS-00802,2025-10-29,JKS-015,Pasar Minggu,Ragunan,CURAS,06:00-12:00,54,Moderate,40,67,58,66,39,dummy-v1,2025-10-29T06:00+07:00,2025-10-29T12:00+07:00,dummy-v1
RS-00803,2025-10-29,JKS-015,Pasar Minggu,Ragunan,CURANMOR,12:00-18:00,71,High,81,62,64,67,83,dummy-v1,2025-10-29T12:00+07:00,2025-10-29T18:00+07:00,dummy-v1
RS-00804,2025-10-29,JKS-015,Pasar Minggu,Ragunan,CURAS,18:00-23:59,53,Moderate,72,53,38,39,48,dummy-v1,2025-10-29T18:00+07:00,2025-10-30T00:00+07:00,dummy-v1
RS-00805,2025-11-05,JKS-015,Pasar Minggu,Ragunan,CURAT,00:00-06:00,68,Moderate,71,59,78,62,71,dummy-v1,2025-11-05T00:00+07:00,2025-11-05T06:00+07:00,dummy-v1
RS-00806,2025-11-05,JKS-015,Pasar Minggu,Ragunan,CURAS,06:00-12:00,39,Low,32,52,27,39,51,dummy-v1,2025-11-05T06:00+07:00,2025-11-05T12:00+07:00,dummy-v1
RS-00807,2025-11-05,JKS-015,Pasar Minggu,Ragunan,CURAT,12:00-18:00,44,Low,34,47,50,56,37,dummy-v1,2025-11-05T12:00+07:00,2025-11-05T18:00+07:00,dummy-v1
RS-00808,2025-11-05,JKS-015,Pasar Minggu,Ragunan,CURAS,18:00-23:59,67,Moderate,51,80,73,60,81,dummy-v1,2025-11-05T18:00+07:00,2025-11-06T00:00+07:00,dummy-v1
RS-00809,2025-11-12,JKS-015,Pasar Minggu,Ragunan,CURAS,00:00-06:00,63,Moderate,63,58,59,75,65,dummy-v1,2025-11-12T00:00+07:00,2025-11-12T06:00+07:00,dummy-v1
RS-00810,2025-11-12,JKS-015,Pasar Minggu,Ragunan,CURAS,06:00-12:00,72,High,57,80,82,65,87,dummy-v1,2025-11-12T06:00+07:00,2025-11-12T12:00+07:00,dummy-v1
RS-00811,2025-11-12,JKS-015,Pasar Minggu,Ragunan,CURAT,12:00-18:00,44,Low,49,37,47,41,46,dummy-v1,2025-11-12T12:00+07:00,2025-11-12T18:00+07:00,dummy-v1
RS-00812,2025-11-12,JKS-015,Pasar Minggu,Ragunan,CURAS,18:00-23:59,64,Moderate,62,69,51,75,66,dummy-v1,2025-11-12T18:00+07:00,2025-11-13T00:00+07:00,dummy-v1
RS-00813,2025-11-19,JKS-015,Pasar Minggu,Ragunan,CURAS,00:00-06:00,52,Moderate,69,39,52,49,37,dummy-v1,2025-11-19T00:00+07:00,2025-11-19T06:00+07:00,dummy-v1
RS-00814,2025-11-19,JKS-015,Pasar Minggu,Ragunan,CURANMOR,06:00-12:00,49,Moderate,43,50,53,63,36,dummy-v1,2025-11-19T06:00+07:00,2025-11-19T12:00+07:00,dummy-v1
RS-00815,2025-11-19,JKS-015,Pasar Minggu,Ragunan,CURANMOR,12:00-18:00,74,High,91,61,69,62,83,dummy-v1,2025-11-19T12:00+07:00,2025-11-19T18:00+07:00,dummy-v1
RS-00816,2025-11-19,JKS-015,Pasar Minggu,Ragunan,CURAT,18:00-23:59,61,Moderate,64,47,74,69,49,dummy-v1,2025-11-19T18:00+07:00,2025-11-20T00:00+07:00,dummy-v1
RS-00817,2025-11-26,JKS-015,Pasar Minggu,Ragunan,CURANMOR,00:00-06:00,32,Low,31,44,24,34,17,dummy-v1,2025-11-26T00:00+07:00,2025-11-26T06:00+07:00,dummy-v1
RS-00818,2025-11-26,JKS-015,Pasar Minggu,Ragunan,CURANMOR,06:00-12:00,40,Low,49,34,29,47,40,dummy-v1,2025-11-26T06:00+07:00,2025-11-26T12:00+07:00,dummy-v1
RS-00819,2025-11-26,JKS-015,Pasar Minggu,Ragunan,CURANMOR,12:00-18:00,25,Low,34,14,22,39,10,dummy-v1,2025-11-26T12:00+07:00,2025-11-26T18:00+07:00,dummy-v1
RS-00820,2025-11-26,JKS-015,Pasar Minggu,Ragunan,CURANMOR,18:00-23:59,48,Moderate,25,62,61,46,58,dummy-v1,2025-11-26T18:00+07:00,2025-11-27T00:00+07:00,dummy-v1
RS-00821,2025-12-03,JKS-015,Pasar Minggu,Ragunan,CURANMOR,00:00-06:00,25,Low,17,25,20,37,40,dummy-v1,2025-12-03T00:00+07:00,2025-12-03T06:00+07:00,dummy-v1
RS-00822,2025-12-03,JKS-015,Pasar Minggu,Ragunan,CURANMOR,06:00-12:00,62,Moderate,52,68,70,57,67,dummy-v1,2025-12-03T06:00+07:00,2025-12-03T12:00+07:00,dummy-v1
RS-00823,2025-12-03,JKS-015,Pasar Minggu,Ragunan,CURANMOR,12:00-18:00,30,Low,18,34,44,29,29,dummy-v1,2025-12-03T12:00+07:00,2025-12-03T18:00+07:00,dummy-v1
RS-00824,2025-12-03,JKS-015,Pasar Minggu,Ragunan,CURAS,18:00-23:59,69,Moderate,91,69,54,55,54,dummy-v1,2025-12-03T18:00+07:00,2025-12-04T00:00+07:00,dummy-v1
RS-00825,2025-12-10,JKS-015,Pasar Minggu,Ragunan,CURAT,00:00-06:00,40,Low,56,32,30,27,52,dummy-v1,2025-12-10T00:00+07:00,2025-12-10T06:00+07:00,dummy-v1
RS-00826,2025-12-10,JKS-015,Pasar Minggu,Ragunan,CURAS,06:00-12:00,31,Low,30,34,34,22,33,dummy-v1,2025-12-10T06:00+07:00,2025-12-10T12:00+07:00,dummy-v1
RS-00827,2025-12-10,JKS-015,Pasar Minggu,Ragunan,CURANMOR,12:00-18:00,36,Low,33,45,34,27,39,dummy-v1,2025-12-10T12:00+07:00,2025-12-10T18:00+07:00,dummy-v1
RS-00828,2025-12-10,JKS-015,Pasar Minggu,Ragunan,CURAS,18:00-23:59,51,Moderate,68,37,41,50,55,dummy-v1,2025-12-10T18:00+07:00,2025-12-11T00:00+07:00,dummy-v1
RS-00829,2025-12-17,JKS-015,Pasar Minggu,Ragunan,CURAT,00:00-06:00,52,Moderate,43,49,67,61,44,dummy-v1,2025-12-17T00:00+07:00,2025-12-17T06:00+07:00,dummy-v1
RS-00830,2025-12-17,JKS-015,Pasar Minggu,Ragunan,CURAT,06:00-12:00,26,Low,32,20,28,14,38,dummy-v1,2025-12-17T06:00+07:00,2025-12-17T12:00+07:00,dummy-v1
RS-00831,2025-12-17,JKS-015,Pasar Minggu,Ragunan,CURAT,12:00-18:00,51,Moderate,36,61,65,54,39,dummy-v1,2025-12-17T12:00+07:00,2025-12-17T18:00+07:00,dummy-v1
RS-00832,2025-12-17,JKS-015,Pasar Minggu,Ragunan,CURAT,18:00-23:59,50,Moderate,41,55,46,62,53,dummy-v1,2025-12-17T18:00+07:00,2025-12-18T00:00+07:00,dummy-v1
RS-00833,2025-12-24,JKS-015,Pasar Minggu,Ragunan,CURAT,00:00-06:00,64,Moderate,69,59,78,53,51,dummy-v1,2025-12-24T00:00+07:00,2025-12-24T06:00+07:00,dummy-v1
RS-00834,2025-12-24,JKS-015,Pasar Minggu,Ragunan,CURANMOR,06:00-12:00,71,High,58,84,78,70,64,dummy-v1,2025-12-24T06:00+07:00,2025-12-24T12:00+07:00,dummy-v1
RS-00835,2025-12-24,JKS-015,Pasar Minggu,Ragunan,CURAT,12:00-18:00,32,Low,32,27,34,34,37,dummy-v1,2025-12-24T12:00+07:00,2025-12-24T18:00+07:00,dummy-v1
RS-00836,2025-12-24,JKS-015,Pasar Minggu,Ragunan,CURAS,18:00-23:59,69,Moderate,69,74,65,60,78,dummy-v1,2025-12-24T18:00+07:00,2025-12-25T00:00+07:00,dummy-v1
RS-00837,2025-12-31,JKS-015,Pasar Minggu,Ragunan,CURAT,00:00-06:00,55,Moderate,55,56,59,41,67,dummy-v1,2025-12-31T00:00+07:00,2025-12-31T06:00+07:00,dummy-v1
RS-00838,2025-12-31,JKS-015,Pasar Minggu,Ragunan,CURAT,06:00-12:00,71,High,63,83,75,61,73,dummy-v1,2025-12-31T06:00+07:00,2025-12-31T12:00+07:00,dummy-v1
RS-00839,2025-12-31,JKS-015,Pasar Minggu,Ragunan,CURAT,12:00-18:00,70,High,46,84,82,78,70,dummy-v1,2025-12-31T12:00+07:00,2025-12-31T18:00+07:00,dummy-v1
RS-00840,2025-12-31,JKS-015,Pasar Minggu,Ragunan,CURAS,18:00-23:59,72,High,67,80,66,79,69,dummy-v1,2025-12-31T18:00+07:00,2026-01-01T00:00+07:00,dummy-v1
RS-00841,2025-10-01,JKS-016,Pasar Minggu,Jati Padang,CURANMOR,00:00-06:00,74,High,71,76,66,77,89,dummy-v1,2025-10-01T00:00+07:00,2025-10-01T06:00+07:00,dummy-v1
RS-00842,2025-10-01,JKS-016,Pasar Minggu,Jati Padang,CURAS,06:00-12:00,33,Low,35,42,23,20,43,dummy-v1,2025-10-01T06:00+07:00,2025-10-01T12:00+07:00,dummy-v1
RS-00843,2025-10-01,JKS-016,Pasar Minggu,Jati Padang,CURAT,12:00-18:00,44,Low,50,48,31,42,45,dummy-v1,2025-10-01T12:00+07:00,2025-10-01T18:00+07:00,dummy-v1
RS-00844,2025-10-01,JKS-016,Pasar Minggu,Jati Padang,CURAT,18:00-23:59,66,Moderate,78,63,64,56,56,dummy-v1,2025-10-01T18:00+07:00,2025-10-02T00:00+07:00,dummy-v1
RS-00845,2025-10-08,JKS-016,Pasar Minggu,Jati Padang,CURANMOR,00:00-06:00,61,Moderate,42,67,73,69,68,dummy-v1,2025-10-08T00:00+07:00,2025-10-08T06:00+07:00,dummy-v1
RS-00846,2025-10-08,JKS-016,Pasar Minggu,Jati Padang,CURANMOR,06:00-12:00,40,Low,44,46,35,38,27,dummy-v1,2025-10-08T06:00+07:00,2025-10-08T12:00+07:00,dummy-v1
RS-00847,2025-10-08,JKS-016,Pasar Minggu,Jati Padang,CURAT,12:00-18:00,70,High,46,82,81,85,66,dummy-v1,2025-10-08T12:00+07:00,2025-10-08T18:00+07:00,dummy-v1
RS-00848,2025-10-08,JKS-016,Pasar Minggu,Jati Padang,CURAS,18:00-23:59,42,Low,39,54,39,38,32,dummy-v1,2025-10-08T18:00+07:00,2025-10-09T00:00+07:00,dummy-v1
RS-00849,2025-10-15,JKS-016,Pasar Minggu,Jati Padang,CURANMOR,00:00-06:00,55,Moderate,51,43,60,68,69,dummy-v1,2025-10-15T00:00+07:00,2025-10-15T06:00+07:00,dummy-v1
RS-00850,2025-10-15,JKS-016,Pasar Minggu,Jati Padang,CURANMOR,06:00-12:00,61,Moderate,61,60,59,75,48,dummy-v1,2025-10-15T06:00+07:00,2025-10-15T12:00+07:00,dummy-v1
RS-00851,2025-10-15,JKS-016,Pasar Minggu,Jati Padang,CURAS,12:00-18:00,44,Low,49,48,42,38,31,dummy-v1,2025-10-15T12:00+07:00,2025-10-15T18:00+07:00,dummy-v1
RS-00852,2025-10-15,JKS-016,Pasar Minggu,Jati Padang,CURAS,18:00-23:59,67,Moderate,69,60,65,71,78,dummy-v1,2025-10-15T18:00+07:00,2025-10-16T00:00+07:00,dummy-v1
RS-00853,2025-10-22,JKS-016,Pasar Minggu,Jati Padang,CURANMOR,00:00-06:00,58,Moderate,61,51,64,59,52,dummy-v1,2025-10-22T00:00+07:00,2025-10-22T06:00+07:00,dummy-v1
RS-00854,2025-10-22,JKS-016,Pasar Minggu,Jati Padang,CURAT,06:00-12:00,61,Moderate,75,61,58,48,46,dummy-v1,2025-10-22T06:00+07:00,2025-10-22T12:00+07:00,dummy-v1
RS-00855,2025-10-22,JKS-016,Pasar Minggu,Jati Padang,CURANMOR,12:00-18:00,26,Low,24,28,31,28,15,dummy-v1,2025-10-22T12:00+07:00,2025-10-22T18:00+07:00,dummy-v1
RS-00856,2025-10-22,JKS-016,Pasar Minggu,Jati Padang,CURANMOR,18:00-23:59,70,High,79,58,62,79,75,dummy-v1,2025-10-22T18:00+07:00,2025-10-23T00:00+07:00,dummy-v1
RS-00857,2025-10-29,JKS-016,Pasar Minggu,Jati Padang,CURAT,00:00-06:00,34,Low,66,19,20,20,25,dummy-v1,2025-10-29T00:00+07:00,2025-10-29T06:00+07:00,dummy-v1
RS-00858,2025-10-29,JKS-016,Pasar Minggu,Jati Padang,CURANMOR,06:00-12:00,30,Low,36,39,16,28,21,dummy-v1,2025-10-29T06:00+07:00,2025-10-29T12:00+07:00,dummy-v1
RS-00859,2025-10-29,JKS-016,Pasar Minggu,Jati Padang,CURAS,12:00-18:00,43,Low,30,46,57,41,48,dummy-v1,2025-10-29T12:00+07:00,2025-10-29T18:00+07:00,dummy-v1
RS-00860,2025-10-29,JKS-016,Pasar Minggu,Jati Padang,CURAT,18:00-23:59,34,Low,51,32,23,21,28,dummy-v1,2025-10-29T18:00+07:00,2025-10-30T00:00+07:00,dummy-v1
RS-00861,2025-11-05,JKS-016,Pasar Minggu,Jati Padang,CURAT,00:00-06:00,29,Low,44,21,21,33,14,dummy-v1,2025-11-05T00:00+07:00,2025-11-05T06:00+07:00,dummy-v1
RS-00862,2025-11-05,JKS-016,Pasar Minggu,Jati Padang,CURAS,06:00-12:00,49,Moderate,26,59,64,53,57,dummy-v1,2025-11-05T06:00+07:00,2025-11-05T12:00+07:00,dummy-v1
RS-00863,2025-11-05,JKS-016,Pasar Minggu,Jati Padang,CURAS,12:00-18:00,64,Moderate,63,72,61,57,63,dummy-v1,2025-11-05T12:00+07:00,2025-11-05T18:00+07:00,dummy-v1
RS-00864,2025-11-05,JKS-016,Pasar Minggu,Jati Padang,CURAS,18:00-23:59,50,Moderate,33,62,57,47,61,dummy-v1,2025-11-05T18:00+07:00,2025-11-06T00:00+07:00,dummy-v1
RS-00865,2025-11-12,JKS-016,Pasar Minggu,Jati Padang,CURANMOR,00:00-06:00,43,Low,40,42,51,47,33,dummy-v1,2025-11-12T00:00+07:00,2025-11-12T06:00+07:00,dummy-v1
RS-00866,2025-11-12,JKS-016,Pasar Minggu,Jati Padang,CURANMOR,06:00-12:00,57,Moderate,69,50,44,51,72,dummy-v1,2025-11-12T06:00+07:00,2025-11-12T12:00+07:00,dummy-v1
RS-00867,2025-11-12,JKS-016,Pasar Minggu,Jati Padang,CURAT,12:00-18:00,53,Moderate,56,57,48,46,55,dummy-v1,2025-11-12T12:00+07:00,2025-11-12T18:00+07:00,dummy-v1
RS-00868,2025-11-12,JKS-016,Pasar Minggu,Jati Padang,CURAS,18:00-23:59,69,Moderate,60,79,79,67,55,dummy-v1,2025-11-12T18:00+07:00,2025-11-13T00:00+07:00,dummy-v1
RS-00869,2025-11-19,JKS-016,Pasar Minggu,Jati Padang,CURAS,00:00-06:00,50,Moderate,39,52,65,41,62,dummy-v1,2025-11-19T00:00+07:00,2025-11-19T06:00+07:00,dummy-v1
RS-00870,2025-11-19,JKS-016,Pasar Minggu,Jati Padang,CURAT,06:00-12:00,35,Low,37,34,23,42,44,dummy-v1,2025-11-19T06:00+07:00,2025-11-19T12:00+07:00,dummy-v1
RS-00871,2025-11-19,JKS-016,Pasar Minggu,Jati Padang,CURAS,12:00-18:00,45,Moderate,39,55,54,33,39,dummy-v1,2025-11-19T12:00+07:00,2025-11-19T18:00+07:00,dummy-v1
RS-00872,2025-11-19,JKS-016,Pasar Minggu,Jati Padang,CURANMOR,18:00-23:59,59,Moderate,54,49,65,73,66,dummy-v1,2025-11-19T18:00+07:00,2025-11-20T00:00+07:00,dummy-v1
RS-00873,2025-11-26,JKS-016,Pasar Minggu,Jati Padang,CURAS,00:00-06:00,58,Moderate,62,57,43,69,61,dummy-v1,2025-11-26T00:00+07:00,2025-11-26T06:00+07:00,dummy-v1
RS-00874,2025-11-26,JKS-016,Pasar Minggu,Jati Padang,CURAS,06:00-12:00,64,Moderate,59,75,54,77,51,dummy-v1,2025-11-26T06:00+07:00,2025-11-26T12:00+07:00,dummy-v1
RS-00875,2025-11-26,JKS-016,Pasar Minggu,Jati Padang,CURAS,12:00-18:00,69,Moderate,68,63,79,60,80,dummy-v1,2025-11-26T12:00+07:00,2025-11-26T18:00+07:00,dummy-v1
RS-00876,2025-11-26,JKS-016,Pasar Minggu,Jati Padang,CURAT,18:00-23:59,64,Moderate,57,78,65,58,58,dummy-v1,2025-11-26T18:00+07:00,2025-11-27T00:00+07:00,dummy-v1
RS-00877,2025-12-03,JKS-016,Pasar Minggu,Jati Padang,CURAS,00:00-06:00,54,Moderate,66,51,48,44,53,dummy-v1,2025-12-03T00:00+07:00,2025-12-03T06:00+07:00,dummy-v1
RS-00878,2025-12-03,JKS-016,Pasar Minggu,Jati Padang,CURAS,06:00-12:00,47,Moderate,56,48,40,33,53,dummy-v1,2025-12-03T06:00+07:00,2025-12-03T12:00+07:00,dummy-v1
RS-00879,2025-12-03,JKS-016,Pasar Minggu,Jati Padang,CURANMOR,12:00-18:00,74,High,84,68,65,71,82,dummy-v1,2025-12-03T12:00+07:00,2025-12-03T18:00+07:00,dummy-v1
RS-00880,2025-12-03,JKS-016,Pasar Minggu,Jati Padang,CURANMOR,18:00-23:59,52,Moderate,63,49,54,42,37,dummy-v1,2025-12-03T18:00+07:00,2025-12-04T00:00+07:00,dummy-v1
RS-00881,2025-12-10,JKS-016,Pasar Minggu,Jati Padang,CURANMOR,00:00-06:00,53,Moderate,34,66,48,68,64,dummy-v1,2025-12-10T00:00+07:00,2025-12-10T06:00+07:00,dummy-v1
RS-00882,2025-12-10,JKS-016,Pasar Minggu,Jati Padang,CURANMOR,06:00-12:00,66,Moderate,54,75,77,65,58,dummy-v1,2025-12-10T06:00+07:00,2025-12-10T12:00+07:00,dummy-v1
RS-00883,2025-12-10,JKS-016,Pasar Minggu,Jati Padang,CURANMOR,12:00-18:00,26,Low,23,26,38,15,27,dummy-v1,2025-12-10T12:00+07:00,2025-12-10T18:00+07:00,dummy-v1
RS-00884,2025-12-10,JKS-016,Pasar Minggu,Jati Padang,CURAS,18:00-23:59,81,High,70,80,90,95,76,dummy-v1,2025-12-10T18:00+07:00,2025-12-11T00:00+07:00,dummy-v1
RS-00885,2025-12-17,JKS-016,Pasar Minggu,Jati Padang,CURAT,00:00-06:00,36,Low,22,51,49,23,34,dummy-v1,2025-12-17T00:00+07:00,2025-12-17T06:00+07:00,dummy-v1
RS-00886,2025-12-17,JKS-016,Pasar Minggu,Jati Padang,CURANMOR,06:00-12:00,31,Low,31,35,30,33,19,dummy-v1,2025-12-17T06:00+07:00,2025-12-17T12:00+07:00,dummy-v1
RS-00887,2025-12-17,JKS-016,Pasar Minggu,Jati Padang,CURANMOR,12:00-18:00,45,Moderate,59,39,34,40,48,dummy-v1,2025-12-17T12:00+07:00,2025-12-17T18:00+07:00,dummy-v1
RS-00888,2025-12-17,JKS-016,Pasar Minggu,Jati Padang,CURAT,18:00-23:59,69,Moderate,72,61,66,80,69,dummy-v1,2025-12-17T18:00+07:00,2025-12-18T00:00+07:00,dummy-v1
RS-00889,2025-12-24,JKS-016,Pasar Minggu,Jati Padang,CURAT,00:00-06:00,74,High,52,86,80,84,84,dummy-v1,2025-12-24T00:00+07:00,2025-12-24T06:00+07:00,dummy-v1
RS-00890,2025-12-24,JKS-016,Pasar Minggu,Jati Padang,CURAT,06:00-12:00,57,Moderate,63,69,47,47,43,dummy-v1,2025-12-24T06:00+07:00,2025-12-24T12:00+07:00,dummy-v1
RS-00891,2025-12-24,JKS-016,Pasar Minggu,Jati Padang,CURAT,12:00-18:00,64,Moderate,54,64,75,78,52,dummy-v1,2025-12-24T12:00+07:00,2025-12-24T18:00+07:00,dummy-v1
RS-00892,2025-12-24,JKS-016,Pasar Minggu,Jati Padang,CURAS,18:00-23:59,78,High,91,76,77,66,63,dummy-v1,2025-12-24T18:00+07:00,2025-12-25T00:00+07:00,dummy-v1
RS-00893,2025-12-31,JKS-016,Pasar Minggu,Jati Padang,CURAT,00:00-06:00,44,Low,54,31,53,29,51,dummy-v1,2025-12-31T00:00+07:00,2025-12-31T06:00+07:00,dummy-v1
RS-00894,2025-12-31,JKS-016,Pasar Minggu,Jati Padang,CURANMOR,06:00-12:00,28,Low,15,33,37,38,22,dummy-v1,2025-12-31T06:00+07:00,2025-12-31T12:00+07:00,dummy-v1
RS-00895,2025-12-31,JKS-016,Pasar Minggu,Jati Padang,CURAS,12:00-18:00,49,Moderate,48,63,42,44,38,dummy-v1,2025-12-31T12:00+07:00,2025-12-31T18:00+07:00,dummy-v1
RS-00896,2025-12-31,JKS-016,Pasar Minggu,Jati Padang,CURAS,18:00-23:59,74,High,69,80,67,85,73,dummy-v1,2025-12-31T18:00+07:00,2026-01-01T00:00+07:00,dummy-v1
RS-00897,2025-10-01,JKS-017,Pancoran,Pancoran,CURANMOR,00:00-06:00,68,Moderate,74,65,74,55,65,dummy-v1,2025-10-01T00:00+07:00,2025-10-01T06:00+07:00,dummy-v1
RS-00898,2025-10-01,JKS-017,Pancoran,Pancoran,CURAT,06:00-12:00,34,Low,29,32,36,45,33,dummy-v1,2025-10-01T06:00+07:00,2025-10-01T12:00+07:00,dummy-v1
RS-00899,2025-10-01,JKS-017,Pancoran,Pancoran,CURAT,12:00-18:00,46,Moderate,38,41,57,48,59,dummy-v1,2025-10-01T12:00+07:00,2025-10-01T18:00+07:00,dummy-v1
RS-00900,2025-10-01,JKS-017,Pancoran,Pancoran,CURAT,18:00-23:59,72,High,59,86,77,58,87,dummy-v1,2025-10-01T18:00+07:00,2025-10-02T00:00+07:00,dummy-v1
RS-00901,2025-10-08,JKS-017,Pancoran,Pancoran,CURAS,00:00-06:00,34,Low,53,26,19,29,35,dummy-v1,2025-10-08T00:00+07:00,2025-10-08T06:00+07:00,dummy-v1
RS-00902,2025-10-08,JKS-017,Pancoran,Pancoran,CURAT,06:00-12:00,49,Moderate,64,39,41,51,43,dummy-v1,2025-10-08T06:00+07:00,2025-10-08T12:00+07:00,dummy-v1
RS-00903,2025-10-08,JKS-017,Pancoran,Pancoran,CURANMOR,12:00-18:00,60,Moderate,59,47,72,61,70,dummy-v1,2025-10-08T12:00+07:00,2025-10-08T18:00+07:00,dummy-v1
RS-00904,2025-10-08,JKS-017,Pancoran,Pancoran,CURAT,18:00-23:59,76,High,85,74,62,83,73,dummy-v1,2025-10-08T18:00+07:00,2025-10-09T00:00+07:00,dummy-v1
RS-00905,2025-10-15,JKS-017,Pancoran,Pancoran,CURANMOR,00:00-06:00,42,Low,36,49,31,48,56,dummy-v1,2025-10-15T00:00+07:00,2025-10-15T06:00+07:00,dummy-v1
RS-00906,2025-10-15,JKS-017,Pancoran,Pancoran,CURAT,06:00-12:00,40,Low,38,46,47,26,39,dummy-v1,2025-10-15T06:00+07:00,2025-10-15T12:00+07:00,dummy-v1
RS-00907,2025-10-15,JKS-017,Pancoran,Pancoran,CURAS,12:00-18:00,34,Low,50,21,33,21,39,dummy-v1,2025-10-15T12:00+07:00,2025-10-15T18:00+07:00,dummy-v1
RS-00908,2025-10-15,JKS-017,Pancoran,Pancoran,CURAT,18:00-23:59,41,Low,43,52,35,30,37,dummy-v1,2025-10-15T18:00+07:00,2025-10-16T00:00+07:00,dummy-v1
RS-00909,2025-10-22,JKS-017,Pancoran,Pancoran,CURAS,00:00-06:00,58,Moderate,73,58,50,48,45,dummy-v1,2025-10-22T00:00+07:00,2025-10-22T06:00+07:00,dummy-v1
RS-00910,2025-10-22,JKS-017,Pancoran,Pancoran,CURANMOR,06:00-12:00,40,Low,50,42,34,29,33,dummy-v1,2025-10-22T06:00+07:00,2025-10-22T12:00+07:00,dummy-v1
RS-00911,2025-10-22,JKS-017,Pancoran,Pancoran,CURAS,12:00-18:00,71,High,72,83,69,57,63,dummy-v1,2025-10-22T12:00+07:00,2025-10-22T18:00+07:00,dummy-v1
RS-00912,2025-10-22,JKS-017,Pancoran,Pancoran,CURAT,18:00-23:59,82,High,94,76,81,77,72,dummy-v1,2025-10-22T18:00+07:00,2025-10-23T00:00+07:00,dummy-v1
RS-00913,2025-10-29,JKS-017,Pancoran,Pancoran,CURAT,00:00-06:00,48,Moderate,65,48,35,39,37,dummy-v1,2025-10-29T00:00+07:00,2025-10-29T06:00+07:00,dummy-v1
RS-00914,2025-10-29,JKS-017,Pancoran,Pancoran,CURAS,06:00-12:00,33,Low,36,36,38,20,27,dummy-v1,2025-10-29T06:00+07:00,2025-10-29T12:00+07:00,dummy-v1
RS-00915,2025-10-29,JKS-017,Pancoran,Pancoran,CURAT,12:00-18:00,53,Moderate,41,63,66,52,39,dummy-v1,2025-10-29T12:00+07:00,2025-10-29T18:00+07:00,dummy-v1
RS-00916,2025-10-29,JKS-017,Pancoran,Pancoran,CURANMOR,18:00-23:59,65,Moderate,39,77,80,71,73,dummy-v1,2025-10-29T18:00+07:00,2025-10-30T00:00+07:00,dummy-v1
RS-00917,2025-11-05,JKS-017,Pancoran,Pancoran,CURAS,00:00-06:00,51,Moderate,55,44,53,47,60,dummy-v1,2025-11-05T00:00+07:00,2025-11-05T06:00+07:00,dummy-v1
RS-00918,2025-11-05,JKS-017,Pancoran,Pancoran,CURANMOR,06:00-12:00,52,Moderate,55,55,51,51,40,dummy-v1,2025-11-05T06:00+07:00,2025-11-05T12:00+07:00,dummy-v1
RS-00919,2025-11-05,JKS-017,Pancoran,Pancoran,CURANMOR,12:00-18:00,48,Moderate,70,42,37,37,36,dummy-v1,2025-11-05T12:00+07:00,2025-11-05T18:00+07:00,dummy-v1
RS-00920,2025-11-05,JKS-017,Pancoran,Pancoran,CURAS,18:00-23:59,47,Moderate,41,60,34,47,59,dummy-v1,2025-11-05T18:00+07:00,2025-11-06T00:00+07:00,dummy-v1
RS-00921,2025-11-12,JKS-017,Pancoran,Pancoran,CURAS,00:00-06:00,37,Low,29,38,46,42,33,dummy-v1,2025-11-12T00:00+07:00,2025-11-12T06:00+07:00,dummy-v1
RS-00922,2025-11-12,JKS-017,Pancoran,Pancoran,CURANMOR,06:00-12:00,62,Moderate,64,68,59,59,50,dummy-v1,2025-11-12T06:00+07:00,2025-11-12T12:00+07:00,dummy-v1
RS-00923,2025-11-12,JKS-017,Pancoran,Pancoran,CURAT,12:00-18:00,59,Moderate,52,59,67,68,51,dummy-v1,2025-11-12T12:00+07:00,2025-11-12T18:00+07:00,dummy-v1
RS-00924,2025-11-12,JKS-017,Pancoran,Pancoran,CURANMOR,18:00-23:59,47,Moderate,43,37,59,56,46,dummy-v1,2025-11-12T18:00+07:00,2025-11-13T00:00+07:00,dummy-v1
RS-00925,2025-11-19,JKS-017,Pancoran,Pancoran,CURANMOR,00:00-06:00,28,Low,35,14,23,40,33,dummy-v1,2025-11-19T00:00+07:00,2025-11-19T06:00+07:00,dummy-v1
RS-00926,2025-11-19,JKS-017,Pancoran,Pancoran,CURAT,06:00-12:00,69,Moderate,84,55,64,64,75,dummy-v1,2025-11-19T06:00+07:00,2025-11-19T12:00+07:00,dummy-v1
RS-00927,2025-11-19,JKS-017,Pancoran,Pancoran,CURANMOR,12:00-18:00,66,Moderate,55,68,81,72,54,dummy-v1,2025-11-19T12:00+07:00,2025-11-19T18:00+07:00,dummy-v1
RS-00928,2025-11-19,JKS-017,Pancoran,Pancoran,CURAS,18:00-23:59,60,Moderate,49,60,62,73,70,dummy-v1,2025-11-19T18:00+07:00,2025-11-20T00:00+07:00,dummy-v1
RS-00929,2025-11-26,JKS-017,Pancoran,Pancoran,CURANMOR,00:00-06:00,69,Moderate,80,63,55,78,64,dummy-v1,2025-11-26T00:00+07:00,2025-11-26T06:00+07:00,dummy-v1
RS-00930,2025-11-26,JKS-017,Pancoran,Pancoran,CURAS,06:00-12:00,34,Low,34,19,43,47,33,dummy-v1,2025-11-26T06:00+07:00,2025-11-26T12:00+07:00,dummy-v1
RS-00931,2025-11-26,JKS-017,Pancoran,Pancoran,CURAT,12:00-18:00,47,Moderate,38,61,53,40,36,dummy-v1,2025-11-26T12:00+07:00,2025-11-26T18:00+07:00,dummy-v1
RS-00932,2025-11-26,JKS-017,Pancoran,Pancoran,CURANMOR,18:00-23:59,47,Moderate,37,52,42,55,61,dummy-v1,2025-11-26T18:00+07:00,2025-11-27T00:00+07:00,dummy-v1
RS-00933,2025-12-03,JKS-017,Pancoran,Pancoran,CURANMOR,00:00-06:00,32,Low,37,27,26,30,43,dummy-v1,2025-12-03T00:00+07:00,2025-12-03T06:00+07:00,dummy-v1
RS-00934,2025-12-03,JKS-017,Pancoran,Pancoran,CURANMOR,06:00-12:00,34,Low,38,23,28,46,45,dummy-v1,2025-12-03T06:00+07:00,2025-12-03T12:00+07:00,dummy-v1
RS-00935,2025-12-03,JKS-017,Pancoran,Pancoran,CURAT,12:00-18:00,27,Low,30,21,19,41,29,dummy-v1,2025-12-03T12:00+07:00,2025-12-03T18:00+07:00,dummy-v1
RS-00936,2025-12-03,JKS-017,Pancoran,Pancoran,CURANMOR,18:00-23:59,77,High,71,74,87,75,87,dummy-v1,2025-12-03T18:00+07:00,2025-12-04T00:00+07:00,dummy-v1
RS-00937,2025-12-10,JKS-017,Pancoran,Pancoran,CURANMOR,00:00-06:00,65,Moderate,74,52,76,59,57,dummy-v1,2025-12-10T00:00+07:00,2025-12-10T06:00+07:00,dummy-v1
RS-00938,2025-12-10,JKS-017,Pancoran,Pancoran,CURANMOR,06:00-12:00,56,Moderate,54,50,68,49,65,dummy-v1,2025-12-10T06:00+07:00,2025-12-10T12:00+07:00,dummy-v1
RS-00939,2025-12-10,JKS-017,Pancoran,Pancoran,CURANMOR,12:00-18:00,32,Low,25,23,42,46,35,dummy-v1,2025-12-10T12:00+07:00,2025-12-10T18:00+07:00,dummy-v1
RS-00940,2025-12-10,JKS-017,Pancoran,Pancoran,CURAS,18:00-23:59,48,Moderate,38,63,46,45,50,dummy-v1,2025-12-10T18:00+07:00,2025-12-11T00:00+07:00,dummy-v1
RS-00941,2025-12-17,JKS-017,Pancoran,Pancoran,CURAT,00:00-06:00,55,Moderate,45,53,65,57,66,dummy-v1,2025-12-17T00:00+07:00,2025-12-17T06:00+07:00,dummy-v1
RS-00942,2025-12-17,JKS-017,Pancoran,Pancoran,CURAT,06:00-12:00,26,Low,22,29,27,20,38,dummy-v1,2025-12-17T06:00+07:00,2025-12-17T12:00+07:00,dummy-v1
RS-00943,2025-12-17,JKS-017,Pancoran,Pancoran,CURAS,12:00-18:00,25,Low,24,23,24,30,26,dummy-v1,2025-12-17T12:00+07:00,2025-12-17T18:00+07:00,dummy-v1
RS-00944,2025-12-17,JKS-017,Pancoran,Pancoran,CURANMOR,18:00-23:59,47,Moderate,35,57,48,49,54,dummy-v1,2025-12-17T18:00+07:00,2025-12-18T00:00+07:00,dummy-v1
RS-00945,2025-12-24,JKS-017,Pancoran,Pancoran,CURAT,00:00-06:00,25,Low,20,13,35,35,35,dummy-v1,2025-12-24T00:00+07:00,2025-12-24T06:00+07:00,dummy-v1
RS-00946,2025-12-24,JKS-017,Pancoran,Pancoran,CURAT,06:00-12:00,26,Low,41,19,12,33,16,dummy-v1,2025-12-24T06:00+07:00,2025-12-24T12:00+07:00,dummy-v1
RS-00947,2025-12-24,JKS-017,Pancoran,Pancoran,CURAS,12:00-18:00,64,Moderate,59,69,58,73,64,dummy-v1,2025-12-24T12:00+07:00,2025-12-24T18:00+07:00,dummy-v1
RS-00948,2025-12-24,JKS-017,Pancoran,Pancoran,CURAT,18:00-23:59,47,Moderate,41,61,37,58,34,dummy-v1,2025-12-24T18:00+07:00,2025-12-25T00:00+07:00,dummy-v1
RS-00949,2025-12-31,JKS-017,Pancoran,Pancoran,CURAT,00:00-06:00,36,Low,33,24,48,40,44,dummy-v1,2025-12-31T00:00+07:00,2025-12-31T06:00+07:00,dummy-v1
RS-00950,2025-12-31,JKS-017,Pancoran,Pancoran,CURAS,06:00-12:00,61,Moderate,46,71,63,76,54,dummy-v1,2025-12-31T06:00+07:00,2025-12-31T12:00+07:00,dummy-v1
RS-00951,2025-12-31,JKS-017,Pancoran,Pancoran,CURAS,12:00-18:00,60,Moderate,68,54,65,47,60,dummy-v1,2025-12-31T12:00+07:00,2025-12-31T18:00+07:00,dummy-v1
RS-00952,2025-12-31,JKS-017,Pancoran,Pancoran,CURAT,18:00-23:59,79,High,76,88,70,90,67,dummy-v1,2025-12-31T18:00+07:00,2026-01-01T00:00+07:00,dummy-v1
RS-00953,2025-10-01,JKS-018,Pancoran,Duren Tiga,CURAT,00:00-06:00,65,Moderate,58,64,78,55,76,dummy-v1,2025-10-01T00:00+07:00,2025-10-01T06:00+07:00,dummy-v1
RS-00954,2025-10-01,JKS-018,Pancoran,Duren Tiga,CURAT,06:00-12:00,71,High,74,78,56,65,82,dummy-v1,2025-10-01T06:00+07:00,2025-10-01T12:00+07:00,dummy-v1
RS-00955,2025-10-01,JKS-018,Pancoran,Duren Tiga,CURANMOR,12:00-18:00,46,Moderate,49,31,58,47,49,dummy-v1,2025-10-01T12:00+07:00,2025-10-01T18:00+07:00,dummy-v1
RS-00956,2025-10-01,JKS-018,Pancoran,Duren Tiga,CURAS,18:00-23:59,81,High,63,83,93,94,85,dummy-v1,2025-10-01T18:00+07:00,2025-10-02T00:00+07:00,dummy-v1
RS-00957,2025-10-08,JKS-018,Pancoran,Duren Tiga,CURAT,00:00-06:00,42,Low,43,41,42,35,53,dummy-v1,2025-10-08T00:00+07:00,2025-10-08T06:00+07:00,dummy-v1
RS-00958,2025-10-08,JKS-018,Pancoran,Duren Tiga,CURAT,06:00-12:00,58,Moderate,63,58,53,49,66,dummy-v1,2025-10-08T06:00+07:00,2025-10-08T12:00+07:00,dummy-v1
RS-00959,2025-10-08,JKS-018,Pancoran,Duren Tiga,CURANMOR,12:00-18:00,26,Low,44,12,21,25,18,dummy-v1,2025-10-08T12:00+07:00,2025-10-08T18:00+07:00,dummy-v1
RS-00960,2025-10-08,JKS-018,Pancoran,Duren Tiga,CURANMOR,18:00-23:59,74,High,70,66,77,83,86,dummy-v1,2025-10-08T18:00+07:00,2025-10-09T00:00+07:00,dummy-v1
RS-00961,2025-10-15,JKS-018,Pancoran,Duren Tiga,CURAS,00:00-06:00,37,Low,49,22,36,44,30,dummy-v1,2025-10-15T00:00+07:00,2025-10-15T06:00+07:00,dummy-v1
RS-00962,2025-10-15,JKS-018,Pancoran,Duren Tiga,CURANMOR,06:00-12:00,49,Moderate,43,56,41,49,64,dummy-v1,2025-10-15T06:00+07:00,2025-10-15T12:00+07:00,dummy-v1
RS-00963,2025-10-15,JKS-018,Pancoran,Duren Tiga,CURAT,12:00-18:00,59,Moderate,67,46,64,59,57,dummy-v1,2025-10-15T12:00+07:00,2025-10-15T18:00+07:00,dummy-v1
RS-00964,2025-10-15,JKS-018,Pancoran,Duren Tiga,CURAS,18:00-23:59,43,Low,32,54,54,29,47,dummy-v1,2025-10-15T18:00+07:00,2025-10-16T00:00+07:00,dummy-v1
RS-00965,2025-10-22,JKS-018,Pancoran,Duren Tiga,CURANMOR,00:00-06:00,65,Moderate,78,61,56,58,65,dummy-v1,2025-10-22T00:00+07:00,2025-10-22T06:00+07:00,dummy-v1
RS-00966,2025-10-22,JKS-018,Pancoran,Duren Tiga,CURAS,06:00-12:00,72,High,66,69,86,61,85,dummy-v1,2025-10-22T06:00+07:00,2025-10-22T12:00+07:00,dummy-v1
RS-00967,2025-10-22,JKS-018,Pancoran,Duren Tiga,CURAT,12:00-18:00,42,Low,29,57,35,48,48,dummy-v1,2025-10-22T12:00+07:00,2025-10-22T18:00+07:00,dummy-v1
RS-00968,2025-10-22,JKS-018,Pancoran,Duren Tiga,CURAT,18:00-23:59,83,High,89,89,72,74,85,dummy-v1,2025-10-22T18:00+07:00,2025-10-23T00:00+07:00,dummy-v1
RS-00969,2025-10-29,JKS-018,Pancoran,Duren Tiga,CURAT,00:00-06:00,44,Low,35,57,44,49,30,dummy-v1,2025-10-29T00:00+07:00,2025-10-29T06:00+07:00,dummy-v1
RS-00970,2025-10-29,JKS-018,Pancoran,Duren Tiga,CURAT,06:00-12:00,67,Moderate,46,77,73,81,71,dummy-v1,2025-10-29T06:00+07:00,2025-10-29T12:00+07:00,dummy-v1
RS-00971,2025-10-29,JKS-018,Pancoran,Duren Tiga,CURAT,12:00-18:00,30,Low,45,16,22,24,45,dummy-v1,2025-10-29T12:00+07:00,2025-10-29T18:00+07:00,dummy-v1
RS-00972,2025-10-29,JKS-018,Pancoran,Duren Tiga,CURAT,18:00-23:59,76,High,77,73,83,67,81,dummy-v1,2025-10-29T18:00+07:00,2025-10-30T00:00+07:00,dummy-v1
RS-00973,2025-11-05,JKS-018,Pancoran,Duren Tiga,CURANMOR,00:00-06:00,69,Moderate,72,63,76,66,66,dummy-v1,2025-11-05T00:00+07:00,2025-11-05T06:00+07:00,dummy-v1
RS-00974,2025-11-05,JKS-018,Pancoran,Duren Tiga,CURAT,06:00-12:00,52,Moderate,66,42,48,53,42,dummy-v1,2025-11-05T06:00+07:00,2025-11-05T12:00+07:00,dummy-v1
RS-00975,2025-11-05,JKS-018,Pancoran,Duren Tiga,CURAS,12:00-18:00,68,Moderate,76,65,72,56,62,dummy-v1,2025-11-05T12:00+07:00,2025-11-05T18:00+07:00,dummy-v1
RS-00976,2025-11-05,JKS-018,Pancoran,Duren Tiga,CURANMOR,18:00-23:59,80,High,91,68,73,91,73,dummy-v1,2025-11-05T18:00+07:00,2025-11-06T00:00+07:00,dummy-v1
RS-00977,2025-11-12,JKS-018,Pancoran,Duren Tiga,CURAT,00:00-06:00,73,High,91,58,64,71,76,dummy-v1,2025-11-12T00:00+07:00,2025-11-12T06:00+07:00,dummy-v1
RS-00978,2025-11-12,JKS-018,Pancoran,Duren Tiga,CURAS,06:00-12:00,62,Moderate,51,76,57,76,49,dummy-v1,2025-11-12T06:00+07:00,2025-11-12T12:00+07:00,dummy-v1
RS-00979,2025-11-12,JKS-018,Pancoran,Duren Tiga,CURANMOR,12:00-18:00,65,Moderate,52,65,69,75,80,dummy-v1,2025-11-12T12:00+07:00,2025-11-12T18:00+07:00,dummy-v1
RS-00980,2025-11-12,JKS-018,Pancoran,Duren Tiga,CURAT,18:00-23:59,84,High,66,91,95,94,83,dummy-v1,2025-11-12T18:00+07:00,2025-11-13T00:00+07:00,dummy-v1
RS-00981,2025-11-19,JKS-018,Pancoran,Duren Tiga,CURAS,00:00-06:00,69,Moderate,57,64,83,78,76,dummy-v1,2025-11-19T00:00+07:00,2025-11-19T06:00+07:00,dummy-v1
RS-00982,2025-11-19,JKS-018,Pancoran,Duren Tiga,CURAT,06:00-12:00,45,Moderate,27,56,42,56,60,dummy-v1,2025-11-19T06:00+07:00,2025-11-19T12:00+07:00,dummy-v1
RS-00983,2025-11-19,JKS-018,Pancoran,Duren Tiga,CURANMOR,12:00-18:00,32,Low,35,35,17,41,32,dummy-v1,2025-11-19T12:00+07:00,2025-11-19T18:00+07:00,dummy-v1
RS-00984,2025-11-19,JKS-018,Pancoran,Duren Tiga,CURAS,18:00-23:59,85,Critical,76,89,77,98,100,dummy-v1,2025-11-19T18:00+07:00,2025-11-20T00:00+07:00,dummy-v1
RS-00985,2025-11-26,JKS-018,Pancoran,Duren Tiga,CURAT,00:00-06:00,48,Moderate,43,58,58,37,35,dummy-v1,2025-11-26T00:00+07:00,2025-11-26T06:00+07:00,dummy-v1
RS-00986,2025-11-26,JKS-018,Pancoran,Duren Tiga,CURAS,06:00-12:00,60,Moderate,46,62,72,71,56,dummy-v1,2025-11-26T06:00+07:00,2025-11-26T12:00+07:00,dummy-v1
RS-00987,2025-11-26,JKS-018,Pancoran,Duren Tiga,CURAT,12:00-18:00,55,Moderate,76,43,51,40,52,dummy-v1,2025-11-26T12:00+07:00,2025-11-26T18:00+07:00,dummy-v1
RS-00988,2025-11-26,JKS-018,Pancoran,Duren Tiga,CURAS,18:00-23:59,66,Moderate,72,78,52,55,63,dummy-v1,2025-11-26T18:00+07:00,2025-11-27T00:00+07:00,dummy-v1
RS-00989,2025-12-03,JKS-018,Pancoran,Duren Tiga,CURANMOR,00:00-06:00,53,Moderate,54,52,53,62,39,dummy-v1,2025-12-03T00:00+07:00,2025-12-03T06:00+07:00,dummy-v1
RS-00990,2025-12-03,JKS-018,Pancoran,Duren Tiga,CURAT,06:00-12:00,57,Moderate,61,55,46,61,66,dummy-v1,2025-12-03T06:00+07:00,2025-12-03T12:00+07:00,dummy-v1
RS-00991,2025-12-03,JKS-018,Pancoran,Duren Tiga,CURANMOR,12:00-18:00,54,Moderate,52,50,65,43,65,dummy-v1,2025-12-03T12:00+07:00,2025-12-03T18:00+07:00,dummy-v1
RS-00992,2025-12-03,JKS-018,Pancoran,Duren Tiga,CURAS,18:00-23:59,44,Low,44,53,42,30,45,dummy-v1,2025-12-03T18:00+07:00,2025-12-04T00:00+07:00,dummy-v1
RS-00993,2025-12-10,JKS-018,Pancoran,Duren Tiga,CURAS,00:00-06:00,35,Low,46,22,33,29,48,dummy-v1,2025-12-10T00:00+07:00,2025-12-10T06:00+07:00,dummy-v1
RS-00994,2025-12-10,JKS-018,Pancoran,Duren Tiga,CURAS,06:00-12:00,55,Moderate,56,40,67,67,46,dummy-v1,2025-12-10T06:00+07:00,2025-12-10T12:00+07:00,dummy-v1
RS-00995,2025-12-10,JKS-018,Pancoran,Duren Tiga,CURAT,12:00-18:00,49,Moderate,55,54,34,38,64,dummy-v1,2025-12-10T12:00+07:00,2025-12-10T18:00+07:00,dummy-v1
RS-00996,2025-12-10,JKS-018,Pancoran,Duren Tiga,CURAT,18:00-23:59,53,Moderate,47,55,68,39,57,dummy-v1,2025-12-10T18:00+07:00,2025-12-11T00:00+07:00,dummy-v1
RS-00997,2025-12-17,JKS-018,Pancoran,Duren Tiga,CURAS,00:00-06:00,41,Low,41,55,39,29,27,dummy-v1,2025-12-17T00:00+07:00,2025-12-17T06:00+07:00,dummy-v1
RS-00998,2025-12-17,JKS-018,Pancoran,Duren Tiga,CURAT,06:00-12:00,33,Low,24,42,48,22,23,dummy-v1,2025-12-17T06:00+07:00,2025-12-17T12:00+07:00,dummy-v1
RS-00999,2025-12-17,JKS-018,Pancoran,Duren Tiga,CURAT,12:00-18:00,49,Moderate,60,34,44,54,57,dummy-v1,2025-12-17T12:00+07:00,2025-12-17T18:00+07:00,dummy-v1
RS-01000,2025-12-17,JKS-018,Pancoran,Duren Tiga,CURANMOR,18:00-23:59,87,Critical,91,76,96,82,93,dummy-v1,2025-12-17T18:00+07:00,2025-12-18T00:00+07:00,dummy-v1
RS-01001,2025-12-24,JKS-018,Pancoran,Duren Tiga,CURAS,00:00-06:00,52,Moderate,55,57,39,61,42,dummy-v1,2025-12-24T00:00+07:00,2025-12-24T06:00+07:00,dummy-v1
RS-01002,2025-12-24,JKS-018,Pancoran,Duren Tiga,CURAT,06:00-12:00,56,Moderate,59,62,42,58,58,dummy-v1,2025-12-24T06:00+07:00,2025-12-24T12:00+07:00,dummy-v1
RS-01003,2025-12-24,JKS-018,Pancoran,Duren Tiga,CURANMOR,12:00-18:00,28,Low,24,29,38,22,25,dummy-v1,2025-12-24T12:00+07:00,2025-12-24T18:00+07:00,dummy-v1
RS-01004,2025-12-24,JKS-018,Pancoran,Duren Tiga,CURAS,18:00-23:59,40,Low,40,27,55,35,49,dummy-v1,2025-12-24T18:00+07:00,2025-12-25T00:00+07:00,dummy-v1
RS-01005,2025-12-31,JKS-018,Pancoran,Duren Tiga,CURAT,00:00-06:00,58,Moderate,48,66,67,59,47,dummy-v1,2025-12-31T00:00+07:00,2025-12-31T06:00+07:00,dummy-v1
RS-01006,2025-12-31,JKS-018,Pancoran,Duren Tiga,CURAS,06:00-12:00,61,Moderate,82,46,48,52,75,dummy-v1,2025-12-31T06:00+07:00,2025-12-31T12:00+07:00,dummy-v1
RS-01007,2025-12-31,JKS-018,Pancoran,Duren Tiga,CURAS,12:00-18:00,71,High,48,84,85,75,72,dummy-v1,2025-12-31T12:00+07:00,2025-12-31T18:00+07:00,dummy-v1
RS-01008,2025-12-31,JKS-018,Pancoran,Duren Tiga,CURAT,18:00-23:59,80,High,65,90,92,80,77,dummy-v1,2025-12-31T18:00+07:00,2026-01-01T00:00+07:00,dummy-v1
RS-01009,2025-10-01,JKS-019,Pancoran,Kalibata,CURAS,00:00-06:00,74,High,78,75,65,78,71,dummy-v1,2025-10-01T00:00+07:00,2025-10-01T06:00+07:00,dummy-v1
RS-01010,2025-10-01,JKS-019,Pancoran,Kalibata,CURAS,06:00-12:00,58,Moderate,49,67,66,56,50,dummy-v1,2025-10-01T06:00+07:00,2025-10-01T12:00+07:00,dummy-v1
RS-01011,2025-10-01,JKS-019,Pancoran,Kalibata,CURANMOR,12:00-18:00,31,Low,14,36,41,43,30,dummy-v1,2025-10-01T12:00+07:00,2025-10-01T18:00+07:00,dummy-v1
RS-01012,2025-10-01,JKS-019,Pancoran,Kalibata,CURAS,18:00-23:59,62,Moderate,62,74,52,61,54,dummy-v1,2025-10-01T18:00+07:00,2025-10-02T00:00+07:00,dummy-v1
RS-01013,2025-10-08,JKS-019,Pancoran,Kalibata,CURAT,00:00-06:00,60,Moderate,49,71,74,45,61,dummy-v1,2025-10-08T00:00+07:00,2025-10-08T06:00+07:00,dummy-v1
RS-01014,2025-10-08,JKS-019,Pancoran,Kalibata,CURANMOR,06:00-12:00,38,Low,52,31,31,26,46,dummy-v1,2025-10-08T06:00+07:00,2025-10-08T12:00+07:00,dummy-v1
RS-01015,2025-10-08,JKS-019,Pancoran,Kalibata,CURAT,12:00-18:00,29,Low,25,39,26,26,27,dummy-v1,2025-10-08T12:00+07:00,2025-10-08T18:00+07:00,dummy-v1
RS-01016,2025-10-08,JKS-019,Pancoran,Kalibata,CURAS,18:00-23:59,60,Moderate,49,75,50,69,63,dummy-v1,2025-10-08T18:00+07:00,2025-10-09T00:00+07:00,dummy-v1
RS-01017,2025-10-15,JKS-019,Pancoran,Kalibata,CURAS,00:00-06:00,66,Moderate,64,53,73,74,79,dummy-v1,2025-10-15T00:00+07:00,2025-10-15T06:00+07:00,dummy-v1
RS-01018,2025-10-15,JKS-019,Pancoran,Kalibata,CURAS,06:00-12:00,60,Moderate,56,57,70,60,60,dummy-v1,2025-10-15T06:00+07:00,2025-10-15T12:00+07:00,dummy-v1
RS-01019,2025-10-15,JKS-019,Pancoran,Kalibata,CURAT,12:00-18:00,28,Low,39,32,16,22,17,dummy-v1,2025-10-15T12:00+07:00,2025-10-15T18:00+07:00,dummy-v1
RS-01020,2025-10-15,JKS-019,Pancoran,Kalibata,CURANMOR,18:00-23:59,55,Moderate,67,47,43,54,65,dummy-v1,2025-10-15T18:00+07:00,2025-10-16T00:00+07:00,dummy-v1
RS-01021,2025-10-22,JKS-019,Pancoran,Kalibata,CURAT,00:00-06:00,69,Moderate,81,71,58,61,63,dummy-v1,2025-10-22T00:00+07:00,2025-10-22T06:00+07:00,dummy-v1
RS-01022,2025-10-22,JKS-019,Pancoran,Kalibata,CURAT,06:00-12:00,35,Low,32,34,45,22,45,dummy-v1,2025-10-22T06:00+07:00,2025-10-22T12:00+07:00,dummy-v1
RS-01023,2025-10-22,JKS-019,Pancoran,Kalibata,CURAS,12:00-18:00,71,High,50,83,81,83,67,dummy-v1,2025-10-22T12:00+07:00,2025-10-22T18:00+07:00,dummy-v1
RS-01024,2025-10-22,JKS-019,Pancoran,Kalibata,CURAS,18:00-23:59,64,Moderate,63,61,72,53,75,dummy-v1,2025-10-22T18:00+07:00,2025-10-23T00:00+07:00,dummy-v1
RS-01025,2025-10-29,JKS-019,Pancoran,Kalibata,CURAS,00:00-06:00,37,Low,43,32,42,33,28,dummy-v1,2025-10-29T00:00+07:00,2025-10-29T06:00+07:00,dummy-v1
RS-01026,2025-10-29,JKS-019,Pancoran,Kalibata,CURAT,06:00-12:00,26,Low,40,25,13,16,27,dummy-v1,2025-10-29T06:00+07:00,2025-10-29T12:00+07:00,dummy-v1
RS-01027,2025-10-29,JKS-019,Pancoran,Kalibata,CURAS,12:00-18:00,65,Moderate,51,73,79,58,71,dummy-v1,2025-10-29T12:00+07:00,2025-10-29T18:00+07:00,dummy-v1
RS-01028,2025-10-29,JKS-019,Pancoran,Kalibata,CURAT,18:00-23:59,57,Moderate,53,59,60,67,44,dummy-v1,2025-10-29T18:00+07:00,2025-10-30T00:00+07:00,dummy-v1
RS-01029,2025-11-05,JKS-019,Pancoran,Kalibata,CURAT,00:00-06:00,70,High,64,66,78,85,59,dummy-v1,2025-11-05T00:00+07:00,2025-11-05T06:00+07:00,dummy-v1
RS-01030,2025-11-05,JKS-019,Pancoran,Kalibata,CURAT,06:00-12:00,60,Moderate,56,53,63,68,72,dummy-v1,2025-11-05T06:00+07:00,2025-11-05T12:00+07:00,dummy-v1
RS-01031,2025-11-05,JKS-019,Pancoran,Kalibata,CURAS,12:00-18:00,35,Low,16,48,44,44,29,dummy-v1,2025-11-05T12:00+07:00,2025-11-05T18:00+07:00,dummy-v1
RS-01032,2025-11-05,JKS-019,Pancoran,Kalibata,CURANMOR,18:00-23:59,44,Low,32,46,51,59,39,dummy-v1,2025-11-05T18:00+07:00,2025-11-06T00:00+07:00,dummy-v1
RS-01033,2025-11-12,JKS-019,Pancoran,Kalibata,CURAS,00:00-06:00,27,Low,34,34,12,24,24,dummy-v1,2025-11-12T00:00+07:00,2025-11-12T06:00+07:00,dummy-v1
RS-01034,2025-11-12,JKS-019,Pancoran,Kalibata,CURAS,06:00-12:00,45,Moderate,38,50,49,54,32,dummy-v1,2025-11-12T06:00+07:00,2025-11-12T12:00+07:00,dummy-v1
RS-01035,2025-11-12,JKS-019,Pancoran,Kalibata,CURANMOR,12:00-18:00,50,Moderate,47,58,45,41,62,dummy-v1,2025-11-12T12:00+07:00,2025-11-12T18:00+07:00,dummy-v1
RS-01036,2025-11-12,JKS-019,Pancoran,Kalibata,CURAT,18:00-23:59,39,Low,33,31,51,52,34,dummy-v1,2025-11-12T18:00+07:00,2025-11-13T00:00+07:00,dummy-v1
RS-01037,2025-11-19,JKS-019,Pancoran,Kalibata,CURANMOR,00:00-06:00,66,Moderate,89,54,56,61,53,dummy-v1,2025-11-19T00:00+07:00,2025-11-19T06:00+07:00,dummy-v1
RS-01038,2025-11-19,JKS-019,Pancoran,Kalibata,CURAS,06:00-12:00,40,Low,32,55,27,53,33,dummy-v1,2025-11-19T06:00+07:00,2025-11-19T12:00+07:00,dummy-v1
RS-01039,2025-11-19,JKS-019,Pancoran,Kalibata,CURAS,12:00-18:00,64,Moderate,60,53,67,77,79,dummy-v1,2025-11-19T12:00+07:00,2025-11-19T18:00+07:00,dummy-v1
RS-01040,2025-11-19,JKS-019,Pancoran,Kalibata,CURAT,18:00-23:59,60,Moderate,60,51,71,64,53,dummy-v1,2025-11-19T18:00+07:00,2025-11-20T00:00+07:00,dummy-v1
RS-01041,2025-11-26,JKS-019,Pancoran,Kalibata,CURAS,00:00-06:00,68,Moderate,80,57,59,76,66,dummy-v1,2025-11-26T00:00+07:00,2025-11-26T06:00+07:00,dummy-v1
RS-01042,2025-11-26,JKS-019,Pancoran,Kalibata,CURAS,06:00-12:00,69,Moderate,69,67,75,74,55,dummy-v1,2025-11-26T06:00+07:00,2025-11-26T12:00+07:00,dummy-v1
RS-01043,2025-11-26,JKS-019,Pancoran,Kalibata,CURAS,12:00-18:00,33,Low,33,19,46,32,43,dummy-v1,2025-11-26T12:00+07:00,2025-11-26T18:00+07:00,dummy-v1
RS-01044,2025-11-26,JKS-019,Pancoran,Kalibata,CURAT,18:00-23:59,68,Moderate,72,62,64,70,75,dummy-v1,2025-11-26T18:00+07:00,2025-11-27T00:00+07:00,dummy-v1
RS-01045,2025-12-03,JKS-019,Pancoran,Kalibata,CURAS,00:00-06:00,48,Moderate,54,40,54,46,40,dummy-v1,2025-12-03T00:00+07:00,2025-12-03T06:00+07:00,dummy-v1
RS-01046,2025-12-03,JKS-019,Pancoran,Kalibata,CURANMOR,06:00-12:00,25,Low,27,16,39,20,22,dummy-v1,2025-12-03T06:00+07:00,2025-12-03T12:00+07:00,dummy-v1
RS-01047,2025-12-03,JKS-019,Pancoran,Kalibata,CURAT,12:00-18:00,26,Low,31,29,17,22,26,dummy-v1,2025-12-03T12:00+07:00,2025-12-03T18:00+07:00,dummy-v1
RS-01048,2025-12-03,JKS-019,Pancoran,Kalibata,CURAT,18:00-23:59,75,High,73,87,64,79,67,dummy-v1,2025-12-03T18:00+07:00,2025-12-04T00:00+07:00,dummy-v1
RS-01049,2025-12-10,JKS-019,Pancoran,Kalibata,CURANMOR,00:00-06:00,28,Low,43,13,18,32,35,dummy-v1,2025-12-10T00:00+07:00,2025-12-10T06:00+07:00,dummy-v1
RS-01050,2025-12-10,JKS-019,Pancoran,Kalibata,CURANMOR,06:00-12:00,43,Low,62,31,29,49,35,dummy-v1,2025-12-10T06:00+07:00,2025-12-10T12:00+07:00,dummy-v1
RS-01051,2025-12-10,JKS-019,Pancoran,Kalibata,CURAS,12:00-18:00,27,Low,35,14,33,21,32,dummy-v1,2025-12-10T12:00+07:00,2025-12-10T18:00+07:00,dummy-v1
RS-01052,2025-12-10,JKS-019,Pancoran,Kalibata,CURAT,18:00-23:59,65,Moderate,59,77,66,56,66,dummy-v1,2025-12-10T18:00+07:00,2025-12-11T00:00+07:00,dummy-v1
RS-01053,2025-12-17,JKS-019,Pancoran,Kalibata,CURAT,00:00-06:00,73,High,77,69,67,75,81,dummy-v1,2025-12-17T00:00+07:00,2025-12-17T06:00+07:00,dummy-v1
RS-01054,2025-12-17,JKS-019,Pancoran,Kalibata,CURAT,06:00-12:00,65,Moderate,49,78,68,62,80,dummy-v1,2025-12-17T06:00+07:00,2025-12-17T12:00+07:00,dummy-v1
RS-01055,2025-12-17,JKS-019,Pancoran,Kalibata,CURAT,12:00-18:00,60,Moderate,82,47,48,53,60,dummy-v1,2025-12-17T12:00+07:00,2025-12-17T18:00+07:00,dummy-v1
RS-01056,2025-12-17,JKS-019,Pancoran,Kalibata,CURAS,18:00-23:59,52,Moderate,54,45,62,53,43,dummy-v1,2025-12-17T18:00+07:00,2025-12-18T00:00+07:00,dummy-v1
RS-01057,2025-12-24,JKS-019,Pancoran,Kalibata,CURAT,00:00-06:00,33,Low,36,23,34,47,26,dummy-v1,2025-12-24T00:00+07:00,2025-12-24T06:00+07:00,dummy-v1
RS-01058,2025-12-24,JKS-019,Pancoran,Kalibata,CURAS,06:00-12:00,54,Moderate,74,45,41,49,49,dummy-v1,2025-12-24T06:00+07:00,2025-12-24T12:00+07:00,dummy-v1
RS-01059,2025-12-24,JKS-019,Pancoran,Kalibata,CURAS,12:00-18:00,54,Moderate,60,44,61,49,54,dummy-v1,2025-12-24T12:00+07:00,2025-12-24T18:00+07:00,dummy-v1
RS-01060,2025-12-24,JKS-019,Pancoran,Kalibata,CURANMOR,18:00-23:59,73,High,50,86,73,88,86,dummy-v1,2025-12-24T18:00+07:00,2025-12-25T00:00+07:00,dummy-v1
RS-01061,2025-12-31,JKS-019,Pancoran,Kalibata,CURAS,00:00-06:00,64,Moderate,74,50,55,78,65,dummy-v1,2025-12-31T00:00+07:00,2025-12-31T06:00+07:00,dummy-v1
RS-01062,2025-12-31,JKS-019,Pancoran,Kalibata,CURAS,06:00-12:00,48,Moderate,54,51,45,34,49,dummy-v1,2025-12-31T06:00+07:00,2025-12-31T12:00+07:00,dummy-v1
RS-01063,2025-12-31,JKS-019,Pancoran,Kalibata,CURANMOR,12:00-18:00,56,Moderate,50,61,67,48,52,dummy-v1,2025-12-31T12:00+07:00,2025-12-31T18:00+07:00,dummy-v1
RS-01064,2025-12-31,JKS-019,Pancoran,Kalibata,CURAS,18:00-23:59,78,High,66,92,88,71,68,dummy-v1,2025-12-31T18:00+07:00,2026-01-01T00:00+07:00,dummy-v1
RS-01065,2025-10-01,JKS-020,Tebet,Tebet Barat,CURAS,00:00-06:00,44,Low,54,38,39,37,51,dummy-v1,2025-10-01T00:00+07:00,2025-10-01T06:00+07:00,dummy-v1
RS-01066,2025-10-01,JKS-020,Tebet,Tebet Barat,CURAS,06:00-12:00,53,Moderate,55,44,67,40,62,dummy-v1,2025-10-01T06:00+07:00,2025-10-01T12:00+07:00,dummy-v1
RS-01067,2025-10-01,JKS-020,Tebet,Tebet Barat,CURAT,12:00-18:00,68,Moderate,49,78,71,75,82,dummy-v1,2025-10-01T12:00+07:00,2025-10-01T18:00+07:00,dummy-v1
RS-01068,2025-10-01,JKS-020,Tebet,Tebet Barat,CURAT,18:00-23:59,83,High,100,77,74,68,83,dummy-v1,2025-10-01T18:00+07:00,2025-10-02T00:00+07:00,dummy-v1
RS-01069,2025-10-08,JKS-020,Tebet,Tebet Barat,CURANMOR,00:00-06:00,50,Moderate,46,47,56,46,65,dummy-v1,2025-10-08T00:00+07:00,2025-10-08T06:00+07:00,dummy-v1
RS-01070,2025-10-08,JKS-020,Tebet,Tebet Barat,CURAS,06:00-12:00,55,Moderate,48,57,55,60,62,dummy-v1,2025-10-08T06:00+07:00,2025-10-08T12:00+07:00,dummy-v1
RS-01071,2025-10-08,JKS-020,Tebet,Tebet Barat,CURAS,12:00-18:00,33,Low,30,41,26,38,29,dummy-v1,2025-10-08T12:00+07:00,2025-10-08T18:00+07:00,dummy-v1
RS-01072,2025-10-08,JKS-020,Tebet,Tebet Barat,CURAT,18:00-23:59,34,Low,15,42,40,48,37,dummy-v1,2025-10-08T18:00+07:00,2025-10-09T00:00+07:00,dummy-v1
RS-01073,2025-10-15,JKS-020,Tebet,Tebet Barat,CURANMOR,00:00-06:00,71,High,84,66,57,76,65,dummy-v1,2025-10-15T00:00+07:00,2025-10-15T06:00+07:00,dummy-v1
RS-01074,2025-10-15,JKS-020,Tebet,Tebet Barat,CURANMOR,06:00-12:00,35,Low,30,45,24,36,46,dummy-v1,2025-10-15T06:00+07:00,2025-10-15T12:00+07:00,dummy-v1
RS-01075,2025-10-15,JKS-020,Tebet,Tebet Barat,CURAS,12:00-18:00,35,Low,28,46,32,30,41,dummy-v1,2025-10-15T12:00+07:00,2025-10-15T18:00+07:00,dummy-v1
RS-01076,2025-10-15,JKS-020,Tebet,Tebet Barat,CURAS,18:00-23:59,77,High,92,63,72,71,86,dummy-v1,2025-10-15T18:00+07:00,2025-10-16T00:00+07:00,dummy-v1
RS-01077,2025-10-22,JKS-020,Tebet,Tebet Barat,CURANMOR,00:00-06:00,53,Moderate,48,61,50,51,57,dummy-v1,2025-10-22T00:00+07:00,2025-10-22T06:00+07:00,dummy-v1
RS-01078,2025-10-22,JKS-020,Tebet,Tebet Barat,CURANMOR,06:00-12:00,50,Moderate,55,37,56,58,44,dummy-v1,2025-10-22T06:00+07:00,2025-10-22T12:00+07:00,dummy-v1
RS-01079,2025-10-22,JKS-020,Tebet,Tebet Barat,CURANMOR,12:00-18:00,31,Low,42,34,23,19,25,dummy-v1,2025-10-22T12:00+07:00,2025-10-22T18:00+07:00,dummy-v1
RS-01080,2025-10-22,JKS-020,Tebet,Tebet Barat,CURAT,18:00-23:59,47,Moderate,46,40,57,57,34,dummy-v1,2025-10-22T18:00+07:00,2025-10-23T00:00+07:00,dummy-v1
RS-01081,2025-10-29,JKS-020,Tebet,Tebet Barat,CURAT,00:00-06:00,35,Low,36,35,36,28,41,dummy-v1,2025-10-29T00:00+07:00,2025-10-29T06:00+07:00,dummy-v1
RS-01082,2025-10-29,JKS-020,Tebet,Tebet Barat,CURAS,06:00-12:00,49,Moderate,45,62,50,45,34,dummy-v1,2025-10-29T06:00+07:00,2025-10-29T12:00+07:00,dummy-v1
RS-01083,2025-10-29,JKS-020,Tebet,Tebet Barat,CURAT,12:00-18:00,38,Low,24,45,44,45,39,dummy-v1,2025-10-29T12:00+07:00,2025-10-29T18:00+07:00,dummy-v1
RS-01084,2025-10-29,JKS-020,Tebet,Tebet Barat,CURAT,18:00-23:59,40,Low,29,43,39,50,52,dummy-v1,2025-10-29T18:00+07:00,2025-10-30T00:00+07:00,dummy-v1
RS-01085,2025-11-05,JKS-020,Tebet,Tebet Barat,CURANMOR,00:00-06:00,29,Low,38,19,36,28,16,dummy-v1,2025-11-05T00:00+07:00,2025-11-05T06:00+07:00,dummy-v1
RS-01086,2025-11-05,JKS-020,Tebet,Tebet Barat,CURAS,06:00-12:00,70,High,76,60,68,70,81,dummy-v1,2025-11-05T06:00+07:00,2025-11-05T12:00+07:00,dummy-v1
RS-01087,2025-11-05,JKS-020,Tebet,Tebet Barat,CURAS,12:00-18:00,32,Low,22,45,32,37,21,dummy-v1,2025-11-05T12:00+07:00,2025-11-05T18:00+07:00,dummy-v1
RS-01088,2025-11-05,JKS-020,Tebet,Tebet Barat,CURAT,18:00-23:59,47,Moderate,67,46,33,32,41,dummy-v1,2025-11-05T18:00+07:00,2025-11-06T00:00+07:00,dummy-v1
RS-01089,2025-11-12,JKS-020,Tebet,Tebet Barat,CURANMOR,00:00-06:00,39,Low,47,31,45,26,42,dummy-v1,2025-11-12T00:00+07:00,2025-11-12T06:00+07:00,dummy-v1
RS-01090,2025-11-12,JKS-020,Tebet,Tebet Barat,CURAS,06:00-12:00,63,Moderate,69,53,73,49,70,dummy-v1,2025-11-12T06:00+07:00,2025-11-12T12:00+07:00,dummy-v1
RS-01091,2025-11-12,JKS-020,Tebet,Tebet Barat,CURANMOR,12:00-18:00,56,Moderate,74,53,46,49,41,dummy-v1,2025-11-12T12:00+07:00,2025-11-12T18:00+07:00,dummy-v1
RS-01092,2025-11-12,JKS-020,Tebet,Tebet Barat,CURAS,18:00-23:59,84,High,69,93,85,92,92,dummy-v1,2025-11-12T18:00+07:00,2025-11-13T00:00+07:00,dummy-v1
RS-01093,2025-11-19,JKS-020,Tebet,Tebet Barat,CURAS,00:00-06:00,35,Low,26,48,45,25,24,dummy-v1,2025-11-19T00:00+07:00,2025-11-19T06:00+07:00,dummy-v1
RS-01094,2025-11-19,JKS-020,Tebet,Tebet Barat,CURAS,06:00-12:00,29,Low,45,19,21,15,42,dummy-v1,2025-11-19T06:00+07:00,2025-11-19T12:00+07:00,dummy-v1
RS-01095,2025-11-19,JKS-020,Tebet,Tebet Barat,CURAS,12:00-18:00,55,Moderate,71,53,42,46,52,dummy-v1,2025-11-19T12:00+07:00,2025-11-19T18:00+07:00,dummy-v1
RS-01096,2025-11-19,JKS-020,Tebet,Tebet Barat,CURAT,18:00-23:59,40,Low,26,53,44,43,37,dummy-v1,2025-11-19T18:00+07:00,2025-11-20T00:00+07:00,dummy-v1
RS-01097,2025-11-26,JKS-020,Tebet,Tebet Barat,CURAT,00:00-06:00,36,Low,34,26,47,45,32,dummy-v1,2025-11-26T00:00+07:00,2025-11-26T06:00+07:00,dummy-v1
RS-01098,2025-11-26,JKS-020,Tebet,Tebet Barat,CURANMOR,06:00-12:00,49,Moderate,58,39,50,51,42,dummy-v1,2025-11-26T06:00+07:00,2025-11-26T12:00+07:00,dummy-v1
RS-01099,2025-11-26,JKS-020,Tebet,Tebet Barat,CURAS,12:00-18:00,70,High,85,70,56,63,63,dummy-v1,2025-11-26T12:00+07:00,2025-11-26T18:00+07:00,dummy-v1
RS-01100,2025-11-26,JKS-020,Tebet,Tebet Barat,CURAT,18:00-23:59,57,Moderate,48,55,60,67,68,dummy-v1,2025-11-26T18:00+07:00,2025-11-27T00:00+07:00,dummy-v1
RS-01101,2025-12-03,JKS-020,Tebet,Tebet Barat,CURAS,00:00-06:00,59,Moderate,46,55,68,73,69,dummy-v1,2025-12-03T00:00+07:00,2025-12-03T06:00+07:00,dummy-v1
RS-01102,2025-12-03,JKS-020,Tebet,Tebet Barat,CURAS,06:00-12:00,52,Moderate,37,65,48,67,51,dummy-v1,2025-12-03T06:00+07:00,2025-12-03T12:00+07:00,dummy-v1
RS-01103,2025-12-03,JKS-020,Tebet,Tebet Barat,CURAS,12:00-18:00,33,Low,26,36,44,21,44,dummy-v1,2025-12-03T12:00+07:00,2025-12-03T18:00+07:00,dummy-v1
RS-01104,2025-12-03,JKS-020,Tebet,Tebet Barat,CURANMOR,18:00-23:59,67,Moderate,61,68,77,67,64,dummy-v1,2025-12-03T18:00+07:00,2025-12-04T00:00+07:00,dummy-v1
RS-01105,2025-12-10,JKS-020,Tebet,Tebet Barat,CURAT,00:00-06:00,74,High,76,71,68,77,84,dummy-v1,2025-12-10T00:00+07:00,2025-12-10T06:00+07:00,dummy-v1
RS-01106,2025-12-10,JKS-020,Tebet,Tebet Barat,CURAS,06:00-12:00,35,Low,48,30,34,25,26,dummy-v1,2025-12-10T06:00+07:00,2025-12-10T12:00+07:00,dummy-v1
RS-01107,2025-12-10,JKS-020,Tebet,Tebet Barat,CURANMOR,12:00-18:00,54,Moderate,63,45,49,61,49,dummy-v1,2025-12-10T12:00+07:00,2025-12-10T18:00+07:00,dummy-v1
RS-01108,2025-12-10,JKS-020,Tebet,Tebet Barat,CURANMOR,18:00-23:59,68,Moderate,79,56,63,66,78,dummy-v1,2025-12-10T18:00+07:00,2025-12-11T00:00+07:00,dummy-v1
RS-01109,2025-12-17,JKS-020,Tebet,Tebet Barat,CURANMOR,00:00-06:00,36,Low,37,36,34,40,30,dummy-v1,2025-12-17T00:00+07:00,2025-12-17T06:00+07:00,dummy-v1
RS-01110,2025-12-17,JKS-020,Tebet,Tebet Barat,CURAT,06:00-12:00,50,Moderate,73,37,40,35,56,dummy-v1,2025-12-17T06:00+07:00,2025-12-17T12:00+07:00,dummy-v1
RS-01111,2025-12-17,JKS-020,Tebet,Tebet Barat,CURAT,12:00-18:00,43,Low,50,45,46,29,33,dummy-v1,2025-12-17T12:00+07:00,2025-12-17T18:00+07:00,dummy-v1
RS-01112,2025-12-17,JKS-020,Tebet,Tebet Barat,CURANMOR,18:00-23:59,64,Moderate,77,55,69,50,57,dummy-v1,2025-12-17T18:00+07:00,2025-12-18T00:00+07:00,dummy-v1
RS-01113,2025-12-24,JKS-020,Tebet,Tebet Barat,CURAT,00:00-06:00,72,High,55,83,87,64,77,dummy-v1,2025-12-24T00:00+07:00,2025-12-24T06:00+07:00,dummy-v1
RS-01114,2025-12-24,JKS-020,Tebet,Tebet Barat,CURAT,06:00-12:00,28,Low,34,20,34,30,15,dummy-v1,2025-12-24T06:00+07:00,2025-12-24T12:00+07:00,dummy-v1
RS-01115,2025-12-24,JKS-020,Tebet,Tebet Barat,CURAS,12:00-18:00,53,Moderate,45,65,44,67,43,dummy-v1,2025-12-24T12:00+07:00,2025-12-24T18:00+07:00,dummy-v1
RS-01116,2025-12-24,JKS-020,Tebet,Tebet Barat,CURAS,18:00-23:59,73,High,74,86,60,70,67,dummy-v1,2025-12-24T18:00+07:00,2025-12-25T00:00+07:00,dummy-v1
RS-01117,2025-12-31,JKS-020,Tebet,Tebet Barat,CURAS,00:00-06:00,59,Moderate,57,47,70,63,68,dummy-v1,2025-12-31T00:00+07:00,2025-12-31T06:00+07:00,dummy-v1
RS-01118,2025-12-31,JKS-020,Tebet,Tebet Barat,CURANMOR,06:00-12:00,35,Low,16,45,49,31,46,dummy-v1,2025-12-31T06:00+07:00,2025-12-31T12:00+07:00,dummy-v1
RS-01119,2025-12-31,JKS-020,Tebet,Tebet Barat,CURANMOR,12:00-18:00,35,Low,34,28,46,42,22,dummy-v1,2025-12-31T12:00+07:00,2025-12-31T18:00+07:00,dummy-v1
RS-01120,2025-12-31,JKS-020,Tebet,Tebet Barat,CURAS,18:00-23:59,46,Moderate,39,47,42,59,52,dummy-v1,2025-12-31T18:00+07:00,2026-01-01T00:00+07:00,dummy-v1
RS-01121,2025-10-01,JKS-021,Tebet,Tebet Timur,CURAS,00:00-06:00,41,Low,53,30,30,46,47,dummy-v1,2025-10-01T00:00+07:00,2025-10-01T06:00+07:00,dummy-v1
RS-01122,2025-10-01,JKS-021,Tebet,Tebet Timur,CURANMOR,06:00-12:00,69,Moderate,85,58,62,61,75,dummy-v1,2025-10-01T06:00+07:00,2025-10-01T12:00+07:00,dummy-v1
RS-01123,2025-10-01,JKS-021,Tebet,Tebet Timur,CURAT,12:00-18:00,74,High,76,84,60,66,83,dummy-v1,2025-10-01T12:00+07:00,2025-10-01T18:00+07:00,dummy-v1
RS-01124,2025-10-01,JKS-021,Tebet,Tebet Timur,CURANMOR,18:00-23:59,42,Low,54,39,34,40,33,dummy-v1,2025-10-01T18:00+07:00,2025-10-02T00:00+07:00,dummy-v1
RS-01125,2025-10-08,JKS-021,Tebet,Tebet Timur,CURAS,00:00-06:00,45,Moderate,46,43,48,46,40,dummy-v1,2025-10-08T00:00+07:00,2025-10-08T06:00+07:00,dummy-v1
RS-01126,2025-10-08,JKS-021,Tebet,Tebet Timur,CURAS,06:00-12:00,68,Moderate,79,62,63,64,65,dummy-v1,2025-10-08T06:00+07:00,2025-10-08T12:00+07:00,dummy-v1
RS-01127,2025-10-08,JKS-021,Tebet,Tebet Timur,CURAT,12:00-18:00,27,Low,23,30,25,25,38,dummy-v1,2025-10-08T12:00+07:00,2025-10-08T18:00+07:00,dummy-v1
RS-01128,2025-10-08,JKS-021,Tebet,Tebet Timur,CURANMOR,18:00-23:59,37,Low,39,36,31,33,51,dummy-v1,2025-10-08T18:00+07:00,2025-10-09T00:00+07:00,dummy-v1
RS-01129,2025-10-15,JKS-021,Tebet,Tebet Timur,CURANMOR,00:00-06:00,68,Moderate,75,56,76,55,79,dummy-v1,2025-10-15T00:00+07:00,2025-10-15T06:00+07:00,dummy-v1
RS-01130,2025-10-15,JKS-021,Tebet,Tebet Timur,CURAS,06:00-12:00,40,Low,49,26,53,37,25,dummy-v1,2025-10-15T06:00+07:00,2025-10-15T12:00+07:00,dummy-v1
RS-01131,2025-10-15,JKS-021,Tebet,Tebet Timur,CURAT,12:00-18:00,60,Moderate,62,45,70,58,73,dummy-v1,2025-10-15T12:00+07:00,2025-10-15T18:00+07:00,dummy-v1
RS-01132,2025-10-15,JKS-021,Tebet,Tebet Timur,CURANMOR,18:00-23:59,59,Moderate,70,48,70,50,45,dummy-v1,2025-10-15T18:00+07:00,2025-10-16T00:00+07:00,dummy-v1
RS-01133,2025-10-22,JKS-021,Tebet,Tebet Timur,CURAS,00:00-06:00,34,Low,39,19,48,20,49,dummy-v1,2025-10-22T00:00+07:00,2025-10-22T06:00+07:00,dummy-v1
RS-01134,2025-10-22,JKS-021,Tebet,Tebet Timur,CURAS,06:00-12:00,58,Moderate,54,62,52,57,72,dummy-v1,2025-10-22T06:00+07:00,2025-10-22T12:00+07:00,dummy-v1
RS-01135,2025-10-22,JKS-021,Tebet,Tebet Timur,CURAS,12:00-18:00,56,Moderate,66,50,57,42,61,dummy-v1,2025-10-22T12:00+07:00,2025-10-22T18:00+07:00,dummy-v1
RS-01136,2025-10-22,JKS-021,Tebet,Tebet Timur,CURAT,18:00-23:59,44,Low,55,39,31,56,31,dummy-v1,2025-10-22T18:00+07:00,2025-10-23T00:00+07:00,dummy-v1
RS-01137,2025-10-29,JKS-021,Tebet,Tebet Timur,CURAS,00:00-06:00,44,Low,46,42,57,33,34,dummy-v1,2025-10-29T00:00+07:00,2025-10-29T06:00+07:00,dummy-v1
RS-01138,2025-10-29,JKS-021,Tebet,Tebet Timur,CURAS,06:00-12:00,69,Moderate,65,59,79,81,67,dummy-v1,2025-10-29T06:00+07:00,2025-10-29T12:00+07:00,dummy-v1
RS-01139,2025-10-29,JKS-021,Tebet,Tebet Timur,CURAS,12:00-18:00,51,Moderate,44,54,60,46,54,dummy-v1,2025-10-29T12:00+07:00,2025-10-29T18:00+07:00,dummy-v1
RS-01140,2025-10-29,JKS-021,Tebet,Tebet Timur,CURANMOR,18:00-23:59,44,Low,44,54,46,30,37,dummy-v1,2025-10-29T18:00+07:00,2025-10-30T00:00+07:00,dummy-v1
RS-01141,2025-11-05,JKS-021,Tebet,Tebet Timur,CURAT,00:00-06:00,31,Low,10,46,31,44,38,dummy-v1,2025-11-05T00:00+07:00,2025-11-05T06:00+07:00,dummy-v1
RS-01142,2025-11-05,JKS-021,Tebet,Tebet Timur,CURANMOR,06:00-12:00,70,High,56,81,79,61,80,dummy-v1,2025-11-05T06:00+07:00,2025-11-05T12:00+07:00,dummy-v1
RS-01143,2025-11-05,JKS-021,Tebet,Tebet Timur,CURAS,12:00-18:00,46,Moderate,35,54,36,59,59,dummy-v1,2025-11-05T12:00+07:00,2025-11-05T18:00+07:00,dummy-v1
RS-01144,2025-11-05,JKS-021,Tebet,Tebet Timur,CURAS,18:00-23:59,37,Low,20,48,42,51,30,dummy-v1,2025-11-05T18:00+07:00,2025-11-06T00:00+07:00,dummy-v1
RS-01145,2025-11-12,JKS-021,Tebet,Tebet Timur,CURAT,00:00-06:00,73,High,68,79,67,75,81,dummy-v1,2025-11-12T00:00+07:00,2025-11-12T06:00+07:00,dummy-v1
RS-01146,2025-11-12,JKS-021,Tebet,Tebet Timur,CURANMOR,06:00-12:00,32,Low,19,40,31,45,34,dummy-v1,2025-11-12T06:00+07:00,2025-11-12T12:00+07:00,dummy-v1
RS-01147,2025-11-12,JKS-021,Tebet,Tebet Timur,CURAS,12:00-18:00,73,High,71,59,88,86,64,dummy-v1,2025-11-12T12:00+07:00,2025-11-12T18:00+07:00,dummy-v1
RS-01148,2025-11-12,JKS-021,Tebet,Tebet Timur,CURANMOR,18:00-23:59,61,Moderate,63,60,68,52,58,dummy-v1,2025-11-12T18:00+07:00,2025-11-13T00:00+07:00,dummy-v1
RS-01149,2025-11-19,JKS-021,Tebet,Tebet Timur,CURAT,00:00-06:00,47,Moderate,67,32,32,52,48,dummy-v1,2025-11-19T00:00+07:00,2025-11-19T06:00+07:00,dummy-v1
RS-01150,2025-11-19,JKS-021,Tebet,Tebet Timur,CURANMOR,06:00-12:00,46,Moderate,44,58,31,48,49,dummy-v1,2025-11-19T06:00+07:00,2025-11-19T12:00+07:00,dummy-v1
RS-01151,2025-11-19,JKS-021,Tebet,Tebet Timur,CURANMOR,12:00-18:00,54,Moderate,48,60,54,63,45,dummy-v1,2025-11-19T12:00+07:00,2025-11-19T18:00+07:00,dummy-v1
RS-01152,2025-11-19,JKS-021,Tebet,Tebet Timur,CURAT,18:00-23:59,58,Moderate,68,53,52,64,43,dummy-v1,2025-11-19T18:00+07:00,2025-11-20T00:00+07:00,dummy-v1
RS-01153,2025-11-26,JKS-021,Tebet,Tebet Timur,CURAS,00:00-06:00,30,Low,39,21,29,38,16,dummy-v1,2025-11-26T00:00+07:00,2025-11-26T06:00+07:00,dummy-v1
RS-01154,2025-11-26,JKS-021,Tebet,Tebet Timur,CURANMOR,06:00-12:00,40,Low,32,46,31,54,46,dummy-v1,2025-11-26T06:00+07:00,2025-11-26T12:00+07:00,dummy-v1
RS-01155,2025-11-26,JKS-021,Tebet,Tebet Timur,CURAT,12:00-18:00,66,Moderate,58,79,65,59,71,dummy-v1,2025-11-26T12:00+07:00,2025-11-26T18:00+07:00,dummy-v1
RS-01156,2025-11-26,JKS-021,Tebet,Tebet Timur,CURANMOR,18:00-23:59,86,Critical,79,84,100,81,93,dummy-v1,2025-11-26T18:00+07:00,2025-11-27T00:00+07:00,dummy-v1
RS-01157,2025-12-03,JKS-021,Tebet,Tebet Timur,CURAS,00:00-06:00,39,Low,33,45,41,42,33,dummy-v1,2025-12-03T00:00+07:00,2025-12-03T06:00+07:00,dummy-v1
RS-01158,2025-12-03,JKS-021,Tebet,Tebet Timur,CURANMOR,06:00-12:00,44,Low,19,50,59,56,56,dummy-v1,2025-12-03T06:00+07:00,2025-12-03T12:00+07:00,dummy-v1
RS-01159,2025-12-03,JKS-021,Tebet,Tebet Timur,CURAS,12:00-18:00,70,High,82,59,82,56,57,dummy-v1,2025-12-03T12:00+07:00,2025-12-03T18:00+07:00,dummy-v1
RS-01160,2025-12-03,JKS-021,Tebet,Tebet Timur,CURANMOR,18:00-23:59,69,Moderate,80,62,55,78,67,dummy-v1,2025-12-03T18:00+07:00,2025-12-04T00:00+07:00,dummy-v1
RS-01161,2025-12-10,JKS-021,Tebet,Tebet Timur,CURAS,00:00-06:00,59,Moderate,65,44,68,56,66,dummy-v1,2025-12-10T00:00+07:00,2025-12-10T06:00+07:00,dummy-v1
RS-01162,2025-12-10,JKS-021,Tebet,Tebet Timur,CURAS,06:00-12:00,27,Low,18,35,27,38,18,dummy-v1,2025-12-10T06:00+07:00,2025-12-10T12:00+07:00,dummy-v1
RS-01163,2025-12-10,JKS-021,Tebet,Tebet Timur,CURAS,12:00-18:00,29,Low,27,33,25,31,30,dummy-v1,2025-12-10T12:00+07:00,2025-12-10T18:00+07:00,dummy-v1
RS-01164,2025-12-10,JKS-021,Tebet,Tebet Timur,CURAS,18:00-23:59,46,Moderate,42,49,45,50,45,dummy-v1,2025-12-10T18:00+07:00,2025-12-11T00:00+07:00,dummy-v1
RS-01165,2025-12-17,JKS-021,Tebet,Tebet Timur,CURAT,00:00-06:00,52,Moderate,47,56,64,45,44,dummy-v1,2025-12-17T00:00+07:00,2025-12-17T06:00+07:00,dummy-v1
RS-01166,2025-12-17,JKS-021,Tebet,Tebet Timur,CURAT,06:00-12:00,27,Low,32,24,25,19,36,dummy-v1,2025-12-17T06:00+07:00,2025-12-17T12:00+07:00,dummy-v1
RS-01167,2025-12-17,JKS-021,Tebet,Tebet Timur,CURANMOR,12:00-18:00,48,Moderate,61,43,45,36,46,dummy-v1,2025-12-17T12:00+07:00,2025-12-17T18:00+07:00,dummy-v1
RS-01168,2025-12-17,JKS-021,Tebet,Tebet Timur,CURAS,18:00-23:59,49,Moderate,27,61,60,63,42,dummy-v1,2025-12-17T18:00+07:00,2025-12-18T00:00+07:00,dummy-v1
RS-01169,2025-12-24,JKS-021,Tebet,Tebet Timur,CURAT,00:00-06:00,26,Low,43,11,14,34,25,dummy-v1,2025-12-24T00:00+07:00,2025-12-24T06:00+07:00,dummy-v1
RS-01170,2025-12-24,JKS-021,Tebet,Tebet Timur,CURANMOR,06:00-12:00,63,Moderate,58,74,57,59,69,dummy-v1,2025-12-24T06:00+07:00,2025-12-24T12:00+07:00,dummy-v1
RS-01171,2025-12-24,JKS-021,Tebet,Tebet Timur,CURANMOR,12:00-18:00,56,Moderate,64,56,47,52,56,dummy-v1,2025-12-24T12:00+07:00,2025-12-24T18:00+07:00,dummy-v1
RS-01172,2025-12-24,JKS-021,Tebet,Tebet Timur,CURAT,18:00-23:59,59,Moderate,62,48,72,56,56,dummy-v1,2025-12-24T18:00+07:00,2025-12-25T00:00+07:00,dummy-v1
RS-01173,2025-12-31,JKS-021,Tebet,Tebet Timur,CURAT,00:00-06:00,57,Moderate,55,61,56,57,56,dummy-v1,2025-12-31T00:00+07:00,2025-12-31T06:00+07:00,dummy-v1
RS-01174,2025-12-31,JKS-021,Tebet,Tebet Timur,CURAT,06:00-12:00,71,High,99,58,61,57,60,dummy-v1,2025-12-31T06:00+07:00,2025-12-31T12:00+07:00,dummy-v1
RS-01175,2025-12-31,JKS-021,Tebet,Tebet Timur,CURAT,12:00-18:00,28,Low,34,20,17,35,42,dummy-v1,2025-12-31T12:00+07:00,2025-12-31T18:00+07:00,dummy-v1
RS-01176,2025-12-31,JKS-021,Tebet,Tebet Timur,CURAS,18:00-23:59,49,Moderate,45,50,64,44,37,dummy-v1,2025-12-31T18:00+07:00,2026-01-01T00:00+07:00,dummy-v1
RS-01177,2025-10-01,JKS-022,Tebet,Menteng Dalam,CURAT,00:00-06:00,36,Low,36,40,42,25,29,dummy-v1,2025-10-01T00:00+07:00,2025-10-01T06:00+07:00,dummy-v1
RS-01178,2025-10-01,JKS-022,Tebet,Menteng Dalam,CURAT,06:00-12:00,34,Low,41,25,29,49,23,dummy-v1,2025-10-01T06:00+07:00,2025-10-01T12:00+07:00,dummy-v1
RS-01179,2025-10-01,JKS-022,Tebet,Menteng Dalam,CURAS,12:00-18:00,51,Moderate,69,38,48,41,50,dummy-v1,2025-10-01T12:00+07:00,2025-10-01T18:00+07:00,dummy-v1
RS-01180,2025-10-01,JKS-022,Tebet,Menteng Dalam,CURAT,18:00-23:59,48,Moderate,42,47,54,43,63,dummy-v1,2025-10-01T18:00+07:00,2025-10-02T00:00+07:00,dummy-v1
RS-01181,2025-10-08,JKS-022,Tebet,Menteng Dalam,CURANMOR,00:00-06:00,59,Moderate,59,52,67,59,60,dummy-v1,2025-10-08T00:00+07:00,2025-10-08T06:00+07:00,dummy-v1
RS-01182,2025-10-08,JKS-022,Tebet,Menteng Dalam,CURAT,06:00-12:00,44,Low,38,55,34,51,44,dummy-v1,2025-10-08T06:00+07:00,2025-10-08T12:00+07:00,dummy-v1
RS-01183,2025-10-08,JKS-022,Tebet,Menteng Dalam,CURAS,12:00-18:00,66,Moderate,81,54,60,68,59,dummy-v1,2025-10-08T12:00+07:00,2025-10-08T18:00+07:00,dummy-v1
RS-01184,2025-10-08,JKS-022,Tebet,Menteng Dalam,CURANMOR,18:00-23:59,70,High,73,55,84,71,68,dummy-v1,2025-10-08T18:00+07:00,2025-10-09T00:00+07:00,dummy-v1
RS-01185,2025-10-15,JKS-022,Tebet,Menteng Dalam,CURAT,00:00-06:00,68,Moderate,84,69,53,61,58,dummy-v1,2025-10-15T00:00+07:00,2025-10-15T06:00+07:00,dummy-v1
RS-01186,2025-10-15,JKS-022,Tebet,Menteng Dalam,CURAT,06:00-12:00,25,Low,15,31,37,24,16,dummy-v1,2025-10-15T06:00+07:00,2025-10-15T12:00+07:00,dummy-v1
RS-01187,2025-10-15,JKS-022,Tebet,Menteng Dalam,CURAS,12:00-18:00,58,Moderate,39,71,73,54,58,dummy-v1,2025-10-15T12:00+07:00,2025-10-15T18:00+07:00,dummy-v1
RS-01188,2025-10-15,JKS-022,Tebet,Menteng Dalam,CURAS,18:00-23:59,52,Moderate,72,48,40,44,37,dummy-v1,2025-10-15T18:00+07:00,2025-10-16T00:00+07:00,dummy-v1
RS-01189,2025-10-22,JKS-022,Tebet,Menteng Dalam,CURAT,00:00-06:00,71,High,84,67,73,56,61,dummy-v1,2025-10-22T00:00+07:00,2025-10-22T06:00+07:00,dummy-v1
RS-01190,2025-10-22,JKS-022,Tebet,Menteng Dalam,CURAS,06:00-12:00,39,Low,59,29,29,30,37,dummy-v1,2025-10-22T06:00+07:00,2025-10-22T12:00+07:00,dummy-v1
RS-01191,2025-10-22,JKS-022,Tebet,Menteng Dalam,CURAS,12:00-18:00,60,Moderate,61,68,50,53,67,dummy-v1,2025-10-22T12:00+07:00,2025-10-22T18:00+07:00,dummy-v1
RS-01192,2025-10-22,JKS-022,Tebet,Menteng Dalam,CURAT,18:00-23:59,40,Low,46,36,40,40,31,dummy-v1,2025-10-22T18:00+07:00,2025-10-23T00:00+07:00,dummy-v1
RS-01193,2025-10-29,JKS-022,Tebet,Menteng Dalam,CURANMOR,00:00-06:00,27,Low,17,31,40,23,28,dummy-v1,2025-10-29T00:00+07:00,2025-10-29T06:00+07:00,dummy-v1
RS-01194,2025-10-29,JKS-022,Tebet,Menteng Dalam,CURAT,06:00-12:00,34,Low,31,33,27,49,37,dummy-v1,2025-10-29T06:00+07:00,2025-10-29T12:00+07:00,dummy-v1
RS-01195,2025-10-29,JKS-022,Tebet,Menteng Dalam,CURAS,12:00-18:00,61,Moderate,65,49,76,57,55,dummy-v1,2025-10-29T12:00+07:00,2025-10-29T18:00+07:00,dummy-v1
RS-01196,2025-10-29,JKS-022,Tebet,Menteng Dalam,CURANMOR,18:00-23:59,39,Low,54,30,25,51,26,dummy-v1,2025-10-29T18:00+07:00,2025-10-30T00:00+07:00,dummy-v1
RS-01197,2025-11-05,JKS-022,Tebet,Menteng Dalam,CURANMOR,00:00-06:00,40,Low,53,31,34,38,40,dummy-v1,2025-11-05T00:00+07:00,2025-11-05T06:00+07:00,dummy-v1
RS-01198,2025-11-05,JKS-022,Tebet,Menteng Dalam,CURAT,06:00-12:00,60,Moderate,61,75,45,53,59,dummy-v1,2025-11-05T06:00+07:00,2025-11-05T12:00+07:00,dummy-v1
RS-01199,2025-11-05,JKS-022,Tebet,Menteng Dalam,CURAS,12:00-18:00,60,Moderate,70,50,69,49,54,dummy-v1,2025-11-05T12:00+07:00,2025-11-05T18:00+07:00,dummy-v1
RS-01200,2025-11-05,JKS-022,Tebet,Menteng Dalam,CURANMOR,18:00-23:59,78,High,84,64,92,78,67,dummy-v1,2025-11-05T18:00+07:00,2025-11-06T00:00+07:00,dummy-v1
RS-01201,2025-11-12,JKS-022,Tebet,Menteng Dalam,CURANMOR,00:00-06:00,36,Low,38,51,23,30,29,dummy-v1,2025-11-12T00:00+07:00,2025-11-12T06:00+07:00,dummy-v1
RS-01202,2025-11-12,JKS-022,Tebet,Menteng Dalam,CURAT,06:00-12:00,57,Moderate,57,70,56,45,43,dummy-v1,2025-11-12T06:00+07:00,2025-11-12T12:00+07:00,dummy-v1
RS-01203,2025-11-12,JKS-022,Tebet,Menteng Dalam,CURANMOR,12:00-18:00,30,Low,24,37,20,37,41,dummy-v1,2025-11-12T12:00+07:00,2025-11-12T18:00+07:00,dummy-v1
RS-01204,2025-11-12,JKS-022,Tebet,Menteng Dalam,CURANMOR,18:00-23:59,60,Moderate,54,57,74,67,47,dummy-v1,2025-11-12T18:00+07:00,2025-11-13T00:00+07:00,dummy-v1
RS-01205,2025-11-19,JKS-022,Tebet,Menteng Dalam,CURANMOR,00:00-06:00,28,Low,48,14,20,22,27,dummy-v1,2025-11-19T00:00+07:00,2025-11-19T06:00+07:00,dummy-v1
RS-01206,2025-11-19,JKS-022,Tebet,Menteng Dalam,CURANMOR,06:00-12:00,26,Low,40,19,14,24,30,dummy-v1,2025-11-19T06:00+07:00,2025-11-19T12:00+07:00,dummy-v1
RS-01207,2025-11-19,JKS-022,Tebet,Menteng Dalam,CURANMOR,12:00-18:00,34,Low,44,32,37,21,24,dummy-v1,2025-11-19T12:00+07:00,2025-11-19T18:00+07:00,dummy-v1
RS-01208,2025-11-19,JKS-022,Tebet,Menteng Dalam,CURAS,18:00-23:59,82,High,90,73,74,91,84,dummy-v1,2025-11-19T18:00+07:00,2025-11-20T00:00+07:00,dummy-v1
RS-01209,2025-11-26,JKS-022,Tebet,Menteng Dalam,CURAT,00:00-06:00,58,Moderate,49,57,73,68,43,dummy-v1,2025-11-26T00:00+07:00,2025-11-26T06:00+07:00,dummy-v1
RS-01210,2025-11-26,JKS-022,Tebet,Menteng Dalam,CURANMOR,06:00-12:00,37,Low,63,23,30,26,26,dummy-v1,2025-11-26T06:00+07:00,2025-11-26T12:00+07:00,dummy-v1
RS-01211,2025-11-26,JKS-022,Tebet,Menteng Dalam,CURAS,12:00-18:00,36,Low,18,50,44,35,41,dummy-v1,2025-11-26T12:00+07:00,2025-11-26T18:00+07:00,dummy-v1
RS-01212,2025-11-26,JKS-022,Tebet,Menteng Dalam,CURANMOR,18:00-23:59,66,Moderate,48,70,81,69,76,dummy-v1,2025-11-26T18:00+07:00,2025-11-27T00:00+07:00,dummy-v1
RS-01213,2025-12-03,JKS-022,Tebet,Menteng Dalam,CURANMOR,00:00-06:00,35,Low,34,32,39,33,41,dummy-v1,2025-12-03T00:00+07:00,2025-12-03T06:00+07:00,dummy-v1
RS-01214,2025-12-03,JKS-022,Tebet,Menteng Dalam,CURANMOR,06:00-12:00,66,Moderate,58,60,81,64,78,dummy-v1,2025-12-03T06:00+07:00,2025-12-03T12:00+07:00,dummy-v1
RS-01215,2025-12-03,JKS-022,Tebet,Menteng Dalam,CURANMOR,12:00-18:00,36,Low,35,29,43,31,50,dummy-v1,2025-12-03T12:00+07:00,2025-12-03T18:00+07:00,dummy-v1
RS-01216,2025-12-03,JKS-022,Tebet,Menteng Dalam,CURAS,18:00-23:59,44,Low,54,33,39,52,40,dummy-v1,2025-12-03T18:00+07:00,2025-12-04T00:00+07:00,dummy-v1
RS-01217,2025-12-10,JKS-022,Tebet,Menteng Dalam,CURAT,00:00-06:00,54,Moderate,59,40,69,42,62,dummy-v1,2025-12-10T00:00+07:00,2025-12-10T06:00+07:00,dummy-v1
RS-01218,2025-12-10,JKS-022,Tebet,Menteng Dalam,CURANMOR,06:00-12:00,66,Moderate,57,81,71,60,56,dummy-v1,2025-12-10T06:00+07:00,2025-12-10T12:00+07:00,dummy-v1
RS-01219,2025-12-10,JKS-022,Tebet,Menteng Dalam,CURANMOR,12:00-18:00,47,Moderate,46,51,45,45,47,dummy-v1,2025-12-10T12:00+07:00,2025-12-10T18:00+07:00,dummy-v1
RS-01220,2025-12-10,JKS-022,Tebet,Menteng Dalam,CURAS,18:00-23:59,40,Low,36,47,45,32,36,dummy-v1,2025-12-10T18:00+07:00,2025-12-11T00:00+07:00,dummy-v1
RS-01221,2025-12-17,JKS-022,Tebet,Menteng Dalam,CURAT,00:00-06:00,39,Low,31,42,43,37,50,dummy-v1,2025-12-17T00:00+07:00,2025-12-17T06:00+07:00,dummy-v1
RS-01222,2025-12-17,JKS-022,Tebet,Menteng Dalam,CURAT,06:00-12:00,38,Low,38,33,41,52,24,dummy-v1,2025-12-17T06:00+07:00,2025-12-17T12:00+07:00,dummy-v1
RS-01223,2025-12-17,JKS-022,Tebet,Menteng Dalam,CURANMOR,12:00-18:00,30,Low,15,44,44,21,26,dummy-v1,2025-12-17T12:00+07:00,2025-12-17T18:00+07:00,dummy-v1
RS-01224,2025-12-17,JKS-022,Tebet,Menteng Dalam,CURANMOR,18:00-23:59,79,High,67,91,75,83,88,dummy-v1,2025-12-17T18:00+07:00,2025-12-18T00:00+07:00,dummy-v1
RS-01225,2025-12-24,JKS-022,Tebet,Menteng Dalam,CURANMOR,00:00-06:00,29,Low,36,28,31,24,15,dummy-v1,2025-12-24T00:00+07:00,2025-12-24T06:00+07:00,dummy-v1
RS-01226,2025-12-24,JKS-022,Tebet,Menteng Dalam,CURANMOR,06:00-12:00,60,Moderate,66,60,46,68,59,dummy-v1,2025-12-24T06:00+07:00,2025-12-24T12:00+07:00,dummy-v1
RS-01227,2025-12-24,JKS-022,Tebet,Menteng Dalam,CURAT,12:00-18:00,68,Moderate,75,60,66,76,58,dummy-v1,2025-12-24T12:00+07:00,2025-12-24T18:00+07:00,dummy-v1
RS-01228,2025-12-24,JKS-022,Tebet,Menteng Dalam,CURAS,18:00-23:59,44,Low,61,44,33,32,33,dummy-v1,2025-12-24T18:00+07:00,2025-12-25T00:00+07:00,dummy-v1
RS-01229,2025-12-31,JKS-022,Tebet,Menteng Dalam,CURANMOR,00:00-06:00,52,Moderate,60,42,46,60,52,dummy-v1,2025-12-31T00:00+07:00,2025-12-31T06:00+07:00,dummy-v1
RS-01230,2025-12-31,JKS-022,Tebet,Menteng Dalam,CURANMOR,06:00-12:00,31,Low,23,39,34,22,41,dummy-v1,2025-12-31T06:00+07:00,2025-12-31T12:00+07:00,dummy-v1
RS-01231,2025-12-31,JKS-022,Tebet,Menteng Dalam,CURAT,12:00-18:00,45,Moderate,40,53,42,37,59,dummy-v1,2025-12-31T12:00+07:00,2025-12-31T18:00+07:00,dummy-v1
RS-01232,2025-12-31,JKS-022,Tebet,Menteng Dalam,CURAT,18:00-23:59,81,High,67,89,81,95,82,dummy-v1,2025-12-31T18:00+07:00,2026-01-01T00:00+07:00,dummy-v1
RS-01233,2025-10-01,JKS-023,Tebet,Manggarai,CURAT,00:00-06:00,52,Moderate,39,66,61,37,60,dummy-v1,2025-10-01T00:00+07:00,2025-10-01T06:00+07:00,dummy-v1
RS-01234,2025-10-01,JKS-023,Tebet,Manggarai,CURANMOR,06:00-12:00,27,Low,7,34,42,35,26,dummy-v1,2025-10-01T06:00+07:00,2025-10-01T12:00+07:00,dummy-v1
RS-01235,2025-10-01,JKS-023,Tebet,Manggarai,CURANMOR,12:00-18:00,70,High,78,68,74,56,63,dummy-v1,2025-10-01T12:00+07:00,2025-10-01T18:00+07:00,dummy-v1
RS-01236,2025-10-01,JKS-023,Tebet,Manggarai,CURAS,18:00-23:59,47,Moderate,29,56,58,46,59,dummy-v1,2025-10-01T18:00+07:00,2025-10-02T00:00+07:00,dummy-v1
RS-01237,2025-10-08,JKS-023,Tebet,Manggarai,CURAS,00:00-06:00,43,Low,29,58,48,42,40,dummy-v1,2025-10-08T00:00+07:00,2025-10-08T06:00+07:00,dummy-v1
RS-01238,2025-10-08,JKS-023,Tebet,Manggarai,CURANMOR,06:00-12:00,54,Moderate,45,67,44,54,68,dummy-v1,2025-10-08T06:00+07:00,2025-10-08T12:00+07:00,dummy-v1
RS-01239,2025-10-08,JKS-023,Tebet,Manggarai,CURANMOR,12:00-18:00,37,Low,33,38,35,44,39,dummy-v1,2025-10-08T12:00+07:00,2025-10-08T18:00+07:00,dummy-v1
RS-01240,2025-10-08,JKS-023,Tebet,Manggarai,CURAS,18:00-23:59,37,Low,33,42,42,33,32,dummy-v1,2025-10-08T18:00+07:00,2025-10-09T00:00+07:00,dummy-v1
RS-01241,2025-10-15,JKS-023,Tebet,Manggarai,CURANMOR,00:00-06:00,68,Moderate,62,74,55,78,82,dummy-v1,2025-10-15T00:00+07:00,2025-10-15T06:00+07:00,dummy-v1
RS-01242,2025-10-15,JKS-023,Tebet,Manggarai,CURAS,06:00-12:00,28,Low,16,28,40,33,34,dummy-v1,2025-10-15T06:00+07:00,2025-10-15T12:00+07:00,dummy-v1
RS-01243,2025-10-15,JKS-023,Tebet,Manggarai,CURAT,12:00-18:00,26,Low,23,36,20,34,11,dummy-v1,2025-10-15T12:00+07:00,2025-10-15T18:00+07:00,dummy-v1
RS-01244,2025-10-15,JKS-023,Tebet,Manggarai,CURAS,18:00-23:59,46,Moderate,47,44,47,48,44,dummy-v1,2025-10-15T18:00+07:00,2025-10-16T00:00+07:00,dummy-v1
RS-01245,2025-10-22,JKS-023,Tebet,Manggarai,CURANMOR,00:00-06:00,62,Moderate,62,74,47,67,54,dummy-v1,2025-10-22T00:00+07:00,2025-10-22T06:00+07:00,dummy-v1
RS-01246,2025-10-22,JKS-023,Tebet,Manggarai,CURAT,06:00-12:00,28,Low,27,22,38,34,18,dummy-v1,2025-10-22T06:00+07:00,2025-10-22T12:00+07:00,dummy-v1
RS-01247,2025-10-22,JKS-023,Tebet,Manggarai,CURAS,12:00-18:00,74,High,65,82,80,63,85,dummy-v1,2025-10-22T12:00+07:00,2025-10-22T18:00+07:00,dummy-v1
RS-01248,2025-10-22,JKS-023,Tebet,Manggarai,CURANMOR,18:00-23:59,58,Moderate,74,50,48,62,45,dummy-v1,2025-10-22T18:00+07:00,2025-10-23T00:00+07:00,dummy-v1
RS-01249,2025-10-29,JKS-023,Tebet,Manggarai,CURAS,00:00-06:00,42,Low,14,56,54,51,53,dummy-v1,2025-10-29T00:00+07:00,2025-10-29T06:00+07:00,dummy-v1
RS-01250,2025-10-29,JKS-023,Tebet,Manggarai,CURANMOR,06:00-12:00,43,Low,53,30,54,39,30,dummy-v1,2025-10-29T06:00+07:00,2025-10-29T12:00+07:00,dummy-v1
RS-01251,2025-10-29,JKS-023,Tebet,Manggarai,CURAS,12:00-18:00,54,Moderate,44,54,57,63,65,dummy-v1,2025-10-29T12:00+07:00,2025-10-29T18:00+07:00,dummy-v1
RS-01252,2025-10-29,JKS-023,Tebet,Manggarai,CURAS,18:00-23:59,71,High,88,63,57,75,62,dummy-v1,2025-10-29T18:00+07:00,2025-10-30T00:00+07:00,dummy-v1
RS-01253,2025-11-05,JKS-023,Tebet,Manggarai,CURANMOR,00:00-06:00,36,Low,43,33,29,43,26,dummy-v1,2025-11-05T00:00+07:00,2025-11-05T06:00+07:00,dummy-v1
RS-01254,2025-11-05,JKS-023,Tebet,Manggarai,CURANMOR,06:00-12:00,61,Moderate,66,74,53,49,47,dummy-v1,2025-11-05T06:00+07:00,2025-11-05T12:00+07:00,dummy-v1
RS-01255,2025-11-05,JKS-023,Tebet,Manggarai,CURANMOR,12:00-18:00,34,Low,25,44,33,28,47,dummy-v1,2025-11-05T12:00+07:00,2025-11-05T18:00+07:00,dummy-v1
RS-01256,2025-11-05,JKS-023,Tebet,Manggarai,CURANMOR,18:00-23:59,77,High,76,79,75,80,75,dummy-v1,2025-11-05T18:00+07:00,2025-11-06T00:00+07:00,dummy-v1
RS-01257,2025-11-12,JKS-023,Tebet,Manggarai,CURAS,00:00-06:00,67,Moderate,48,70,82,78,71,dummy-v1,2025-11-12T00:00+07:00,2025-11-12T06:00+07:00,dummy-v1
RS-01258,2025-11-12,JKS-023,Tebet,Manggarai,CURAS,06:00-12:00,60,Moderate,58,49,71,75,48,dummy-v1,2025-11-12T06:00+07:00,2025-11-12T12:00+07:00,dummy-v1
RS-01259,2025-11-12,JKS-023,Tebet,Manggarai,CURANMOR,12:00-18:00,50,Moderate,57,39,42,58,59,dummy-v1,2025-11-12T12:00+07:00,2025-11-12T18:00+07:00,dummy-v1
RS-01260,2025-11-12,JKS-023,Tebet,Manggarai,CURAS,18:00-23:59,70,High,63,81,75,56,74,dummy-v1,2025-11-12T18:00+07:00,2025-11-13T00:00+07:00,dummy-v1
RS-01261,2025-11-19,JKS-023,Tebet,Manggarai,CURAS,00:00-06:00,58,Moderate,66,51,71,45,46,dummy-v1,2025-11-19T00:00+07:00,2025-11-19T06:00+07:00,dummy-v1
RS-01262,2025-11-19,JKS-023,Tebet,Manggarai,CURANMOR,06:00-12:00,37,Low,26,50,52,27,23,dummy-v1,2025-11-19T06:00+07:00,2025-11-19T12:00+07:00,dummy-v1
RS-01263,2025-11-19,JKS-023,Tebet,Manggarai,CURAS,12:00-18:00,50,Moderate,51,60,44,42,47,dummy-v1,2025-11-19T12:00+07:00,2025-11-19T18:00+07:00,dummy-v1
RS-01264,2025-11-19,JKS-023,Tebet,Manggarai,CURAT,18:00-23:59,55,Moderate,46,68,52,51,61,dummy-v1,2025-11-19T18:00+07:00,2025-11-20T00:00+07:00,dummy-v1
RS-01265,2025-11-26,JKS-023,Tebet,Manggarai,CURAT,00:00-06:00,56,Moderate,64,50,55,56,49,dummy-v1,2025-11-26T00:00+07:00,2025-11-26T06:00+07:00,dummy-v1
RS-01266,2025-11-26,JKS-023,Tebet,Manggarai,CURAS,06:00-12:00,37,Low,40,48,23,32,36,dummy-v1,2025-11-26T06:00+07:00,2025-11-26T12:00+07:00,dummy-v1
RS-01267,2025-11-26,JKS-023,Tebet,Manggarai,CURAT,12:00-18:00,47,Moderate,60,33,41,57,39,dummy-v1,2025-11-26T12:00+07:00,2025-11-26T18:00+07:00,dummy-v1
RS-01268,2025-11-26,JKS-023,Tebet,Manggarai,CURAS,18:00-23:59,44,Low,57,34,44,41,34,dummy-v1,2025-11-26T18:00+07:00,2025-11-27T00:00+07:00,dummy-v1
RS-01269,2025-12-03,JKS-023,Tebet,Manggarai,CURAT,00:00-06:00,32,Low,39,34,25,29,25,dummy-v1,2025-12-03T00:00+07:00,2025-12-03T06:00+07:00,dummy-v1
RS-01270,2025-12-03,JKS-023,Tebet,Manggarai,CURANMOR,06:00-12:00,59,Moderate,54,58,71,49,67,dummy-v1,2025-12-03T06:00+07:00,2025-12-03T12:00+07:00,dummy-v1
RS-01271,2025-12-03,JKS-023,Tebet,Manggarai,CURAS,12:00-18:00,58,Moderate,52,64,64,52,58,dummy-v1,2025-12-03T12:00+07:00,2025-12-03T18:00+07:00,dummy-v1
RS-01272,2025-12-03,JKS-023,Tebet,Manggarai,CURAS,18:00-23:59,75,High,80,66,76,81,72,dummy-v1,2025-12-03T18:00+07:00,2025-12-04T00:00+07:00,dummy-v1
RS-01273,2025-12-10,JKS-023,Tebet,Manggarai,CURAS,00:00-06:00,47,Moderate,39,53,50,43,57,dummy-v1,2025-12-10T00:00+07:00,2025-12-10T06:00+07:00,dummy-v1
RS-01274,2025-12-10,JKS-023,Tebet,Manggarai,CURAT,06:00-12:00,47,Moderate,64,38,39,33,56,dummy-v1,2025-12-10T06:00+07:00,2025-12-10T12:00+07:00,dummy-v1
RS-01275,2025-12-10,JKS-023,Tebet,Manggarai,CURAT,12:00-18:00,56,Moderate,42,63,70,49,64,dummy-v1,2025-12-10T12:00+07:00,2025-12-10T18:00+07:00,dummy-v1
RS-01276,2025-12-10,JKS-023,Tebet,Manggarai,CURAS,18:00-23:59,84,High,96,73,88,79,74,dummy-v1,2025-12-10T18:00+07:00,2025-12-11T00:00+07:00,dummy-v1
RS-01277,2025-12-17,JKS-023,Tebet,Manggarai,CURAT,00:00-06:00,56,Moderate,35,63,70,70,51,dummy-v1,2025-12-17T00:00+07:00,2025-12-17T06:00+07:00,dummy-v1
RS-01278,2025-12-17,JKS-023,Tebet,Manggarai,CURAT,06:00-12:00,35,Low,46,21,32,48,23,dummy-v1,2025-12-17T06:00+07:00,2025-12-17T12:00+07:00,dummy-v1
RS-01279,2025-12-17,JKS-023,Tebet,Manggarai,CURAT,12:00-18:00,46,Moderate,62,34,42,34,55,dummy-v1,2025-12-17T12:00+07:00,2025-12-17T18:00+07:00,dummy-v1
RS-01280,2025-12-17,JKS-023,Tebet,Manggarai,CURAS,18:00-23:59,33,Low,48,19,23,32,45,dummy-v1,2025-12-17T18:00+07:00,2025-12-18T00:00+07:00,dummy-v1
RS-01281,2025-12-24,JKS-023,Tebet,Manggarai,CURAS,00:00-06:00,74,High,71,75,76,76,72,dummy-v1,2025-12-24T00:00+07:00,2025-12-24T06:00+07:00,dummy-v1
RS-01282,2025-12-24,JKS-023,Tebet,Manggarai,CURANMOR,06:00-12:00,67,Moderate,78,62,62,54,76,dummy-v1,2025-12-24T06:00+07:00,2025-12-24T12:00+07:00,dummy-v1
RS-01283,2025-12-24,JKS-023,Tebet,Manggarai,CURANMOR,12:00-18:00,59,Moderate,63,57,44,64,73,dummy-v1,2025-12-24T12:00+07:00,2025-12-24T18:00+07:00,dummy-v1
RS-01284,2025-12-24,JKS-023,Tebet,Manggarai,CURAT,18:00-23:59,82,High,76,93,88,69,81,dummy-v1,2025-12-24T18:00+07:00,2025-12-25T00:00+07:00,dummy-v1
RS-01285,2025-12-31,JKS-023,Tebet,Manggarai,CURAT,00:00-06:00,40,Low,50,29,43,41,29,dummy-v1,2025-12-31T00:00+07:00,2025-12-31T06:00+07:00,dummy-v1
RS-01286,2025-12-31,JKS-023,Tebet,Manggarai,CURAT,06:00-12:00,67,Moderate,78,55,64,77,54,dummy-v1,2025-12-31T06:00+07:00,2025-12-31T12:00+07:00,dummy-v1
RS-01287,2025-12-31,JKS-023,Tebet,Manggarai,CURANMOR,12:00-18:00,36,Low,32,32,33,45,50,dummy-v1,2025-12-31T12:00+07:00,2025-12-31T18:00+07:00,dummy-v1
RS-01288,2025-12-31,JKS-023,Tebet,Manggarai,CURAT,18:00-23:59,73,High,54,84,72,86,86,dummy-v1,2025-12-31T18:00+07:00,2026-01-01T00:00+07:00,dummy-v1
RS-01289,2025-10-01,JKS-024,Mampang Prapatan,Mampang Prapatan,CURAS,00:00-06:00,29,Low,21,41,35,24,17,dummy-v1,2025-10-01T00:00+07:00,2025-10-01T06:00+07:00,dummy-v1
RS-01290,2025-10-01,JKS-024,Mampang Prapatan,Mampang Prapatan,CURAS,06:00-12:00,64,Moderate,61,68,58,69,68,dummy-v1,2025-10-01T06:00+07:00,2025-10-01T12:00+07:00,dummy-v1
RS-01291,2025-10-01,JKS-024,Mampang Prapatan,Mampang Prapatan,CURANMOR,12:00-18:00,66,Moderate,64,79,63,55,61,dummy-v1,2025-10-01T12:00+07:00,2025-10-01T18:00+07:00,dummy-v1
RS-01292,2025-10-01,JKS-024,Mampang Prapatan,Mampang Prapatan,CURAS,18:00-23:59,59,Moderate,65,60,56,46,64,dummy-v1,2025-10-01T18:00+07:00,2025-10-02T00:00+07:00,dummy-v1
RS-01293,2025-10-08,JKS-024,Mampang Prapatan,Mampang Prapatan,CURAS,00:00-06:00,34,Low,26,48,32,27,38,dummy-v1,2025-10-08T00:00+07:00,2025-10-08T06:00+07:00,dummy-v1
RS-01294,2025-10-08,JKS-024,Mampang Prapatan,Mampang Prapatan,CURAT,06:00-12:00,38,Low,47,36,28,39,34,dummy-v1,2025-10-08T06:00+07:00,2025-10-08T12:00+07:00,dummy-v1
RS-01295,2025-10-08,JKS-024,Mampang Prapatan,Mampang Prapatan,CURAT,12:00-18:00,25,Low,19,30,25,34,18,dummy-v1,2025-10-08T12:00+07:00,2025-10-08T18:00+07:00,dummy-v1
RS-01296,2025-10-08,JKS-024,Mampang Prapatan,Mampang Prapatan,CURAS,18:00-23:59,52,Moderate,51,49,50,52,66,dummy-v1,2025-10-08T18:00+07:00,2025-10-09T00:00+07:00,dummy-v1
RS-01297,2025-10-15,JKS-024,Mampang Prapatan,Mampang Prapatan,CURAS,00:00-06:00,61,Moderate,47,75,69,58,56,dummy-v1,2025-10-15T00:00+07:00,2025-10-15T06:00+07:00,dummy-v1
RS-01298,2025-10-15,JKS-024,Mampang Prapatan,Mampang Prapatan,CURAS,06:00-12:00,41,Low,37,51,43,27,44,dummy-v1,2025-10-15T06:00+07:00,2025-10-15T12:00+07:00,dummy-v1
RS-01299,2025-10-15,JKS-024,Mampang Prapatan,Mampang Prapatan,CURAT,12:00-18:00,63,Moderate,78,54,63,51,59,dummy-v1,2025-10-15T12:00+07:00,2025-10-15T18:00+07:00,dummy-v1
RS-01300,2025-10-15,JKS-024,Mampang Prapatan,Mampang Prapatan,CURANMOR,18:00-23:59,81,High,76,86,74,83,93,dummy-v1,2025-10-15T18:00+07:00,2025-10-16T00:00+07:00,dummy-v1
RS-01301,2025-10-22,JKS-024,Mampang Prapatan,Mampang Prapatan,CURAS,00:00-06:00,40,Low,40,30,54,35,44,dummy-v1,2025-10-22T00:00+07:00,2025-10-22T06:00+07:00,dummy-v1
RS-01302,2025-10-22,JKS-024,Mampang Prapatan,Mampang Prapatan,CURAS,06:00-12:00,59,Moderate,52,73,49,61,61,dummy-v1,2025-10-22T06:00+07:00,2025-10-22T12:00+07:00,dummy-v1
RS-01303,2025-10-22,JKS-024,Mampang Prapatan,Mampang Prapatan,CURANMOR,12:00-18:00,62,Moderate,63,66,61,47,72,dummy-v1,2025-10-22T12:00+07:00,2025-10-22T18:00+07:00,dummy-v1
RS-01304,2025-10-22,JKS-024,Mampang Prapatan,Mampang Prapatan,CURAT,18:00-23:59,31,Low,24,40,23,34,40,dummy-v1,2025-10-22T18:00+07:00,2025-10-23T00:00+07:00,dummy-v1
RS-01305,2025-10-29,JKS-024,Mampang Prapatan,Mampang Prapatan,CURAS,00:00-06:00,57,Moderate,72,48,50,60,44,dummy-v1,2025-10-29T00:00+07:00,2025-10-29T06:00+07:00,dummy-v1
RS-01306,2025-10-29,JKS-024,Mampang Prapatan,Mampang Prapatan,CURANMOR,06:00-12:00,56,Moderate,39,69,69,56,48,dummy-v1,2025-10-29T06:00+07:00,2025-10-29T12:00+07:00,dummy-v1
RS-01307,2025-10-29,JKS-024,Mampang Prapatan,Mampang Prapatan,CURAS,12:00-18:00,35,Low,28,27,49,47,29,dummy-v1,2025-10-29T12:00+07:00,2025-10-29T18:00+07:00,dummy-v1
RS-01308,2025-10-29,JKS-024,Mampang Prapatan,Mampang Prapatan,CURANMOR,18:00-23:59,52,Moderate,72,38,47,45,46,dummy-v1,2025-10-29T18:00+07:00,2025-10-30T00:00+07:00,dummy-v1
RS-01309,2025-11-05,JKS-024,Mampang Prapatan,Mampang Prapatan,CURAS,00:00-06:00,30,Low,36,34,24,24,23,dummy-v1,2025-11-05T00:00+07:00,2025-11-05T06:00+07:00,dummy-v1
RS-01310,2025-11-05,JKS-024,Mampang Prapatan,Mampang Prapatan,CURANMOR,06:00-12:00,71,High,67,79,73,61,75,dummy-v1,2025-11-05T06:00+07:00,2025-11-05T12:00+07:00,dummy-v1
RS-01311,2025-11-05,JKS-024,Mampang Prapatan,Mampang Prapatan,CURANMOR,12:00-18:00,57,Moderate,72,49,49,53,54,dummy-v1,2025-11-05T12:00+07:00,2025-11-05T18:00+07:00,dummy-v1
RS-01312,2025-11-05,JKS-024,Mampang Prapatan,Mampang Prapatan,CURANMOR,18:00-23:59,76,High,73,68,78,89,82,dummy-v1,2025-11-05T18:00+07:00,2025-11-06T00:00+07:00,dummy-v1
RS-01313,2025-11-12,JKS-024,Mampang Prapatan,Mampang Prapatan,CURAT,00:00-06:00,61,Moderate,83,51,55,47,52,dummy-v1,2025-11-12T00:00+07:00,2025-11-12T06:00+07:00,dummy-v1
RS-01314,2025-11-12,JKS-024,Mampang Prapatan,Mampang Prapatan,CURAS,06:00-12:00,29,Low,31,17,29,44,30,dummy-v1,2025-11-12T06:00+07:00,2025-11-12T12:00+07:00,dummy-v1
RS-01315,2025-11-12,JKS-024,Mampang Prapatan,Mampang Prapatan,CURAT,12:00-18:00,31,Low,36,32,31,19,31,dummy-v1,2025-11-12T12:00+07:00,2025-11-12T18:00+07:00,dummy-v1
RS-01316,2025-11-12,JKS-024,Mampang Prapatan,Mampang Prapatan,CURAT,18:00-23:59,51,Moderate,40,65,46,63,42,dummy-v1,2025-11-12T18:00+07:00,2025-11-13T00:00+07:00,dummy-v1
RS-01317,2025-11-19,JKS-024,Mampang Prapatan,Mampang Prapatan,CURAT,00:00-06:00,34,Low,30,37,46,26,28,dummy-v1,2025-11-19T00:00+07:00,2025-11-19T06:00+07:00,dummy-v1
RS-01318,2025-11-19,JKS-024,Mampang Prapatan,Mampang Prapatan,CURAT,06:00-12:00,44,Low,60,35,33,49,32,dummy-v1,2025-11-19T06:00+07:00,2025-11-19T12:00+07:00,dummy-v1
RS-01319,2025-11-19,JKS-024,Mampang Prapatan,Mampang Prapatan,CURANMOR,12:00-18:00,43,Low,54,44,30,46,30,dummy-v1,2025-11-19T12:00+07:00,2025-11-19T18:00+07:00,dummy-v1
RS-01320,2025-11-19,JKS-024,Mampang Prapatan,Mampang Prapatan,CURAS,18:00-23:59,79,High,91,70,71,80,81,dummy-v1,2025-11-19T18:00+07:00,2025-11-20T00:00+07:00,dummy-v1
RS-01321,2025-11-26,JKS-024,Mampang Prapatan,Mampang Prapatan,CURAT,00:00-06:00,55,Moderate,48,51,70,51,61,dummy-v1,2025-11-26T00:00+07:00,2025-11-26T06:00+07:00,dummy-v1
RS-01322,2025-11-26,JKS-024,Mampang Prapatan,Mampang Prapatan,CURANMOR,06:00-12:00,27,Low,22,41,19,28,22,dummy-v1,2025-11-26T06:00+07:00,2025-11-26T12:00+07:00,dummy-v1
RS-01323,2025-11-26,JKS-024,Mampang Prapatan,Mampang Prapatan,CURAS,12:00-18:00,36,Low,45,27,24,49,37,dummy-v1,2025-11-26T12:00+07:00,2025-11-26T18:00+07:00,dummy-v1
RS-01324,2025-11-26,JKS-024,Mampang Prapatan,Mampang Prapatan,CURAS,18:00-23:59,62,Moderate,58,63,69,62,57,dummy-v1,2025-11-26T18:00+07:00,2025-11-27T00:00+07:00,dummy-v1
RS-01325,2025-12-03,JKS-024,Mampang Prapatan,Mampang Prapatan,CURAT,00:00-06:00,30,Low,32,42,21,27,16,dummy-v1,2025-12-03T00:00+07:00,2025-12-03T06:00+07:00,dummy-v1
RS-01326,2025-12-03,JKS-024,Mampang Prapatan,Mampang Prapatan,CURANMOR,06:00-12:00,58,Moderate,70,45,70,47,47,dummy-v1,2025-12-03T06:00+07:00,2025-12-03T12:00+07:00,dummy-v1
RS-01327,2025-12-03,JKS-024,Mampang Prapatan,Mampang Prapatan,CURAS,12:00-18:00,73,High,69,70,84,71,73,dummy-v1,2025-12-03T12:00+07:00,2025-12-03T18:00+07:00,dummy-v1
RS-01328,2025-12-03,JKS-024,Mampang Prapatan,Mampang Prapatan,CURAS,18:00-23:59,54,Moderate,44,57,59,54,68,dummy-v1,2025-12-03T18:00+07:00,2025-12-04T00:00+07:00,dummy-v1
RS-01329,2025-12-10,JKS-024,Mampang Prapatan,Mampang Prapatan,CURAS,00:00-06:00,63,Moderate,64,73,51,60,63,dummy-v1,2025-12-10T00:00+07:00,2025-12-10T06:00+07:00,dummy-v1
RS-01330,2025-12-10,JKS-024,Mampang Prapatan,Mampang Prapatan,CURAS,06:00-12:00,52,Moderate,38,65,50,54,63,dummy-v1,2025-12-10T06:00+07:00,2025-12-10T12:00+07:00,dummy-v1
RS-01331,2025-12-10,JKS-024,Mampang Prapatan,Mampang Prapatan,CURANMOR,12:00-18:00,58,Moderate,43,73,70,52,50,dummy-v1,2025-12-10T12:00+07:00,2025-12-10T18:00+07:00,dummy-v1
RS-01332,2025-12-10,JKS-024,Mampang Prapatan,Mampang Prapatan,CURAS,18:00-23:59,76,High,60,88,90,63,87,dummy-v1,2025-12-10T18:00+07:00,2025-12-11T00:00+07:00,dummy-v1
RS-01333,2025-12-17,JKS-024,Mampang Prapatan,Mampang Prapatan,CURANMOR,00:00-06:00,39,Low,37,45,33,32,53,dummy-v1,2025-12-17T00:00+07:00,2025-12-17T06:00+07:00,dummy-v1
RS-01334,2025-12-17,JKS-024,Mampang Prapatan,Mampang Prapatan,CURAT,06:00-12:00,34,Low,28,37,22,48,48,dummy-v1,2025-12-17T06:00+07:00,2025-12-17T12:00+07:00,dummy-v1
RS-01335,2025-12-17,JKS-024,Mampang Prapatan,Mampang Prapatan,CURANMOR,12:00-18:00,36,Low,50,27,29,34,33,dummy-v1,2025-12-17T12:00+07:00,2025-12-17T18:00+07:00,dummy-v1
RS-01336,2025-12-17,JKS-024,Mampang Prapatan,Mampang Prapatan,CURANMOR,18:00-23:59,43,Low,36,47,46,52,35,dummy-v1,2025-12-17T18:00+07:00,2025-12-18T00:00+07:00,dummy-v1
RS-01337,2025-12-24,JKS-024,Mampang Prapatan,Mampang Prapatan,CURAT,00:00-06:00,30,Low,28,34,33,30,21,dummy-v1,2025-12-24T00:00+07:00,2025-12-24T06:00+07:00,dummy-v1
RS-01338,2025-12-24,JKS-024,Mampang Prapatan,Mampang Prapatan,CURAS,06:00-12:00,44,Low,41,56,34,43,45,dummy-v1,2025-12-24T06:00+07:00,2025-12-24T12:00+07:00,dummy-v1
RS-01339,2025-12-24,JKS-024,Mampang Prapatan,Mampang Prapatan,CURAT,12:00-18:00,56,Moderate,66,51,47,61,49,dummy-v1,2025-12-24T12:00+07:00,2025-12-24T18:00+07:00,dummy-v1
RS-01340,2025-12-24,JKS-024,Mampang Prapatan,Mampang Prapatan,CURANMOR,18:00-23:59,62,Moderate,55,66,59,75,60,dummy-v1,2025-12-24T18:00+07:00,2025-12-25T00:00+07:00,dummy-v1
RS-01341,2025-12-31,JKS-024,Mampang Prapatan,Mampang Prapatan,CURANMOR,00:00-06:00,64,Moderate,79,57,61,58,50,dummy-v1,2025-12-31T00:00+07:00,2025-12-31T06:00+07:00,dummy-v1
RS-01342,2025-12-31,JKS-024,Mampang Prapatan,Mampang Prapatan,CURAS,06:00-12:00,25,Low,16,32,13,39,36,dummy-v1,2025-12-31T06:00+07:00,2025-12-31T12:00+07:00,dummy-v1
RS-01343,2025-12-31,JKS-024,Mampang Prapatan,Mampang Prapatan,CURAS,12:00-18:00,47,Moderate,56,32,38,62,54,dummy-v1,2025-12-31T12:00+07:00,2025-12-31T18:00+07:00,dummy-v1
RS-01344,2025-12-31,JKS-024,Mampang Prapatan,Mampang Prapatan,CURAT,18:00-23:59,81,High,92,69,74,94,72,dummy-v1,2025-12-31T18:00+07:00,2026-01-01T00:00+07:00,dummy-v1
RS-01345,2025-10-01,JKS-025,Mampang Prapatan,Bangka,CURAT,00:00-06:00,61,Moderate,71,50,67,50,64,dummy-v1,2025-10-01T00:00+07:00,2025-10-01T06:00+07:00,dummy-v1
RS-01346,2025-10-01,JKS-025,Mampang Prapatan,Bangka,CURANMOR,06:00-12:00,46,Moderate,34,51,61,34,59,dummy-v1,2025-10-01T06:00+07:00,2025-10-01T12:00+07:00,dummy-v1
RS-01347,2025-10-01,JKS-025,Mampang Prapatan,Bangka,CURANMOR,12:00-18:00,41,Low,52,42,29,39,33,dummy-v1,2025-10-01T12:00+07:00,2025-10-01T18:00+07:00,dummy-v1
RS-01348,2025-10-01,JKS-025,Mampang Prapatan,Bangka,CURAS,18:00-23:59,82,High,84,72,93,85,75,dummy-v1,2025-10-01T18:00+07:00,2025-10-02T00:00+07:00,dummy-v1
RS-01349,2025-10-08,JKS-025,Mampang Prapatan,Bangka,CURAS,00:00-06:00,52,Moderate,39,55,63,64,42,dummy-v1,2025-10-08T00:00+07:00,2025-10-08T06:00+07:00,dummy-v1
RS-01350,2025-10-08,JKS-025,Mampang Prapatan,Bangka,CURANMOR,06:00-12:00,73,High,70,62,77,83,85,dummy-v1,2025-10-08T06:00+07:00,2025-10-08T12:00+07:00,dummy-v1
RS-01351,2025-10-08,JKS-025,Mampang Prapatan,Bangka,CURAT,12:00-18:00,64,Moderate,64,50,67,76,75,dummy-v1,2025-10-08T12:00+07:00,2025-10-08T18:00+07:00,dummy-v1
RS-01352,2025-10-08,JKS-025,Mampang Prapatan,Bangka,CURAT,18:00-23:59,44,Low,44,50,33,52,39,dummy-v1,2025-10-08T18:00+07:00,2025-10-09T00:00+07:00,dummy-v1
RS-01353,2025-10-15,JKS-025,Mampang Prapatan,Bangka,CURAS,00:00-06:00,67,Moderate,74,70,57,57,73,dummy-v1,2025-10-15T00:00+07:00,2025-10-15T06:00+07:00,dummy-v1
RS-01354,2025-10-15,JKS-025,Mampang Prapatan,Bangka,CURAT,06:00-12:00,54,Moderate,41,59,68,55,51,dummy-v1,2025-10-15T06:00+07:00,2025-10-15T12:00+07:00,dummy-v1
RS-01355,2025-10-15,JKS-025,Mampang Prapatan,Bangka,CURAT,12:00-18:00,32,Low,14,29,47,43,47,dummy-v1,2025-10-15T12:00+07:00,2025-10-15T18:00+07:00,dummy-v1
RS-01356,2025-10-15,JKS-025,Mampang Prapatan,Bangka,CURAS,18:00-23:59,76,High,77,74,83,68,75,dummy-v1,2025-10-15T18:00+07:00,2025-10-16T00:00+07:00,dummy-v1
RS-01357,2025-10-22,JKS-025,Mampang Prapatan,Bangka,CURAS,00:00-06:00,38,Low,45,31,32,52,26,dummy-v1,2025-10-22T00:00+07:00,2025-10-22T06:00+07:00,dummy-v1
RS-01358,2025-10-22,JKS-025,Mampang Prapatan,Bangka,CURAS,06:00-12:00,61,Moderate,54,68,60,69,53,dummy-v1,2025-10-22T06:00+07:00,2025-10-22T12:00+07:00,dummy-v1
RS-01359,2025-10-22,JKS-025,Mampang Prapatan,Bangka,CURAT,12:00-18:00,60,Moderate,50,53,70,72,71,dummy-v1,2025-10-22T12:00+07:00,2025-10-22T18:00+07:00,dummy-v1
RS-01360,2025-10-22,JKS-025,Mampang Prapatan,Bangka,CURAT,18:00-23:59,44,Low,39,40,54,53,36,dummy-v1,2025-10-22T18:00+07:00,2025-10-23T00:00+07:00,dummy-v1
RS-01361,2025-10-29,JKS-025,Mampang Prapatan,Bangka,CURAT,00:00-06:00,28,Low,24,16,38,39,33,dummy-v1,2025-10-29T00:00+07:00,2025-10-29T06:00+07:00,dummy-v1
RS-01362,2025-10-29,JKS-025,Mampang Prapatan,Bangka,CURAS,06:00-12:00,66,Moderate,62,77,56,62,77,dummy-v1,2025-10-29T06:00+07:00,2025-10-29T12:00+07:00,dummy-v1
RS-01363,2025-10-29,JKS-025,Mampang Prapatan,Bangka,CURAT,12:00-18:00,58,Moderate,56,47,61,73,63,dummy-v1,2025-10-29T12:00+07:00,2025-10-29T18:00+07:00,dummy-v1
RS-01364,2025-10-29,JKS-025,Mampang Prapatan,Bangka,CURAS,18:00-23:59,44,Low,46,40,34,55,52,dummy-v1,2025-10-29T18:00+07:00,2025-10-30T00:00+07:00,dummy-v1
RS-01365,2025-11-05,JKS-025,Mampang Prapatan,Bangka,CURAT,00:00-06:00,40,Low,31,52,38,36,48,dummy-v1,2025-11-05T00:00+07:00,2025-11-05T06:00+07:00,dummy-v1
RS-01366,2025-11-05,JKS-025,Mampang Prapatan,Bangka,CURAS,06:00-12:00,42,Low,40,40,40,49,48,dummy-v1,2025-11-05T06:00+07:00,2025-11-05T12:00+07:00,dummy-v1
RS-01367,2025-11-05,JKS-025,Mampang Prapatan,Bangka,CURAT,12:00-18:00,40,Low,31,55,43,32,34,dummy-v1,2025-11-05T12:00+07:00,2025-11-05T18:00+07:00,dummy-v1
RS-01368,2025-11-05,JKS-025,Mampang Prapatan,Bangka,CURANMOR,18:00-23:59,65,Moderate,41,77,73,74,76,dummy-v1,2025-11-05T18:00+07:00,2025-11-06T00:00+07:00,dummy-v1
RS-01369,2025-11-12,JKS-025,Mampang Prapatan,Bangka,CURAS,00:00-06:00,52,Moderate,47,58,53,43,64,dummy-v1,2025-11-12T00:00+07:00,2025-11-12T06:00+07:00,dummy-v1
RS-01370,2025-11-12,JKS-025,Mampang Prapatan,Bangka,CURANMOR,06:00-12:00,36,Low,36,44,27,39,29,dummy-v1,2025-11-12T06:00+07:00,2025-11-12T12:00+07:00,dummy-v1
RS-01371,2025-11-12,JKS-025,Mampang Prapatan,Bangka,CURAS,12:00-18:00,64,Moderate,63,54,65,78,69,dummy-v1,2025-11-12T12:00+07:00,2025-11-12T18:00+07:00,dummy-v1
RS-01372,2025-11-12,JKS-025,Mampang Prapatan,Bangka,CURAS,18:00-23:59,80,High,74,83,83,83,81,dummy-v1,2025-11-12T18:00+07:00,2025-11-13T00:00+07:00,dummy-v1
RS-01373,2025-11-19,JKS-025,Mampang Prapatan,Bangka,CURAS,00:00-06:00,32,Low,34,44,17,19,45,dummy-v1,2025-11-19T00:00+07:00,2025-11-19T06:00+07:00,dummy-v1
RS-01374,2025-11-19,JKS-025,Mampang Prapatan,Bangka,CURAS,06:00-12:00,69,Moderate,63,84,67,67,58,dummy-v1,2025-11-19T06:00+07:00,2025-11-19T12:00+07:00,dummy-v1
RS-01375,2025-11-19,JKS-025,Mampang Prapatan,Bangka,CURAT,12:00-18:00,67,Moderate,54,81,62,76,66,dummy-v1,2025-11-19T12:00+07:00,2025-11-19T18:00+07:00,dummy-v1
RS-01376,2025-11-19,JKS-025,Mampang Prapatan,Bangka,CURAS,18:00-23:59,84,High,84,71,87,99,88,dummy-v1,2025-11-19T18:00+07:00,2025-11-20T00:00+07:00,dummy-v1
RS-01377,2025-11-26,JKS-025,Mampang Prapatan,Bangka,CURANMOR,00:00-06:00,35,Low,35,45,28,23,42,dummy-v1,2025-11-26T00:00+07:00,2025-11-26T06:00+07:00,dummy-v1
RS-01378,2025-11-26,JKS-025,Mampang Prapatan,Bangka,CURAT,06:00-12:00,68,Moderate,67,71,80,58,56,dummy-v1,2025-11-26T06:00+07:00,2025-11-26T12:00+07:00,dummy-v1
RS-01379,2025-11-26,JKS-025,Mampang Prapatan,Bangka,CURANMOR,12:00-18:00,34,Low,12,42,47,38,47,dummy-v1,2025-11-26T12:00+07:00,2025-11-26T18:00+07:00,dummy-v1
RS-01380,2025-11-26,JKS-025,Mampang Prapatan,Bangka,CURAS,18:00-23:59,39,Low,23,51,37,44,53,dummy-v1,2025-11-26T18:00+07:00,2025-11-27T00:00+07:00,dummy-v1
RS-01381,2025-12-03,JKS-025,Mampang Prapatan,Bangka,CURANMOR,00:00-06:00,68,Moderate,64,69,75,55,82,dummy-v1,2025-12-03T00:00+07:00,2025-12-03T06:00+07:00,dummy-v1
RS-01382,2025-12-03,JKS-025,Mampang Prapatan,Bangka,CURANMOR,06:00-12:00,63,Moderate,77,54,48,66,70,dummy-v1,2025-12-03T06:00+07:00,2025-12-03T12:00+07:00,dummy-v1
RS-01383,2025-12-03,JKS-025,Mampang Prapatan,Bangka,CURANMOR,12:00-18:00,49,Moderate,68,35,41,45,49,dummy-v1,2025-12-03T12:00+07:00,2025-12-03T18:00+07:00,dummy-v1
RS-01384,2025-12-03,JKS-025,Mampang Prapatan,Bangka,CURAT,18:00-23:59,60,Moderate,61,49,71,66,53,dummy-v1,2025-12-03T18:00+07:00,2025-12-04T00:00+07:00,dummy-v1
RS-01385,2025-12-10,JKS-025,Mampang Prapatan,Bangka,CURAS,00:00-06:00,51,Moderate,48,57,62,42,36,dummy-v1,2025-12-10T00:00+07:00,2025-12-10T06:00+07:00,dummy-v1
RS-01386,2025-12-10,JKS-025,Mampang Prapatan,Bangka,CURANMOR,06:00-12:00,35,Low,19,44,44,36,41,dummy-v1,2025-12-10T06:00+07:00,2025-12-10T12:00+07:00,dummy-v1
RS-01387,2025-12-10,JKS-025,Mampang Prapatan,Bangka,CURAT,12:00-18:00,37,Low,33,48,35,22,48,dummy-v1,2025-12-10T12:00+07:00,2025-12-10T18:00+07:00,dummy-v1
RS-01388,2025-12-10,JKS-025,Mampang Prapatan,Bangka,CURAS,18:00-23:59,89,Critical,86,84,100,83,98,dummy-v1,2025-12-10T18:00+07:00,2025-12-11T00:00+07:00,dummy-v1
RS-01389,2025-12-17,JKS-025,Mampang Prapatan,Bangka,CURANMOR,00:00-06:00,34,Low,42,46,20,19,31,dummy-v1,2025-12-17T00:00+07:00,2025-12-17T06:00+07:00,dummy-v1
RS-01390,2025-12-17,JKS-025,Mampang Prapatan,Bangka,CURANMOR,06:00-12:00,25,Low,11,38,27,32,21,dummy-v1,2025-12-17T06:00+07:00,2025-12-17T12:00+07:00,dummy-v1
RS-01391,2025-12-17,JKS-025,Mampang Prapatan,Bangka,CURAT,12:00-18:00,49,Moderate,63,44,38,38,58,dummy-v1,2025-12-17T12:00+07:00,2025-12-17T18:00+07:00,dummy-v1
RS-01392,2025-12-17,JKS-025,Mampang Prapatan,Bangka,CURAS,18:00-23:59,76,High,60,88,73,89,81,dummy-v1,2025-12-17T18:00+07:00,2025-12-18T00:00+07:00,dummy-v1
RS-01393,2025-12-24,JKS-025,Mampang Prapatan,Bangka,CURANMOR,00:00-06:00,26,Low,20,38,13,32,31,dummy-v1,2025-12-24T00:00+07:00,2025-12-24T06:00+07:00,dummy-v1
RS-01394,2025-12-24,JKS-025,Mampang Prapatan,Bangka,CURANMOR,06:00-12:00,29,Low,24,32,36,34,16,dummy-v1,2025-12-24T06:00+07:00,2025-12-24T12:00+07:00,dummy-v1
RS-01395,2025-12-24,JKS-025,Mampang Prapatan,Bangka,CURAS,12:00-18:00,74,High,83,61,70,79,81,dummy-v1,2025-12-24T12:00+07:00,2025-12-24T18:00+07:00,dummy-v1
RS-01396,2025-12-24,JKS-025,Mampang Prapatan,Bangka,CURANMOR,18:00-23:59,45,Moderate,53,34,55,39,38,dummy-v1,2025-12-24T18:00+07:00,2025-12-25T00:00+07:00,dummy-v1
RS-01397,2025-12-31,JKS-025,Mampang Prapatan,Bangka,CURANMOR,00:00-06:00,39,Low,65,28,24,30,33,dummy-v1,2025-12-31T00:00+07:00,2025-12-31T06:00+07:00,dummy-v1
RS-01398,2025-12-31,JKS-025,Mampang Prapatan,Bangka,CURAT,06:00-12:00,50,Moderate,58,37,64,42,41,dummy-v1,2025-12-31T06:00+07:00,2025-12-31T12:00+07:00,dummy-v1
RS-01399,2025-12-31,JKS-025,Mampang Prapatan,Bangka,CURAT,12:00-18:00,43,Low,35,50,43,51,38,dummy-v1,2025-12-31T12:00+07:00,2025-12-31T18:00+07:00,dummy-v1
RS-01400,2025-12-31,JKS-025,Mampang Prapatan,Bangka,CURAT,18:00-23:59,74,High,77,76,71,63,81,dummy-v1,2025-12-31T18:00+07:00,2026-01-01T00:00+07:00,dummy-v1
RS-01401,2025-10-01,JKS-026,Mampang Prapatan,Tegal Parang,CURANMOR,00:00-06:00,39,Low,43,44,32,28,45,dummy-v1,2025-10-01T00:00+07:00,2025-10-01T06:00+07:00,dummy-v1
RS-01402,2025-10-01,JKS-026,Mampang Prapatan,Tegal Parang,CURAT,06:00-12:00,70,High,69,78,70,62,66,dummy-v1,2025-10-01T06:00+07:00,2025-10-01T12:00+07:00,dummy-v1
RS-01403,2025-10-01,JKS-026,Mampang Prapatan,Tegal Parang,CURAT,12:00-18:00,35,Low,43,41,23,33,24,dummy-v1,2025-10-01T12:00+07:00,2025-10-01T18:00+07:00,dummy-v1
RS-01404,2025-10-01,JKS-026,Mampang Prapatan,Tegal Parang,CURANMOR,18:00-23:59,51,Moderate,58,38,66,48,36,dummy-v1,2025-10-01T18:00+07:00,2025-10-02T00:00+07:00,dummy-v1
RS-01405,2025-10-08,JKS-026,Mampang Prapatan,Tegal Parang,CURAT,00:00-06:00,38,Low,31,29,47,46,50,dummy-v1,2025-10-08T00:00+07:00,2025-10-08T06:00+07:00,dummy-v1
RS-01406,2025-10-08,JKS-026,Mampang Prapatan,Tegal Parang,CURAS,06:00-12:00,65,Moderate,55,78,53,77,69,dummy-v1,2025-10-08T06:00+07:00,2025-10-08T12:00+07:00,dummy-v1
RS-01407,2025-10-08,JKS-026,Mampang Prapatan,Tegal Parang,CURAT,12:00-18:00,33,Low,22,46,26,40,36,dummy-v1,2025-10-08T12:00+07:00,2025-10-08T18:00+07:00,dummy-v1
RS-01408,2025-10-08,JKS-026,Mampang Prapatan,Tegal Parang,CURAS,18:00-23:59,83,High,80,78,94,73,97,dummy-v1,2025-10-08T18:00+07:00,2025-10-09T00:00+07:00,dummy-v1
RS-01409,2025-10-15,JKS-026,Mampang Prapatan,Tegal Parang,CURAS,00:00-06:00,73,High,81,76,76,58,58,dummy-v1,2025-10-15T00:00+07:00,2025-10-15T06:00+07:00,dummy-v1
RS-01410,2025-10-15,JKS-026,Mampang Prapatan,Tegal Parang,CURANMOR,06:00-12:00,27,Low,29,30,19,22,37,dummy-v1,2025-10-15T06:00+07:00,2025-10-15T12:00+07:00,dummy-v1
RS-01411,2025-10-15,JKS-026,Mampang Prapatan,Tegal Parang,CURAS,12:00-18:00,58,Moderate,48,62,64,68,50,dummy-v1,2025-10-15T12:00+07:00,2025-10-15T18:00+07:00,dummy-v1
RS-01412,2025-10-15,JKS-026,Mampang Prapatan,Tegal Parang,CURANMOR,18:00-23:59,41,Low,33,38,52,53,32,dummy-v1,2025-10-15T18:00+07:00,2025-10-16T00:00+07:00,dummy-v1
RS-01413,2025-10-22,JKS-026,Mampang Prapatan,Tegal Parang,CURAT,00:00-06:00,46,Moderate,26,56,61,54,38,dummy-v1,2025-10-22T00:00+07:00,2025-10-22T06:00+07:00,dummy-v1
RS-01414,2025-10-22,JKS-026,Mampang Prapatan,Tegal Parang,CURAS,06:00-12:00,62,Moderate,54,74,60,58,66,dummy-v1,2025-10-22T06:00+07:00,2025-10-22T12:00+07:00,dummy-v1
RS-01415,2025-10-22,JKS-026,Mampang Prapatan,Tegal Parang,CURAT,12:00-18:00,53,Moderate,58,40,63,60,39,dummy-v1,2025-10-22T12:00+07:00,2025-10-22T18:00+07:00,dummy-v1
RS-01416,2025-10-22,JKS-026,Mampang Prapatan,Tegal Parang,CURAT,18:00-23:59,72,High,65,78,86,59,69,dummy-v1,2025-10-22T18:00+07:00,2025-10-23T00:00+07:00,dummy-v1
RS-01417,2025-10-29,JKS-026,Mampang Prapatan,Tegal Parang,CURAT,00:00-06:00,52,Moderate,55,37,65,48,59,dummy-v1,2025-10-29T00:00+07:00,2025-10-29T06:00+07:00,dummy-v1
RS-01418,2025-10-29,JKS-026,Mampang Prapatan,Tegal Parang,CURAS,06:00-12:00,55,Moderate,56,70,45,40,56,dummy-v1,2025-10-29T06:00+07:00,2025-10-29T12:00+07:00,dummy-v1
RS-01419,2025-10-29,JKS-026,Mampang Prapatan,Tegal Parang,CURAT,12:00-18:00,35,Low,50,23,25,37,37,dummy-v1,2025-10-29T12:00+07:00,2025-10-29T18:00+07:00,dummy-v1
RS-01420,2025-10-29,JKS-026,Mampang Prapatan,Tegal Parang,CURANMOR,18:00-23:59,65,Moderate,78,50,72,58,60,dummy-v1,2025-10-29T18:00+07:00,2025-10-30T00:00+07:00,dummy-v1
RS-01421,2025-11-05,JKS-026,Mampang Prapatan,Tegal Parang,CURAS,00:00-06:00,55,Moderate,45,56,64,66,49,dummy-v1,2025-11-05T00:00+07:00,2025-11-05T06:00+07:00,dummy-v1
RS-01422,2025-11-05,JKS-026,Mampang Prapatan,Tegal Parang,CURAS,06:00-12:00,72,High,63,83,67,79,72,dummy-v1,2025-11-05T06:00+07:00,2025-11-05T12:00+07:00,dummy-v1
RS-01423,2025-11-05,JKS-026,Mampang Prapatan,Tegal Parang,CURAT,12:00-18:00,46,Moderate,44,46,55,44,38,dummy-v1,2025-11-05T12:00+07:00,2025-11-05T18:00+07:00,dummy-v1
RS-01424,2025-11-05,JKS-026,Mampang Prapatan,Tegal Parang,CURANMOR,18:00-23:59,83,High,77,71,92,95,96,dummy-v1,2025-11-05T18:00+07:00,2025-11-06T00:00+07:00,dummy-v1
RS-01425,2025-11-12,JKS-026,Mampang Prapatan,Tegal Parang,CURAS,00:00-06:00,73,High,68,72,72,85,73,dummy-v1,2025-11-12T00:00+07:00,2025-11-12T06:00+07:00,dummy-v1
RS-01426,2025-11-12,JKS-026,Mampang Prapatan,Tegal Parang,CURAT,06:00-12:00,31,Low,35,38,24,21,29,dummy-v1,2025-11-12T06:00+07:00,2025-11-12T12:00+07:00,dummy-v1
RS-01427,2025-11-12,JKS-026,Mampang Prapatan,Tegal Parang,CURAT,12:00-18:00,26,Low,29,36,12,29,16,dummy-v1,2025-11-12T12:00+07:00,2025-11-12T18:00+07:00,dummy-v1
RS-01428,2025-11-12,JKS-026,Mampang Prapatan,Tegal Parang,CURANMOR,18:00-23:59,35,Low,55,23,36,22,22,dummy-v1,2025-11-12T18:00+07:00,2025-11-13T00:00+07:00,dummy-v1
RS-01429,2025-11-19,JKS-026,Mampang Prapatan,Tegal Parang,CURAS,00:00-06:00,54,Moderate,64,52,45,48,55,dummy-v1,2025-11-19T00:00+07:00,2025-11-19T06:00+07:00,dummy-v1
RS-01430,2025-11-19,JKS-026,Mampang Prapatan,Tegal Parang,CURANMOR,06:00-12:00,65,Moderate,65,52,76,65,76,dummy-v1,2025-11-19T06:00+07:00,2025-11-19T12:00+07:00,dummy-v1
RS-01431,2025-11-19,JKS-026,Mampang Prapatan,Tegal Parang,CURAT,12:00-18:00,60,Moderate,54,67,74,48,52,dummy-v1,2025-11-19T12:00+07:00,2025-11-19T18:00+07:00,dummy-v1
RS-01432,2025-11-19,JKS-026,Mampang Prapatan,Tegal Parang,CURANMOR,18:00-23:59,86,Critical,88,93,76,90,78,dummy-v1,2025-11-19T18:00+07:00,2025-11-20T00:00+07:00,dummy-v1
RS-01433,2025-11-26,JKS-026,Mampang Prapatan,Tegal Parang,CURAT,00:00-06:00,28,Low,49,19,20,22,14,dummy-v1,2025-11-26T00:00+07:00,2025-11-26T06:00+07:00,dummy-v1
RS-01434,2025-11-26,JKS-026,Mampang Prapatan,Tegal Parang,CURAS,06:00-12:00,32,Low,27,39,19,44,37,dummy-v1,2025-11-26T06:00+07:00,2025-11-26T12:00+07:00,dummy-v1
RS-01435,2025-11-26,JKS-026,Mampang Prapatan,Tegal Parang,CURAT,12:00-18:00,47,Moderate,38,41,57,54,59,dummy-v1,2025-11-26T12:00+07:00,2025-11-26T18:00+07:00,dummy-v1
RS-01436,2025-11-26,JKS-026,Mampang Prapatan,Tegal Parang,CURANMOR,18:00-23:59,61,Moderate,73,49,68,54,51,dummy-v1,2025-11-26T18:00+07:00,2025-11-27T00:00+07:00,dummy-v1
RS-01437,2025-12-03,JKS-026,Mampang Prapatan,Tegal Parang,CURANMOR,00:00-06:00,64,Moderate,72,61,64,55,60,dummy-v1,2025-12-03T00:00+07:00,2025-12-03T06:00+07:00,dummy-v1
RS-01438,2025-12-03,JKS-026,Mampang Prapatan,Tegal Parang,CURAT,06:00-12:00,74,High,82,67,64,74,87,dummy-v1,2025-12-03T06:00+07:00,2025-12-03T12:00+07:00,dummy-v1
RS-01439,2025-12-03,JKS-026,Mampang Prapatan,Tegal Parang,CURANMOR,12:00-18:00,74,High,73,88,71,65,62,dummy-v1,2025-12-03T12:00+07:00,2025-12-03T18:00+07:00,dummy-v1
RS-01440,2025-12-03,JKS-026,Mampang Prapatan,Tegal Parang,CURAT,18:00-23:59,63,Moderate,60,78,55,56,60,dummy-v1,2025-12-03T18:00+07:00,2025-12-04T00:00+07:00,dummy-v1
RS-01441,2025-12-10,JKS-026,Mampang Prapatan,Tegal Parang,CURANMOR,00:00-06:00,40,Low,41,29,55,33,44,dummy-v1,2025-12-10T00:00+07:00,2025-12-10T06:00+07:00,dummy-v1
RS-01442,2025-12-10,JKS-026,Mampang Prapatan,Tegal Parang,CURAT,06:00-12:00,33,Low,43,21,37,19,46,dummy-v1,2025-12-10T06:00+07:00,2025-12-10T12:00+07:00,dummy-v1
RS-01443,2025-12-10,JKS-026,Mampang Prapatan,Tegal Parang,CURAT,12:00-18:00,27,Low,31,20,22,29,41,dummy-v1,2025-12-10T12:00+07:00,2025-12-10T18:00+07:00,dummy-v1
RS-01444,2025-12-10,JKS-026,Mampang Prapatan,Tegal Parang,CURANMOR,18:00-23:59,49,Moderate,62,49,34,42,50,dummy-v1,2025-12-10T18:00+07:00,2025-12-11T00:00+07:00,dummy-v1
RS-01445,2025-12-17,JKS-026,Mampang Prapatan,Tegal Parang,CURAS,00:00-06:00,62,Moderate,56,66,52,75,70,dummy-v1,2025-12-17T00:00+07:00,2025-12-17T06:00+07:00,dummy-v1
RS-01446,2025-12-17,JKS-026,Mampang Prapatan,Tegal Parang,CURAS,06:00-12:00,31,Low,38,23,25,34,37,dummy-v1,2025-12-17T06:00+07:00,2025-12-17T12:00+07:00,dummy-v1
RS-01447,2025-12-17,JKS-026,Mampang Prapatan,Tegal Parang,CURAT,12:00-18:00,68,Moderate,51,70,76,82,78,dummy-v1,2025-12-17T12:00+07:00,2025-12-17T18:00+07:00,dummy-v1
RS-01448,2025-12-17,JKS-026,Mampang Prapatan,Tegal Parang,CURAT,18:00-23:59,60,Moderate,76,45,50,62,67,dummy-v1,2025-12-17T18:00+07:00,2025-12-18T00:00+07:00,dummy-v1
RS-01449,2025-12-24,JKS-026,Mampang Prapatan,Tegal Parang,CURAS,00:00-06:00,30,Low,23,41,29,31,25,dummy-v1,2025-12-24T00:00+07:00,2025-12-24T06:00+07:00,dummy-v1
RS-01450,2025-12-24,JKS-026,Mampang Prapatan,Tegal Parang,CURAT,06:00-12:00,32,Low,28,26,44,34,31,dummy-v1,2025-12-24T06:00+07:00,2025-12-24T12:00+07:00,dummy-v1
RS-01451,2025-12-24,JKS-026,Mampang Prapatan,Tegal Parang,CURANMOR,12:00-18:00,35,Low,32,37,40,35,28,dummy-v1,2025-12-24T12:00+07:00,2025-12-24T18:00+07:00,dummy-v1
RS-01452,2025-12-24,JKS-026,Mampang Prapatan,Tegal Parang,CURAT,18:00-23:59,38,Low,64,24,28,28,29,dummy-v1,2025-12-24T18:00+07:00,2025-12-25T00:00+07:00,dummy-v1
RS-01453,2025-12-31,JKS-026,Mampang Prapatan,Tegal Parang,CURAS,00:00-06:00,55,Moderate,68,51,46,51,49,dummy-v1,2025-12-31T00:00+07:00,2025-12-31T06:00+07:00,dummy-v1
RS-01454,2025-12-31,JKS-026,Mampang Prapatan,Tegal Parang,CURAS,06:00-12:00,65,Moderate,56,63,74,71,71,dummy-v1,2025-12-31T06:00+07:00,2025-12-31T12:00+07:00,dummy-v1
RS-01455,2025-12-31,JKS-026,Mampang Prapatan,Tegal Parang,CURANMOR,12:00-18:00,43,Low,54,31,34,54,43,dummy-v1,2025-12-31T12:00+07:00,2025-12-31T18:00+07:00,dummy-v1
RS-01456,2025-12-31,JKS-026,Mampang Prapatan,Tegal Parang,CURAT,18:00-23:59,79,High,84,83,64,81,82,dummy-v1,2025-12-31T18:00+07:00,2026-01-01T00:00+07:00,dummy-v1
RS-01457,2025-10-01,JKS-027,Setiabudi,Karet Kuningan,CURAT,00:00-06:00,65,Moderate,67,68,62,66,57,dummy-v1,2025-10-01T00:00+07:00,2025-10-01T06:00+07:00,dummy-v1
RS-01458,2025-10-01,JKS-027,Setiabudi,Karet Kuningan,CURANMOR,06:00-12:00,30,Low,16,41,41,17,43,dummy-v1,2025-10-01T06:00+07:00,2025-10-01T12:00+07:00,dummy-v1
RS-01459,2025-10-01,JKS-027,Setiabudi,Karet Kuningan,CURANMOR,12:00-18:00,49,Moderate,43,42,61,54,52,dummy-v1,2025-10-01T12:00+07:00,2025-10-01T18:00+07:00,dummy-v1
RS-01460,2025-10-01,JKS-027,Setiabudi,Karet Kuningan,CURANMOR,18:00-23:59,33,Low,23,43,33,28,44,dummy-v1,2025-10-01T18:00+07:00,2025-10-02T00:00+07:00,dummy-v1
RS-01461,2025-10-08,JKS-027,Setiabudi,Karet Kuningan,CURAS,00:00-06:00,28,Low,12,28,43,35,35,dummy-v1,2025-10-08T00:00+07:00,2025-10-08T06:00+07:00,dummy-v1
RS-01462,2025-10-08,JKS-027,Setiabudi,Karet Kuningan,CURAS,06:00-12:00,32,Low,52,17,28,20,35,dummy-v1,2025-10-08T06:00+07:00,2025-10-08T12:00+07:00,dummy-v1
RS-01463,2025-10-08,JKS-027,Setiabudi,Karet Kuningan,CURAT,12:00-18:00,73,High,92,58,65,73,71,dummy-v1,2025-10-08T12:00+07:00,2025-10-08T18:00+07:00,dummy-v1
RS-01464,2025-10-08,JKS-027,Setiabudi,Karet Kuningan,CURAT,18:00-23:59,82,High,93,80,72,69,94,dummy-v1,2025-10-08T18:00+07:00,2025-10-09T00:00+07:00,dummy-v1
RS-01465,2025-10-15,JKS-027,Setiabudi,Karet Kuningan,CURAS,00:00-06:00,46,Moderate,50,43,57,38,32,dummy-v1,2025-10-15T00:00+07:00,2025-10-15T06:00+07:00,dummy-v1
RS-01466,2025-10-15,JKS-027,Setiabudi,Karet Kuningan,CURAT,06:00-12:00,53,Moderate,57,55,47,46,58,dummy-v1,2025-10-15T06:00+07:00,2025-10-15T12:00+07:00,dummy-v1
RS-01467,2025-10-15,JKS-027,Setiabudi,Karet Kuningan,CURAS,12:00-18:00,28,Low,12,42,37,15,41,dummy-v1,2025-10-15T12:00+07:00,2025-10-15T18:00+07:00,dummy-v1
RS-01468,2025-10-15,JKS-027,Setiabudi,Karet Kuningan,CURAS,18:00-23:59,68,Moderate,57,81,58,76,77,dummy-v1,2025-10-15T18:00+07:00,2025-10-16T00:00+07:00,dummy-v1
RS-01469,2025-10-22,JKS-027,Setiabudi,Karet Kuningan,CURAT,00:00-06:00,44,Low,53,46,30,47,36,dummy-v1,2025-10-22T00:00+07:00,2025-10-22T06:00+07:00,dummy-v1
RS-01470,2025-10-22,JKS-027,Setiabudi,Karet Kuningan,CURAT,06:00-12:00,62,Moderate,56,71,68,59,51,dummy-v1,2025-10-22T06:00+07:00,2025-10-22T12:00+07:00,dummy-v1
RS-01471,2025-10-22,JKS-027,Setiabudi,Karet Kuningan,CURAS,12:00-18:00,32,Low,9,40,41,47,40,dummy-v1,2025-10-22T12:00+07:00,2025-10-22T18:00+07:00,dummy-v1
RS-01472,2025-10-22,JKS-027,Setiabudi,Karet Kuningan,CURAS,18:00-23:59,65,Moderate,76,50,68,70,57,dummy-v1,2025-10-22T18:00+07:00,2025-10-23T00:00+07:00,dummy-v1
RS-01473,2025-10-29,JKS-027,Setiabudi,Karet Kuningan,CURAS,00:00-06:00,55,Moderate,66,43,55,60,43,dummy-v1,2025-10-29T00:00+07:00,2025-10-29T06:00+07:00,dummy-v1
RS-01474,2025-10-29,JKS-027,Setiabudi,Karet Kuningan,CURAT,06:00-12:00,46,Moderate,44,35,52,56,52,dummy-v1,2025-10-29T06:00+07:00,2025-10-29T12:00+07:00,dummy-v1
RS-01475,2025-10-29,JKS-027,Setiabudi,Karet Kuningan,CURAS,12:00-18:00,71,High,61,81,70,67,84,dummy-v1,2025-10-29T12:00+07:00,2025-10-29T18:00+07:00,dummy-v1
RS-01476,2025-10-29,JKS-027,Setiabudi,Karet Kuningan,CURAS,18:00-23:59,76,High,73,79,71,82,79,dummy-v1,2025-10-29T18:00+07:00,2025-10-30T00:00+07:00,dummy-v1
RS-01477,2025-11-05,JKS-027,Setiabudi,Karet Kuningan,CURAS,00:00-06:00,60,Moderate,47,69,73,50,67,dummy-v1,2025-11-05T00:00+07:00,2025-11-05T06:00+07:00,dummy-v1
RS-01478,2025-11-05,JKS-027,Setiabudi,Karet Kuningan,CURAS,06:00-12:00,67,Moderate,86,59,53,54,77,dummy-v1,2025-11-05T06:00+07:00,2025-11-05T12:00+07:00,dummy-v1
RS-01479,2025-11-05,JKS-027,Setiabudi,Karet Kuningan,CURAS,12:00-18:00,48,Moderate,74,34,37,37,43,dummy-v1,2025-11-05T12:00+07:00,2025-11-05T18:00+07:00,dummy-v1
RS-01480,2025-11-05,JKS-027,Setiabudi,Karet Kuningan,CURAT,18:00-23:59,49,Moderate,36,46,59,61,56,dummy-v1,2025-11-05T18:00+07:00,2025-11-06T00:00+07:00,dummy-v1
RS-01481,2025-11-12,JKS-027,Setiabudi,Karet Kuningan,CURANMOR,00:00-06:00,48,Moderate,22,62,54,61,60,dummy-v1,2025-11-12T00:00+07:00,2025-11-12T06:00+07:00,dummy-v1
RS-01482,2025-11-12,JKS-027,Setiabudi,Karet Kuningan,CURAS,06:00-12:00,45,Moderate,37,52,55,33,48,dummy-v1,2025-11-12T06:00+07:00,2025-11-12T12:00+07:00,dummy-v1
RS-01483,2025-11-12,JKS-027,Setiabudi,Karet Kuningan,CURANMOR,12:00-18:00,67,Moderate,71,55,80,64,64,dummy-v1,2025-11-12T12:00+07:00,2025-11-12T18:00+07:00,dummy-v1
RS-01484,2025-11-12,JKS-027,Setiabudi,Karet Kuningan,CURAT,18:00-23:59,67,Moderate,61,75,62,62,81,dummy-v1,2025-11-12T18:00+07:00,2025-11-13T00:00+07:00,dummy-v1
RS-01485,2025-11-19,JKS-027,Setiabudi,Karet Kuningan,CURANMOR,00:00-06:00,71,High,65,76,81,60,73,dummy-v1,2025-11-19T00:00+07:00,2025-11-19T06:00+07:00,dummy-v1
RS-01486,2025-11-19,JKS-027,Setiabudi,Karet Kuningan,CURAT,06:00-12:00,59,Moderate,46,70,55,71,59,dummy-v1,2025-11-19T06:00+07:00,2025-11-19T12:00+07:00,dummy-v1
RS-01487,2025-11-19,JKS-027,Setiabudi,Karet Kuningan,CURANMOR,12:00-18:00,58,Moderate,42,63,73,58,64,dummy-v1,2025-11-19T12:00+07:00,2025-11-19T18:00+07:00,dummy-v1
RS-01488,2025-11-19,JKS-027,Setiabudi,Karet Kuningan,CURAT,18:00-23:59,56,Moderate,71,43,51,54,57,dummy-v1,2025-11-19T18:00+07:00,2025-11-20T00:00+07:00,dummy-v1
RS-01489,2025-11-26,JKS-027,Setiabudi,Karet Kuningan,CURAT,00:00-06:00,46,Moderate,56,31,51,36,58,dummy-v1,2025-11-26T00:00+07:00,2025-11-26T06:00+07:00,dummy-v1
RS-01490,2025-11-26,JKS-027,Setiabudi,Karet Kuningan,CURAT,06:00-12:00,61,Moderate,75,47,62,57,57,dummy-v1,2025-11-26T06:00+07:00,2025-11-26T12:00+07:00,dummy-v1
RS-01491,2025-11-26,JKS-027,Setiabudi,Karet Kuningan,CURAS,12:00-18:00,29,Low,23,23,39,32,37,dummy-v1,2025-11-26T12:00+07:00,2025-11-26T18:00+07:00,dummy-v1
RS-01492,2025-11-26,JKS-027,Setiabudi,Karet Kuningan,CURAS,18:00-23:59,44,Low,47,44,51,36,33,dummy-v1,2025-11-26T18:00+07:00,2025-11-27T00:00+07:00,dummy-v1
RS-01493,2025-12-03,JKS-027,Setiabudi,Karet Kuningan,CURANMOR,00:00-06:00,49,Moderate,48,60,37,48,51,dummy-v1,2025-12-03T00:00+07:00,2025-12-03T06:00+07:00,dummy-v1
RS-01494,2025-12-03,JKS-027,Setiabudi,Karet Kuningan,CURAT,06:00-12:00,65,Moderate,70,68,57,65,59,dummy-v1,2025-12-03T06:00+07:00,2025-12-03T12:00+07:00,dummy-v1
RS-01495,2025-12-03,JKS-027,Setiabudi,Karet Kuningan,CURAS,12:00-18:00,50,Moderate,46,63,46,44,46,dummy-v1,2025-12-03T12:00+07:00,2025-12-03T18:00+07:00,dummy-v1
RS-01496,2025-12-03,JKS-027,Setiabudi,Karet Kuningan,CURAT,18:00-23:59,91,Critical,91,85,93,100,89,dummy-v1,2025-12-03T18:00+07:00,2025-12-04T00:00+07:00,dummy-v1
RS-01497,2025-12-10,JKS-027,Setiabudi,Karet Kuningan,CURAS,00:00-06:00,59,Moderate,65,47,68,65,45,dummy-v1,2025-12-10T00:00+07:00,2025-12-10T06:00+07:00,dummy-v1
RS-01498,2025-12-10,JKS-027,Setiabudi,Karet Kuningan,CURANMOR,06:00-12:00,66,Moderate,64,77,57,56,77,dummy-v1,2025-12-10T06:00+07:00,2025-12-10T12:00+07:00,dummy-v1
RS-01499,2025-12-10,JKS-027,Setiabudi,Karet Kuningan,CURAT,12:00-18:00,42,Low,50,35,30,51,47,dummy-v1,2025-12-10T12:00+07:00,2025-12-10T18:00+07:00,dummy-v1
RS-01500,2025-12-10,JKS-027,Setiabudi,Karet Kuningan,CURANMOR,18:00-23:59,58,Moderate,65,64,43,58,51,dummy-v1,2025-12-10T18:00+07:00,2025-12-11T00:00+07:00,dummy-v1
RS-01501,2025-12-17,JKS-027,Setiabudi,Karet Kuningan,CURAT,00:00-06:00,54,Moderate,57,45,67,54,41,dummy-v1,2025-12-17T00:00+07:00,2025-12-17T06:00+07:00,dummy-v1
RS-01502,2025-12-17,JKS-027,Setiabudi,Karet Kuningan,CURAS,06:00-12:00,44,Low,66,35,32,37,34,dummy-v1,2025-12-17T06:00+07:00,2025-12-17T12:00+07:00,dummy-v1
RS-01503,2025-12-17,JKS-027,Setiabudi,Karet Kuningan,CURAS,12:00-18:00,64,Moderate,72,61,60,56,69,dummy-v1,2025-12-17T12:00+07:00,2025-12-17T18:00+07:00,dummy-v1
RS-01504,2025-12-17,JKS-027,Setiabudi,Karet Kuningan,CURAT,18:00-23:59,57,Moderate,61,47,53,72,55,dummy-v1,2025-12-17T18:00+07:00,2025-12-18T00:00+07:00,dummy-v1
RS-01505,2025-12-24,JKS-027,Setiabudi,Karet Kuningan,CURAT,00:00-06:00,54,Moderate,52,59,42,61,62,dummy-v1,2025-12-24T00:00+07:00,2025-12-24T06:00+07:00,dummy-v1
RS-01506,2025-12-24,JKS-027,Setiabudi,Karet Kuningan,CURANMOR,06:00-12:00,59,Moderate,66,49,73,45,56,dummy-v1,2025-12-24T06:00+07:00,2025-12-24T12:00+07:00,dummy-v1
RS-01507,2025-12-24,JKS-027,Setiabudi,Karet Kuningan,CURAT,12:00-18:00,34,Low,19,32,48,40,47,dummy-v1,2025-12-24T12:00+07:00,2025-12-24T18:00+07:00,dummy-v1
RS-01508,2025-12-24,JKS-027,Setiabudi,Karet Kuningan,CURAS,18:00-23:59,66,Moderate,60,62,74,75,64,dummy-v1,2025-12-24T18:00+07:00,2025-12-25T00:00+07:00,dummy-v1
RS-01509,2025-12-31,JKS-027,Setiabudi,Karet Kuningan,CURANMOR,00:00-06:00,31,Low,37,31,39,17,19,dummy-v1,2025-12-31T00:00+07:00,2025-12-31T06:00+07:00,dummy-v1
RS-01510,2025-12-31,JKS-027,Setiabudi,Karet Kuningan,CURAT,06:00-12:00,60,Moderate,59,52,63,74,55,dummy-v1,2025-12-31T06:00+07:00,2025-12-31T12:00+07:00,dummy-v1
RS-01511,2025-12-31,JKS-027,Setiabudi,Karet Kuningan,CURANMOR,12:00-18:00,34,Low,39,28,29,35,41,dummy-v1,2025-12-31T12:00+07:00,2025-12-31T18:00+07:00,dummy-v1
RS-01512,2025-12-31,JKS-027,Setiabudi,Karet Kuningan,CURAS,18:00-23:59,82,High,88,78,71,91,81,dummy-v1,2025-12-31T18:00+07:00,2026-01-01T00:00+07:00,dummy-v1
RS-01513,2025-10-01,JKS-028,Setiabudi,Kuningan Timur,CURAS,00:00-06:00,73,High,80,78,61,76,59,dummy-v1,2025-10-01T00:00+07:00,2025-10-01T06:00+07:00,dummy-v1
RS-01514,2025-10-01,JKS-028,Setiabudi,Kuningan Timur,CURAS,06:00-12:00,39,Low,44,46,26,40,32,dummy-v1,2025-10-01T06:00+07:00,2025-10-01T12:00+07:00,dummy-v1
RS-01515,2025-10-01,JKS-028,Setiabudi,Kuningan Timur,CURANMOR,12:00-18:00,72,High,84,60,61,87,66,dummy-v1,2025-10-01T12:00+07:00,2025-10-01T18:00+07:00,dummy-v1
RS-01516,2025-10-01,JKS-028,Setiabudi,Kuningan Timur,CURAT,18:00-23:59,93,Critical,82,97,100,95,100,dummy-v1,2025-10-01T18:00+07:00,2025-10-02T00:00+07:00,dummy-v1
RS-01517,2025-10-08,JKS-028,Setiabudi,Kuningan Timur,CURANMOR,00:00-06:00,64,Moderate,44,69,73,76,75,dummy-v1,2025-10-08T00:00+07:00,2025-10-08T06:00+07:00,dummy-v1
RS-01518,2025-10-08,JKS-028,Setiabudi,Kuningan Timur,CURANMOR,06:00-12:00,59,Moderate,64,59,54,65,44,dummy-v1,2025-10-08T06:00+07:00,2025-10-08T12:00+07:00,dummy-v1
RS-01519,2025-10-08,JKS-028,Setiabudi,Kuningan Timur,CURAT,12:00-18:00,68,Moderate,73,62,63,83,57,dummy-v1,2025-10-08T12:00+07:00,2025-10-08T18:00+07:00,dummy-v1
RS-01520,2025-10-08,JKS-028,Setiabudi,Kuningan Timur,CURAS,18:00-23:59,65,Moderate,67,58,72,72,51,dummy-v1,2025-10-08T18:00+07:00,2025-10-09T00:00+07:00,dummy-v1
RS-01521,2025-10-15,JKS-028,Setiabudi,Kuningan Timur,CURANMOR,00:00-06:00,66,Moderate,67,65,57,77,68,dummy-v1,2025-10-15T00:00+07:00,2025-10-15T06:00+07:00,dummy-v1
RS-01522,2025-10-15,JKS-028,Setiabudi,Kuningan Timur,CURAT,06:00-12:00,30,Low,8,41,41,32,42,dummy-v1,2025-10-15T06:00+07:00,2025-10-15T12:00+07:00,dummy-v1
RS-01523,2025-10-15,JKS-028,Setiabudi,Kuningan Timur,CURAT,12:00-18:00,72,High,76,62,77,72,74,dummy-v1,2025-10-15T12:00+07:00,2025-10-15T18:00+07:00,dummy-v1
RS-01524,2025-10-15,JKS-028,Setiabudi,Kuningan Timur,CURAS,18:00-23:59,69,Moderate,69,71,70,71,58,dummy-v1,2025-10-15T18:00+07:00,2025-10-16T00:00+07:00,dummy-v1
RS-01525,2025-10-22,JKS-028,Setiabudi,Kuningan Timur,CURANMOR,00:00-06:00,40,Low,40,43,36,47,29,dummy-v1,2025-10-22T00:00+07:00,2025-10-22T06:00+07:00,dummy-v1
RS-01526,2025-10-22,JKS-028,Setiabudi,Kuningan Timur,CURAS,06:00-12:00,27,Low,18,29,28,32,40,dummy-v1,2025-10-22T06:00+07:00,2025-10-22T12:00+07:00,dummy-v1
RS-01527,2025-10-22,JKS-028,Setiabudi,Kuningan Timur,CURAS,12:00-18:00,46,Moderate,64,38,37,31,52,dummy-v1,2025-10-22T12:00+07:00,2025-10-22T18:00+07:00,dummy-v1
RS-01528,2025-10-22,JKS-028,Setiabudi,Kuningan Timur,CURAS,18:00-23:59,64,Moderate,54,74,69,66,57,dummy-v1,2025-10-22T18:00+07:00,2025-10-23T00:00+07:00,dummy-v1
RS-01529,2025-10-29,JKS-028,Setiabudi,Kuningan Timur,CURANMOR,00:00-06:00,39,Low,37,46,45,33,24,dummy-v1,2025-10-29T00:00+07:00,2025-10-29T06:00+07:00,dummy-v1
RS-01530,2025-10-29,JKS-028,Setiabudi,Kuningan Timur,CURANMOR,06:00-12:00,27,Low,44,18,26,18,14,dummy-v1,2025-10-29T06:00+07:00,2025-10-29T12:00+07:00,dummy-v1
RS-01531,2025-10-29,JKS-028,Setiabudi,Kuningan Timur,CURAT,12:00-18:00,28,Low,28,24,29,30,33,dummy-v1,2025-10-29T12:00+07:00,2025-10-29T18:00+07:00,dummy-v1
RS-01532,2025-10-29,JKS-028,Setiabudi,Kuningan Timur,CURAS,18:00-23:59,45,Moderate,24,59,59,44,46,dummy-v1,2025-10-29T18:00+07:00,2025-10-30T00:00+07:00,dummy-v1
RS-01533,2025-11-05,JKS-028,Setiabudi,Kuningan Timur,CURAS,00:00-06:00,42,Low,41,40,49,43,33,dummy-v1,2025-11-05T00:00+07:00,2025-11-05T06:00+07:00,dummy-v1
RS-01534,2025-11-05,JKS-028,Setiabudi,Kuningan Timur,CURAS,06:00-12:00,58,Moderate,49,65,72,44,61,dummy-v1,2025-11-05T06:00+07:00,2025-11-05T12:00+07:00,dummy-v1
RS-01535,2025-11-05,JKS-028,Setiabudi,Kuningan Timur,CURAT,12:00-18:00,46,Moderate,25,56,59,55,44,dummy-v1,2025-11-05T12:00+07:00,2025-11-05T18:00+07:00,dummy-v1
RS-01536,2025-11-05,JKS-028,Setiabudi,Kuningan Timur,CURAS,18:00-23:59,67,Moderate,69,73,71,53,58,dummy-v1,2025-11-05T18:00+07:00,2025-11-06T00:00+07:00,dummy-v1
RS-01537,2025-11-12,JKS-028,Setiabudi,Kuningan Timur,CURAT,00:00-06:00,69,Moderate,77,74,58,65,61,dummy-v1,2025-11-12T00:00+07:00,2025-11-12T06:00+07:00,dummy-v1
RS-01538,2025-11-12,JKS-028,Setiabudi,Kuningan Timur,CURAT,06:00-12:00,58,Moderate,76,55,45,52,47,dummy-v1,2025-11-12T06:00+07:00,2025-11-12T12:00+07:00,dummy-v1
RS-01539,2025-11-12,JKS-028,Setiabudi,Kuningan Timur,CURAS,12:00-18:00,65,Moderate,64,70,62,64,62,dummy-v1,2025-11-12T12:00+07:00,2025-11-12T18:00+07:00,dummy-v1
RS-01540,2025-11-12,JKS-028,Setiabudi,Kuningan Timur,CURAT,18:00-23:59,65,Moderate,67,65,74,54,58,dummy-v1,2025-11-12T18:00+07:00,2025-11-13T00:00+07:00,dummy-v1
RS-01541,2025-11-19,JKS-028,Setiabudi,Kuningan Timur,CURAS,00:00-06:00,39,Low,37,53,24,49,24,dummy-v1,2025-11-19T00:00+07:00,2025-11-19T06:00+07:00,dummy-v1
RS-01542,2025-11-19,JKS-028,Setiabudi,Kuningan Timur,CURAS,06:00-12:00,45,Moderate,39,53,54,31,45,dummy-v1,2025-11-19T06:00+07:00,2025-11-19T12:00+07:00,dummy-v1
RS-01543,2025-11-19,JKS-028,Setiabudi,Kuningan Timur,CURANMOR,12:00-18:00,67,Moderate,54,73,78,75,57,dummy-v1,2025-11-19T12:00+07:00,2025-11-19T18:00+07:00,dummy-v1
RS-01544,2025-11-19,JKS-028,Setiabudi,Kuningan Timur,CURANMOR,18:00-23:59,60,Moderate,78,61,47,45,51,dummy-v1,2025-11-19T18:00+07:00,2025-11-20T00:00+07:00,dummy-v1
RS-01545,2025-11-26,JKS-028,Setiabudi,Kuningan Timur,CURAT,00:00-06:00,53,Moderate,40,57,63,55,58,dummy-v1,2025-11-26T00:00+07:00,2025-11-26T06:00+07:00,dummy-v1
RS-01546,2025-11-26,JKS-028,Setiabudi,Kuningan Timur,CURAT,06:00-12:00,25,Low,18,34,12,33,37,dummy-v1,2025-11-26T06:00+07:00,2025-11-26T12:00+07:00,dummy-v1
RS-01547,2025-11-26,JKS-028,Setiabudi,Kuningan Timur,CURAT,12:00-18:00,52,Moderate,58,57,42,47,48,dummy-v1,2025-11-26T12:00+07:00,2025-11-26T18:00+07:00,dummy-v1
RS-01548,2025-11-26,JKS-028,Setiabudi,Kuningan Timur,CURAT,18:00-23:59,64,Moderate,63,69,54,65,73,dummy-v1,2025-11-26T18:00+07:00,2025-11-27T00:00+07:00,dummy-v1
RS-01549,2025-12-03,JKS-028,Setiabudi,Kuningan Timur,CURANMOR,00:00-06:00,63,Moderate,82,49,66,50,54,dummy-v1,2025-12-03T00:00+07:00,2025-12-03T06:00+07:00,dummy-v1
RS-01550,2025-12-03,JKS-028,Setiabudi,Kuningan Timur,CURAT,06:00-12:00,41,Low,40,50,48,28,26,dummy-v1,2025-12-03T06:00+07:00,2025-12-03T12:00+07:00,dummy-v1
RS-01551,2025-12-03,JKS-028,Setiabudi,Kuningan Timur,CURANMOR,12:00-18:00,32,Low,10,46,42,30,46,dummy-v1,2025-12-03T12:00+07:00,2025-12-03T18:00+07:00,dummy-v1
RS-01552,2025-12-03,JKS-028,Setiabudi,Kuningan Timur,CURANMOR,18:00-23:59,74,High,75,85,69,62,72,dummy-v1,2025-12-03T18:00+07:00,2025-12-04T00:00+07:00,dummy-v1
RS-01553,2025-12-10,JKS-028,Setiabudi,Kuningan Timur,CURAT,00:00-06:00,74,High,58,80,88,77,74,dummy-v1,2025-12-10T00:00+07:00,2025-12-10T06:00+07:00,dummy-v1
RS-01554,2025-12-10,JKS-028,Setiabudi,Kuningan Timur,CURAS,06:00-12:00,47,Moderate,41,48,55,43,52,dummy-v1,2025-12-10T06:00+07:00,2025-12-10T12:00+07:00,dummy-v1
RS-01555,2025-12-10,JKS-028,Setiabudi,Kuningan Timur,CURAT,12:00-18:00,59,Moderate,46,71,71,45,66,dummy-v1,2025-12-10T12:00+07:00,2025-12-10T18:00+07:00,dummy-v1
RS-01556,2025-12-10,JKS-028,Setiabudi,Kuningan Timur,CURANMOR,18:00-23:59,57,Moderate,45,60,70,55,63,dummy-v1,2025-12-10T18:00+07:00,2025-12-11T00:00+07:00,dummy-v1
RS-01557,2025-12-17,JKS-028,Setiabudi,Kuningan Timur,CURANMOR,00:00-06:00,66,Moderate,54,65,73,80,69,dummy-v1,2025-12-17T00:00+07:00,2025-12-17T06:00+07:00,dummy-v1
RS-01558,2025-12-17,JKS-028,Setiabudi,Kuningan Timur,CURAT,06:00-12:00,66,Moderate,79,64,58,58,59,dummy-v1,2025-12-17T06:00+07:00,2025-12-17T12:00+07:00,dummy-v1
RS-01559,2025-12-17,JKS-028,Setiabudi,Kuningan Timur,CURANMOR,12:00-18:00,69,Moderate,80,57,74,65,62,dummy-v1,2025-12-17T12:00+07:00,2025-12-17T18:00+07:00,dummy-v1
RS-01560,2025-12-17,JKS-028,Setiabudi,Kuningan Timur,CURANMOR,18:00-23:59,54,Moderate,44,57,58,55,67,dummy-v1,2025-12-17T18:00+07:00,2025-12-18T00:00+07:00,dummy-v1
RS-01561,2025-12-24,JKS-028,Setiabudi,Kuningan Timur,CURAT,00:00-06:00,43,Low,28,57,50,39,46,dummy-v1,2025-12-24T00:00+07:00,2025-12-24T06:00+07:00,dummy-v1
RS-01562,2025-12-24,JKS-028,Setiabudi,Kuningan Timur,CURAS,06:00-12:00,55,Moderate,58,55,56,43,62,dummy-v1,2025-12-24T06:00+07:00,2025-12-24T12:00+07:00,dummy-v1
RS-01563,2025-12-24,JKS-028,Setiabudi,Kuningan Timur,CURAT,12:00-18:00,41,Low,47,34,48,27,47,dummy-v1,2025-12-24T12:00+07:00,2025-12-24T18:00+07:00,dummy-v1
RS-01564,2025-12-24,JKS-028,Setiabudi,Kuningan Timur,CURANMOR,18:00-23:59,62,Moderate,66,51,69,72,48,dummy-v1,2025-12-24T18:00+07:00,2025-12-25T00:00+07:00,dummy-v1
RS-01565,2025-12-31,JKS-028,Setiabudi,Kuningan Timur,CURANMOR,00:00-06:00,52,Moderate,56,63,37,52,44,dummy-v1,2025-12-31T00:00+07:00,2025-12-31T06:00+07:00,dummy-v1
RS-01566,2025-12-31,JKS-028,Setiabudi,Kuningan Timur,CURAT,06:00-12:00,47,Moderate,38,51,54,46,51,dummy-v1,2025-12-31T06:00+07:00,2025-12-31T12:00+07:00,dummy-v1
RS-01567,2025-12-31,JKS-028,Setiabudi,Kuningan Timur,CURANMOR,12:00-18:00,47,Moderate,36,55,57,46,43,dummy-v1,2025-12-31T12:00+07:00,2025-12-31T18:00+07:00,dummy-v1
RS-01568,2025-12-31,JKS-028,Setiabudi,Kuningan Timur,CURAT,18:00-23:59,71,High,77,65,73,75,59,dummy-v1,2025-12-31T18:00+07:00,2026-01-01T00:00+07:00,dummy-v1
RS-01569,2025-10-01,JKS-029,Setiabudi,Menteng Atas,CURANMOR,00:00-06:00,59,Moderate,69,45,54,62,68,dummy-v1,2025-10-01T00:00+07:00,2025-10-01T06:00+07:00,dummy-v1
RS-01570,2025-10-01,JKS-029,Setiabudi,Menteng Atas,CURAS,06:00-12:00,36,Low,31,26,51,35,46,dummy-v1,2025-10-01T06:00+07:00,2025-10-01T12:00+07:00,dummy-v1
RS-01571,2025-10-01,JKS-029,Setiabudi,Menteng Atas,CURAT,12:00-18:00,69,Moderate,69,81,57,57,81,dummy-v1,2025-10-01T12:00+07:00,2025-10-01T18:00+07:00,dummy-v1
RS-01572,2025-10-01,JKS-029,Setiabudi,Menteng Atas,CURAS,18:00-23:59,42,Low,43,49,34,50,27,dummy-v1,2025-10-01T18:00+07:00,2025-10-02T00:00+07:00,dummy-v1
RS-01573,2025-10-08,JKS-029,Setiabudi,Menteng Atas,CURANMOR,00:00-06:00,51,Moderate,46,48,57,59,50,dummy-v1,2025-10-08T00:00+07:00,2025-10-08T06:00+07:00,dummy-v1
RS-01574,2025-10-08,JKS-029,Setiabudi,Menteng Atas,CURAS,06:00-12:00,49,Moderate,53,46,50,42,52,dummy-v1,2025-10-08T06:00+07:00,2025-10-08T12:00+07:00,dummy-v1
RS-01575,2025-10-08,JKS-029,Setiabudi,Menteng Atas,CURANMOR,12:00-18:00,61,Moderate,58,65,61,60,62,dummy-v1,2025-10-08T12:00+07:00,2025-10-08T18:00+07:00,dummy-v1
RS-01576,2025-10-08,JKS-029,Setiabudi,Menteng Atas,CURANMOR,18:00-23:59,61,Moderate,65,54,68,46,74,dummy-v1,2025-10-08T18:00+07:00,2025-10-09T00:00+07:00,dummy-v1
RS-01577,2025-10-15,JKS-029,Setiabudi,Menteng Atas,CURANMOR,00:00-06:00,60,Moderate,78,53,45,56,60,dummy-v1,2025-10-15T00:00+07:00,2025-10-15T06:00+07:00,dummy-v1
RS-01578,2025-10-15,JKS-029,Setiabudi,Menteng Atas,CURANMOR,06:00-12:00,31,Low,38,18,33,35,32,dummy-v1,2025-10-15T06:00+07:00,2025-10-15T12:00+07:00,dummy-v1
RS-01579,2025-10-15,JKS-029,Setiabudi,Menteng Atas,CURAS,12:00-18:00,61,Moderate,55,65,54,66,75,dummy-v1,2025-10-15T12:00+07:00,2025-10-15T18:00+07:00,dummy-v1
RS-01580,2025-10-15,JKS-029,Setiabudi,Menteng Atas,CURANMOR,18:00-23:59,72,High,47,86,84,82,74,dummy-v1,2025-10-15T18:00+07:00,2025-10-16T00:00+07:00,dummy-v1
RS-01581,2025-10-22,JKS-029,Setiabudi,Menteng Atas,CURANMOR,00:00-06:00,65,Moderate,83,51,55,62,72,dummy-v1,2025-10-22T00:00+07:00,2025-10-22T06:00+07:00,dummy-v1
RS-01582,2025-10-22,JKS-029,Setiabudi,Menteng Atas,CURAT,06:00-12:00,57,Moderate,43,60,72,58,59,dummy-v1,2025-10-22T06:00+07:00,2025-10-22T12:00+07:00,dummy-v1
RS-01583,2025-10-22,JKS-029,Setiabudi,Menteng Atas,CURAS,12:00-18:00,73,High,85,60,71,76,70,dummy-v1,2025-10-22T12:00+07:00,2025-10-22T18:00+07:00,dummy-v1
RS-01584,2025-10-22,JKS-029,Setiabudi,Menteng Atas,CURAT,18:00-23:59,54,Moderate,61,43,58,48,63,dummy-v1,2025-10-22T18:00+07:00,2025-10-23T00:00+07:00,dummy-v1
RS-01585,2025-10-29,JKS-029,Setiabudi,Menteng Atas,CURAT,00:00-06:00,29,Low,11,44,35,38,20,dummy-v1,2025-10-29T00:00+07:00,2025-10-29T06:00+07:00,dummy-v1
RS-01586,2025-10-29,JKS-029,Setiabudi,Menteng Atas,CURANMOR,06:00-12:00,40,Low,30,51,38,43,43,dummy-v1,2025-10-29T06:00+07:00,2025-10-29T12:00+07:00,dummy-v1
RS-01587,2025-10-29,JKS-029,Setiabudi,Menteng Atas,CURAS,12:00-18:00,49,Moderate,59,46,35,59,40,dummy-v1,2025-10-29T12:00+07:00,2025-10-29T18:00+07:00,dummy-v1
RS-01588,2025-10-29,JKS-029,Setiabudi,Menteng Atas,CURAS,18:00-23:59,81,High,80,87,80,73,83,dummy-v1,2025-10-29T18:00+07:00,2025-10-30T00:00+07:00,dummy-v1
RS-01589,2025-11-05,JKS-029,Setiabudi,Menteng Atas,CURAS,00:00-06:00,38,Low,33,40,46,33,40,dummy-v1,2025-11-05T00:00+07:00,2025-11-05T06:00+07:00,dummy-v1
RS-01590,2025-11-05,JKS-029,Setiabudi,Menteng Atas,CURAT,06:00-12:00,61,Moderate,83,53,53,47,53,dummy-v1,2025-11-05T06:00+07:00,2025-11-05T12:00+07:00,dummy-v1
RS-01591,2025-11-05,JKS-029,Setiabudi,Menteng Atas,CURAT,12:00-18:00,68,Moderate,71,56,79,76,55,dummy-v1,2025-11-05T12:00+07:00,2025-11-05T18:00+07:00,dummy-v1
RS-01592,2025-11-05,JKS-029,Setiabudi,Menteng Atas,CURAT,18:00-23:59,58,Moderate,67,53,47,58,66,dummy-v1,2025-11-05T18:00+07:00,2025-11-06T00:00+07:00,dummy-v1
RS-01593,2025-11-12,JKS-029,Setiabudi,Menteng Atas,CURAT,00:00-06:00,66,Moderate,64,53,76,70,78,dummy-v1,2025-11-12T00:00+07:00,2025-11-12T06:00+07:00,dummy-v1
RS-01594,2025-11-12,JKS-029,Setiabudi,Menteng Atas,CURAS,06:00-12:00,46,Moderate,50,33,57,56,31,dummy-v1,2025-11-12T06:00+07:00,2025-11-12T12:00+07:00,dummy-v1
RS-01595,2025-11-12,JKS-029,Setiabudi,Menteng Atas,CURANMOR,12:00-18:00,44,Low,39,44,48,39,58,dummy-v1,2025-11-12T12:00+07:00,2025-11-12T18:00+07:00,dummy-v1
RS-01596,2025-11-12,JKS-029,Setiabudi,Menteng Atas,CURAT,18:00-23:59,72,High,74,69,81,70,59,dummy-v1,2025-11-12T18:00+07:00,2025-11-13T00:00+07:00,dummy-v1
RS-01597,2025-11-19,JKS-029,Setiabudi,Menteng Atas,CURAS,00:00-06:00,38,Low,19,53,43,51,27,dummy-v1,2025-11-19T00:00+07:00,2025-11-19T06:00+07:00,dummy-v1
RS-01598,2025-11-19,JKS-029,Setiabudi,Menteng Atas,CURAS,06:00-12:00,61,Moderate,53,53,66,74,74,dummy-v1,2025-11-19T06:00+07:00,2025-11-19T12:00+07:00,dummy-v1
RS-01599,2025-11-19,JKS-029,Setiabudi,Menteng Atas,CURAS,12:00-18:00,64,Moderate,58,65,79,62,53,dummy-v1,2025-11-19T12:00+07:00,2025-11-19T18:00+07:00,dummy-v1
RS-01600,2025-11-19,JKS-029,Setiabudi,Menteng Atas,CURAT,18:00-23:59,65,Moderate,65,68,64,67,56,dummy-v1,2025-11-19T18:00+07:00,2025-11-20T00:00+07:00,dummy-v1
RS-01601,2025-11-26,JKS-029,Setiabudi,Menteng Atas,CURAS,00:00-06:00,65,Moderate,85,51,61,54,65,dummy-v1,2025-11-26T00:00+07:00,2025-11-26T06:00+07:00,dummy-v1
RS-01602,2025-11-26,JKS-029,Setiabudi,Menteng Atas,CURAS,06:00-12:00,68,Moderate,67,79,59,55,81,dummy-v1,2025-11-26T06:00+07:00,2025-11-26T12:00+07:00,dummy-v1
RS-01603,2025-11-26,JKS-029,Setiabudi,Menteng Atas,CURANMOR,12:00-18:00,32,Low,31,33,28,43,23,dummy-v1,2025-11-26T12:00+07:00,2025-11-26T18:00+07:00,dummy-v1
RS-01604,2025-11-26,JKS-029,Setiabudi,Menteng Atas,CURAS,18:00-23:59,79,High,51,92,94,86,89,dummy-v1,2025-11-26T18:00+07:00,2025-11-27T00:00+07:00,dummy-v1
RS-01605,2025-12-03,JKS-029,Setiabudi,Menteng Atas,CURANMOR,00:00-06:00,43,Low,54,32,35,58,31,dummy-v1,2025-12-03T00:00+07:00,2025-12-03T06:00+07:00,dummy-v1
RS-01606,2025-12-03,JKS-029,Setiabudi,Menteng Atas,CURAT,06:00-12:00,50,Moderate,53,56,44,43,47,dummy-v1,2025-12-03T06:00+07:00,2025-12-03T12:00+07:00,dummy-v1
RS-01607,2025-12-03,JKS-029,Setiabudi,Menteng Atas,CURANMOR,12:00-18:00,59,Moderate,71,44,67,47,62,dummy-v1,2025-12-03T12:00+07:00,2025-12-03T18:00+07:00,dummy-v1
RS-01608,2025-12-03,JKS-029,Setiabudi,Menteng Atas,CURAS,18:00-23:59,59,Moderate,64,66,57,44,52,dummy-v1,2025-12-03T18:00+07:00,2025-12-04T00:00+07:00,dummy-v1
RS-01609,2025-12-10,JKS-029,Setiabudi,Menteng Atas,CURAS,00:00-06:00,35,Low,36,43,24,29,43,dummy-v1,2025-12-10T00:00+07:00,2025-12-10T06:00+07:00,dummy-v1
RS-01610,2025-12-10,JKS-029,Setiabudi,Menteng Atas,CURAT,06:00-12:00,40,Low,33,49,26,53,47,dummy-v1,2025-12-10T06:00+07:00,2025-12-10T12:00+07:00,dummy-v1
RS-01611,2025-12-10,JKS-029,Setiabudi,Menteng Atas,CURAS,12:00-18:00,48,Moderate,55,37,45,60,42,dummy-v1,2025-12-10T12:00+07:00,2025-12-10T18:00+07:00,dummy-v1
RS-01612,2025-12-10,JKS-029,Setiabudi,Menteng Atas,CURAS,18:00-23:59,56,Moderate,76,49,43,48,52,dummy-v1,2025-12-10T18:00+07:00,2025-12-11T00:00+07:00,dummy-v1
RS-01613,2025-12-17,JKS-029,Setiabudi,Menteng Atas,CURAS,00:00-06:00,42,Low,46,46,42,28,41,dummy-v1,2025-12-17T00:00+07:00,2025-12-17T06:00+07:00,dummy-v1
RS-01614,2025-12-17,JKS-029,Setiabudi,Menteng Atas,CURANMOR,06:00-12:00,64,Moderate,62,62,78,50,69,dummy-v1,2025-12-17T06:00+07:00,2025-12-17T12:00+07:00,dummy-v1
RS-01615,2025-12-17,JKS-029,Setiabudi,Menteng Atas,CURAT,12:00-18:00,40,Low,34,45,40,47,35,dummy-v1,2025-12-17T12:00+07:00,2025-12-17T18:00+07:00,dummy-v1
RS-01616,2025-12-17,JKS-029,Setiabudi,Menteng Atas,CURAT,18:00-23:59,62,Moderate,68,73,52,48,59,dummy-v1,2025-12-17T18:00+07:00,2025-12-18T00:00+07:00,dummy-v1
RS-01617,2025-12-24,JKS-029,Setiabudi,Menteng Atas,CURAT,00:00-06:00,42,Low,34,45,48,41,47,dummy-v1,2025-12-24T00:00+07:00,2025-12-24T06:00+07:00,dummy-v1
RS-01618,2025-12-24,JKS-029,Setiabudi,Menteng Atas,CURAS,06:00-12:00,70,High,67,59,83,77,70,dummy-v1,2025-12-24T06:00+07:00,2025-12-24T12:00+07:00,dummy-v1
RS-01619,2025-12-24,JKS-029,Setiabudi,Menteng Atas,CURAT,12:00-18:00,43,Low,53,44,30,35,50,dummy-v1,2025-12-24T12:00+07:00,2025-12-24T18:00+07:00,dummy-v1
RS-01620,2025-12-24,JKS-029,Setiabudi,Menteng Atas,CURAT,18:00-23:59,67,Moderate,58,76,77,64,56,dummy-v1,2025-12-24T18:00+07:00,2025-12-25T00:00+07:00,dummy-v1
RS-01621,2025-12-31,JKS-029,Setiabudi,Menteng Atas,CURANMOR,00:00-06:00,31,Low,28,25,37,46,20,dummy-v1,2025-12-31T00:00+07:00,2025-12-31T06:00+07:00,dummy-v1
RS-01622,2025-12-31,JKS-029,Setiabudi,Menteng Atas,CURAT,06:00-12:00,25,Low,26,36,14,19,26,dummy-v1,2025-12-31T06:00+07:00,2025-12-31T12:00+07:00,dummy-v1
RS-01623,2025-12-31,JKS-029,Setiabudi,Menteng Atas,CURAT,12:00-18:00,51,Moderate,39,59,64,48,45,dummy-v1,2025-12-31T12:00+07:00,2025-12-31T18:00+07:00,dummy-v1
RS-01624,2025-12-31,JKS-029,Setiabudi,Menteng Atas,CURAS,18:00-23:59,78,High,93,69,67,76,81,dummy-v1,2025-12-31T18:00+07:00,2026-01-01T00:00+07:00,dummy-v1
RS-01625,2025-10-01,JKS-030,Jagakarsa,Jagakarsa,CURAT,00:00-06:00,48,Moderate,69,36,41,39,43,dummy-v1,2025-10-01T00:00+07:00,2025-10-01T06:00+07:00,dummy-v1
RS-01626,2025-10-01,JKS-030,Jagakarsa,Jagakarsa,CURAS,06:00-12:00,51,Moderate,53,55,47,39,60,dummy-v1,2025-10-01T06:00+07:00,2025-10-01T12:00+07:00,dummy-v1
RS-01627,2025-10-01,JKS-030,Jagakarsa,Jagakarsa,CURAS,12:00-18:00,31,Low,46,22,16,38,28,dummy-v1,2025-10-01T12:00+07:00,2025-10-01T18:00+07:00,dummy-v1
RS-01628,2025-10-01,JKS-030,Jagakarsa,Jagakarsa,CURAT,18:00-23:59,69,Moderate,71,64,67,75,70,dummy-v1,2025-10-01T18:00+07:00,2025-10-02T00:00+07:00,dummy-v1
RS-01629,2025-10-08,JKS-030,Jagakarsa,Jagakarsa,CURAS,00:00-06:00,30,Low,42,28,20,25,26,dummy-v1,2025-10-08T00:00+07:00,2025-10-08T06:00+07:00,dummy-v1
RS-01630,2025-10-08,JKS-030,Jagakarsa,Jagakarsa,CURANMOR,06:00-12:00,25,Low,36,17,32,14,14,dummy-v1,2025-10-08T06:00+07:00,2025-10-08T12:00+07:00,dummy-v1
RS-01631,2025-10-08,JKS-030,Jagakarsa,Jagakarsa,CURAT,12:00-18:00,44,Low,44,44,49,31,54,dummy-v1,2025-10-08T12:00+07:00,2025-10-08T18:00+07:00,dummy-v1
RS-01632,2025-10-08,JKS-030,Jagakarsa,Jagakarsa,CURANMOR,18:00-23:59,34,Low,49,19,36,25,36,dummy-v1,2025-10-08T18:00+07:00,2025-10-09T00:00+07:00,dummy-v1
RS-01633,2025-10-15,JKS-030,Jagakarsa,Jagakarsa,CURANMOR,00:00-06:00,51,Moderate,25,66,66,55,55,dummy-v1,2025-10-15T00:00+07:00,2025-10-15T06:00+07:00,dummy-v1
RS-01634,2025-10-15,JKS-030,Jagakarsa,Jagakarsa,CURANMOR,06:00-12:00,46,Moderate,52,34,45,45,61,dummy-v1,2025-10-15T06:00+07:00,2025-10-15T12:00+07:00,dummy-v1
RS-01635,2025-10-15,JKS-030,Jagakarsa,Jagakarsa,CURAS,12:00-18:00,74,High,63,77,82,80,73,dummy-v1,2025-10-15T12:00+07:00,2025-10-15T18:00+07:00,dummy-v1
RS-01636,2025-10-15,JKS-030,Jagakarsa,Jagakarsa,CURAS,18:00-23:59,85,Critical,100,75,75,82,85,dummy-v1,2025-10-15T18:00+07:00,2025-10-16T00:00+07:00,dummy-v1
RS-01637,2025-10-22,JKS-030,Jagakarsa,Jagakarsa,CURANMOR,00:00-06:00,48,Moderate,48,48,43,44,63,dummy-v1,2025-10-22T00:00+07:00,2025-10-22T06:00+07:00,dummy-v1
RS-01638,2025-10-22,JKS-030,Jagakarsa,Jagakarsa,CURANMOR,06:00-12:00,67,Moderate,64,64,71,65,79,dummy-v1,2025-10-22T06:00+07:00,2025-10-22T12:00+07:00,dummy-v1
RS-01639,2025-10-22,JKS-030,Jagakarsa,Jagakarsa,CURAS,12:00-18:00,69,Moderate,74,68,73,56,69,dummy-v1,2025-10-22T12:00+07:00,2025-10-22T18:00+07:00,dummy-v1
RS-01640,2025-10-22,JKS-030,Jagakarsa,Jagakarsa,CURAT,18:00-23:59,69,Moderate,53,75,83,68,75,dummy-v1,2025-10-22T18:00+07:00,2025-10-23T00:00+07:00,dummy-v1
RS-01641,2025-10-29,JKS-030,Jagakarsa,Jagakarsa,CURANMOR,00:00-06:00,26,Low,44,16,15,23,25,dummy-v1,2025-10-29T00:00+07:00,2025-10-29T06:00+07:00,dummy-v1
RS-01642,2025-10-29,JKS-030,Jagakarsa,Jagakarsa,CURAT,06:00-12:00,69,Moderate,63,78,70,59,78,dummy-v1,2025-10-29T06:00+07:00,2025-10-29T12:00+07:00,dummy-v1
RS-01643,2025-10-29,JKS-030,Jagakarsa,Jagakarsa,CURAS,12:00-18:00,27,Low,24,29,15,39,36,dummy-v1,2025-10-29T12:00+07:00,2025-10-29T18:00+07:00,dummy-v1
RS-01644,2025-10-29,JKS-030,Jagakarsa,Jagakarsa,CURAS,18:00-23:59,50,Moderate,47,52,55,50,45,dummy-v1,2025-10-29T18:00+07:00,2025-10-30T00:00+07:00,dummy-v1
RS-01645,2025-11-05,JKS-030,Jagakarsa,Jagakarsa,CURANMOR,00:00-06:00,57,Moderate,48,64,58,64,54,dummy-v1,2025-11-05T00:00+07:00,2025-11-05T06:00+07:00,dummy-v1
RS-01646,2025-11-05,JKS-030,Jagakarsa,Jagakarsa,CURAS,06:00-12:00,55,Moderate,43,69,60,54,49,dummy-v1,2025-11-05T06:00+07:00,2025-11-05T12:00+07:00,dummy-v1
RS-01647,2025-11-05,JKS-030,Jagakarsa,Jagakarsa,CURANMOR,12:00-18:00,58,Moderate,61,43,72,62,52,dummy-v1,2025-11-05T12:00+07:00,2025-11-05T18:00+07:00,dummy-v1
RS-01648,2025-11-05,JKS-030,Jagakarsa,Jagakarsa,CURAT,18:00-23:59,78,High,70,90,83,66,81,dummy-v1,2025-11-05T18:00+07:00,2025-11-06T00:00+07:00,dummy-v1
RS-01649,2025-11-12,JKS-030,Jagakarsa,Jagakarsa,CURANMOR,00:00-06:00,59,Moderate,66,48,68,46,68,dummy-v1,2025-11-12T00:00+07:00,2025-11-12T06:00+07:00,dummy-v1
RS-01650,2025-11-12,JKS-030,Jagakarsa,Jagakarsa,CURANMOR,06:00-12:00,54,Moderate,49,67,44,51,60,dummy-v1,2025-11-12T06:00+07:00,2025-11-12T12:00+07:00,dummy-v1
RS-01651,2025-11-12,JKS-030,Jagakarsa,Jagakarsa,CURANMOR,12:00-18:00,37,Low,28,48,45,28,33,dummy-v1,2025-11-12T12:00+07:00,2025-11-12T18:00+07:00,dummy-v1
RS-01652,2025-11-12,JKS-030,Jagakarsa,Jagakarsa,CURAT,18:00-23:59,70,High,81,75,55,57,73,dummy-v1,2025-11-12T18:00+07:00,2025-11-13T00:00+07:00,dummy-v1
RS-01653,2025-11-19,JKS-030,Jagakarsa,Jagakarsa,CURANMOR,00:00-06:00,42,Low,49,32,45,50,28,dummy-v1,2025-11-19T00:00+07:00,2025-11-19T06:00+07:00,dummy-v1
RS-01654,2025-11-19,JKS-030,Jagakarsa,Jagakarsa,CURAS,06:00-12:00,27,Low,34,24,32,12,25,dummy-v1,2025-11-19T06:00+07:00,2025-11-19T12:00+07:00,dummy-v1
RS-01655,2025-11-19,JKS-030,Jagakarsa,Jagakarsa,CURANMOR,12:00-18:00,57,Moderate,78,52,42,52,43,dummy-v1,2025-11-19T12:00+07:00,2025-11-19T18:00+07:00,dummy-v1
RS-01656,2025-11-19,JKS-030,Jagakarsa,Jagakarsa,CURANMOR,18:00-23:59,51,Moderate,43,59,47,60,49,dummy-v1,2025-11-19T18:00+07:00,2025-11-20T00:00+07:00,dummy-v1
RS-01657,2025-11-26,JKS-030,Jagakarsa,Jagakarsa,CURAT,00:00-06:00,71,High,71,85,56,74,63,dummy-v1,2025-11-26T00:00+07:00,2025-11-26T06:00+07:00,dummy-v1
RS-01658,2025-11-26,JKS-030,Jagakarsa,Jagakarsa,CURAS,06:00-12:00,55,Moderate,50,67,47,54,57,dummy-v1,2025-11-26T06:00+07:00,2025-11-26T12:00+07:00,dummy-v1
RS-01659,2025-11-26,JKS-030,Jagakarsa,Jagakarsa,CURAS,12:00-18:00,32,Low,29,41,32,17,40,dummy-v1,2025-11-26T12:00+07:00,2025-11-26T18:00+07:00,dummy-v1
RS-01660,2025-11-26,JKS-030,Jagakarsa,Jagakarsa,CURAS,18:00-23:59,62,Moderate,73,60,58,52,56,dummy-v1,2025-11-26T18:00+07:00,2025-11-27T00:00+07:00,dummy-v1
RS-01661,2025-12-03,JKS-030,Jagakarsa,Jagakarsa,CURANMOR,00:00-06:00,63,Moderate,88,53,56,48,48,dummy-v1,2025-12-03T00:00+07:00,2025-12-03T06:00+07:00,dummy-v1
RS-01662,2025-12-03,JKS-030,Jagakarsa,Jagakarsa,CURAT,06:00-12:00,55,Moderate,59,51,61,55,42,dummy-v1,2025-12-03T06:00+07:00,2025-12-03T12:00+07:00,dummy-v1
RS-01663,2025-12-03,JKS-030,Jagakarsa,Jagakarsa,CURAS,12:00-18:00,61,Moderate,71,61,59,51,51,dummy-v1,2025-12-03T12:00+07:00,2025-12-03T18:00+07:00,dummy-v1
RS-01664,2025-12-03,JKS-030,Jagakarsa,Jagakarsa,CURAS,18:00-23:59,75,High,84,60,74,73,89,dummy-v1,2025-12-03T18:00+07:00,2025-12-04T00:00+07:00,dummy-v1
RS-01665,2025-12-10,JKS-030,Jagakarsa,Jagakarsa,CURAS,00:00-06:00,65,Moderate,41,75,79,79,63,dummy-v1,2025-12-10T00:00+07:00,2025-12-10T06:00+07:00,dummy-v1
RS-01666,2025-12-10,JKS-030,Jagakarsa,Jagakarsa,CURAS,06:00-12:00,56,Moderate,58,45,65,57,57,dummy-v1,2025-12-10T06:00+07:00,2025-12-10T12:00+07:00,dummy-v1
RS-01667,2025-12-10,JKS-030,Jagakarsa,Jagakarsa,CURAT,12:00-18:00,63,Moderate,62,64,62,61,69,dummy-v1,2025-12-10T12:00+07:00,2025-12-10T18:00+07:00,dummy-v1
RS-01668,2025-12-10,JKS-030,Jagakarsa,Jagakarsa,CURAS,18:00-23:59,39,Low,29,44,47,45,32,dummy-v1,2025-12-10T18:00+07:00,2025-12-11T00:00+07:00,dummy-v1
RS-01669,2025-12-17,JKS-030,Jagakarsa,Jagakarsa,CURAS,00:00-06:00,46,Moderate,53,42,37,45,53,dummy-v1,2025-12-17T00:00+07:00,2025-12-17T06:00+07:00,dummy-v1
RS-01670,2025-12-17,JKS-030,Jagakarsa,Jagakarsa,CURAT,06:00-12:00,69,Moderate,68,74,60,80,62,dummy-v1,2025-12-17T06:00+07:00,2025-12-17T12:00+07:00,dummy-v1
RS-01671,2025-12-17,JKS-030,Jagakarsa,Jagakarsa,CURANMOR,12:00-18:00,30,Low,31,18,32,44,31,dummy-v1,2025-12-17T12:00+07:00,2025-12-17T18:00+07:00,dummy-v1
RS-01672,2025-12-17,JKS-030,Jagakarsa,Jagakarsa,CURAT,18:00-23:59,37,Low,45,46,25,22,36,dummy-v1,2025-12-17T18:00+07:00,2025-12-18T00:00+07:00,dummy-v1
RS-01673,2025-12-24,JKS-030,Jagakarsa,Jagakarsa,CURAS,00:00-06:00,27,Low,13,33,29,33,41,dummy-v1,2025-12-24T00:00+07:00,2025-12-24T06:00+07:00,dummy-v1
RS-01674,2025-12-24,JKS-030,Jagakarsa,Jagakarsa,CURANMOR,06:00-12:00,57,Moderate,58,62,52,60,47,dummy-v1,2025-12-24T06:00+07:00,2025-12-24T12:00+07:00,dummy-v1
RS-01675,2025-12-24,JKS-030,Jagakarsa,Jagakarsa,CURAS,12:00-18:00,49,Moderate,35,60,49,48,64,dummy-v1,2025-12-24T12:00+07:00,2025-12-24T18:00+07:00,dummy-v1
RS-01676,2025-12-24,JKS-030,Jagakarsa,Jagakarsa,CURAT,18:00-23:59,53,Moderate,70,48,40,43,57,dummy-v1,2025-12-24T18:00+07:00,2025-12-25T00:00+07:00,dummy-v1
RS-01677,2025-12-31,JKS-030,Jagakarsa,Jagakarsa,CURANMOR,00:00-06:00,43,Low,38,44,49,52,30,dummy-v1,2025-12-31T00:00+07:00,2025-12-31T06:00+07:00,dummy-v1
RS-01678,2025-12-31,JKS-030,Jagakarsa,Jagakarsa,CURAT,06:00-12:00,58,Moderate,73,45,56,60,47,dummy-v1,2025-12-31T06:00+07:00,2025-12-31T12:00+07:00,dummy-v1
RS-01679,2025-12-31,JKS-030,Jagakarsa,Jagakarsa,CURAS,12:00-18:00,32,Low,44,34,22,28,18,dummy-v1,2025-12-31T12:00+07:00,2025-12-31T18:00+07:00,dummy-v1
RS-01680,2025-12-31,JKS-030,Jagakarsa,Jagakarsa,CURANMOR,18:00-23:59,66,Moderate,68,71,56,75,54,dummy-v1,2025-12-31T18:00+07:00,2026-01-01T00:00+07:00,dummy-v1
RS-01681,2025-10-01,JKS-031,Jagakarsa,Ciganjur,CURAT,00:00-06:00,56,Moderate,53,58,51,67,54,dummy-v1,2025-10-01T00:00+07:00,2025-10-01T06:00+07:00,dummy-v1
RS-01682,2025-10-01,JKS-031,Jagakarsa,Ciganjur,CURAS,06:00-12:00,39,Low,43,34,53,24,34,dummy-v1,2025-10-01T06:00+07:00,2025-10-01T12:00+07:00,dummy-v1
RS-01683,2025-10-01,JKS-031,Jagakarsa,Ciganjur,CURAT,12:00-18:00,58,Moderate,52,70,48,62,59,dummy-v1,2025-10-01T12:00+07:00,2025-10-01T18:00+07:00,dummy-v1
RS-01684,2025-10-01,JKS-031,Jagakarsa,Ciganjur,CURANMOR,18:00-23:59,57,Moderate,48,70,64,48,50,dummy-v1,2025-10-01T18:00+07:00,2025-10-02T00:00+07:00,dummy-v1
RS-01685,2025-10-08,JKS-031,Jagakarsa,Ciganjur,CURAT,00:00-06:00,64,Moderate,79,53,60,50,76,dummy-v1,2025-10-08T00:00+07:00,2025-10-08T06:00+07:00,dummy-v1
RS-01686,2025-10-08,JKS-031,Jagakarsa,Ciganjur,CURAT,06:00-12:00,57,Moderate,43,65,59,66,62,dummy-v1,2025-10-08T06:00+07:00,2025-10-08T12:00+07:00,dummy-v1
RS-01687,2025-10-08,JKS-031,Jagakarsa,Ciganjur,CURANMOR,12:00-18:00,50,Moderate,62,38,48,46,53,dummy-v1,2025-10-08T12:00+07:00,2025-10-08T18:00+07:00,dummy-v1
RS-01688,2025-10-08,JKS-031,Jagakarsa,Ciganjur,CURAT,18:00-23:59,36,Low,32,27,44,46,40,dummy-v1,2025-10-08T18:00+07:00,2025-10-09T00:00+07:00,dummy-v1
RS-01689,2025-10-15,JKS-031,Jagakarsa,Ciganjur,CURAS,00:00-06:00,63,Moderate,72,64,51,52,74,dummy-v1,2025-10-15T00:00+07:00,2025-10-15T06:00+07:00,dummy-v1
RS-01690,2025-10-15,JKS-031,Jagakarsa,Ciganjur,CURAT,06:00-12:00,54,Moderate,62,41,44,64,66,dummy-v1,2025-10-15T06:00+07:00,2025-10-15T12:00+07:00,dummy-v1
RS-01691,2025-10-15,JKS-031,Jagakarsa,Ciganjur,CURANMOR,12:00-18:00,43,Low,49,31,51,44,37,dummy-v1,2025-10-15T12:00+07:00,2025-10-15T18:00+07:00,dummy-v1
RS-01692,2025-10-15,JKS-031,Jagakarsa,Ciganjur,CURAT,18:00-23:59,77,High,79,78,73,84,66,dummy-v1,2025-10-15T18:00+07:00,2025-10-16T00:00+07:00,dummy-v1
RS-01693,2025-10-22,JKS-031,Jagakarsa,Ciganjur,CURAT,00:00-06:00,47,Moderate,33,61,55,43,43,dummy-v1,2025-10-22T00:00+07:00,2025-10-22T06:00+07:00,dummy-v1
RS-01694,2025-10-22,JKS-031,Jagakarsa,Ciganjur,CURANMOR,06:00-12:00,60,Moderate,53,48,67,74,75,dummy-v1,2025-10-22T06:00+07:00,2025-10-22T12:00+07:00,dummy-v1
RS-01695,2025-10-22,JKS-031,Jagakarsa,Ciganjur,CURANMOR,12:00-18:00,39,Low,48,36,32,41,32,dummy-v1,2025-10-22T12:00+07:00,2025-10-22T18:00+07:00,dummy-v1
RS-01696,2025-10-22,JKS-031,Jagakarsa,Ciganjur,CURAS,18:00-23:59,64,Moderate,64,55,78,51,79,dummy-v1,2025-10-22T18:00+07:00,2025-10-23T00:00+07:00,dummy-v1
RS-01697,2025-10-29,JKS-031,Jagakarsa,Ciganjur,CURAT,00:00-06:00,38,Low,23,47,40,42,51,dummy-v1,2025-10-29T00:00+07:00,2025-10-29T06:00+07:00,dummy-v1
RS-01698,2025-10-29,JKS-031,Jagakarsa,Ciganjur,CURANMOR,06:00-12:00,55,Moderate,51,51,69,60,43,dummy-v1,2025-10-29T06:00+07:00,2025-10-29T12:00+07:00,dummy-v1
RS-01699,2025-10-29,JKS-031,Jagakarsa,Ciganjur,CURAS,12:00-18:00,29,Low,41,19,39,16,19,dummy-v1,2025-10-29T12:00+07:00,2025-10-29T18:00+07:00,dummy-v1
RS-01700,2025-10-29,JKS-031,Jagakarsa,Ciganjur,CURAS,18:00-23:59,53,Moderate,32,64,56,64,66,dummy-v1,2025-10-29T18:00+07:00,2025-10-30T00:00+07:00,dummy-v1
RS-01701,2025-11-05,JKS-031,Jagakarsa,Ciganjur,CURAS,00:00-06:00,61,Moderate,63,52,60,65,72,dummy-v1,2025-11-05T00:00+07:00,2025-11-05T06:00+07:00,dummy-v1
RS-01702,2025-11-05,JKS-031,Jagakarsa,Ciganjur,CURAS,06:00-12:00,65,Moderate,73,59,62,66,60,dummy-v1,2025-11-05T06:00+07:00,2025-11-05T12:00+07:00,dummy-v1
RS-01703,2025-11-05,JKS-031,Jagakarsa,Ciganjur,CURAT,12:00-18:00,39,Low,45,29,39,41,44,dummy-v1,2025-11-05T12:00+07:00,2025-11-05T18:00+07:00,dummy-v1
RS-01704,2025-11-05,JKS-031,Jagakarsa,Ciganjur,CURAT,18:00-23:59,76,High,89,78,63,73,61,dummy-v1,2025-11-05T18:00+07:00,2025-11-06T00:00+07:00,dummy-v1
RS-01705,2025-11-12,JKS-031,Jagakarsa,Ciganjur,CURAS,00:00-06:00,46,Moderate,54,53,40,33,36,dummy-v1,2025-11-12T00:00+07:00,2025-11-12T06:00+07:00,dummy-v1
RS-01706,2025-11-12,JKS-031,Jagakarsa,Ciganjur,CURAS,06:00-12:00,69,Moderate,84,58,69,58,67,dummy-v1,2025-11-12T06:00+07:00,2025-11-12T12:00+07:00,dummy-v1
RS-01707,2025-11-12,JKS-031,Jagakarsa,Ciganjur,CURAS,12:00-18:00,31,Low,19,46,40,22,25,dummy-v1,2025-11-12T12:00+07:00,2025-11-12T18:00+07:00,dummy-v1
RS-01708,2025-11-12,JKS-031,Jagakarsa,Ciganjur,CURAS,18:00-23:59,65,Moderate,45,67,76,78,77,dummy-v1,2025-11-12T18:00+07:00,2025-11-13T00:00+07:00,dummy-v1
RS-01709,2025-11-19,JKS-031,Jagakarsa,Ciganjur,CURAT,00:00-06:00,62,Moderate,74,58,50,58,66,dummy-v1,2025-11-19T00:00+07:00,2025-11-19T06:00+07:00,dummy-v1
RS-01710,2025-11-19,JKS-031,Jagakarsa,Ciganjur,CURANMOR,06:00-12:00,40,Low,39,32,45,40,52,dummy-v1,2025-11-19T06:00+07:00,2025-11-19T12:00+07:00,dummy-v1
RS-01711,2025-11-19,JKS-031,Jagakarsa,Ciganjur,CURAS,12:00-18:00,60,Moderate,51,68,67,46,75,dummy-v1,2025-11-19T12:00+07:00,2025-11-19T18:00+07:00,dummy-v1
RS-01712,2025-11-19,JKS-031,Jagakarsa,Ciganjur,CURAS,18:00-23:59,83,High,82,74,81,97,92,dummy-v1,2025-11-19T18:00+07:00,2025-11-20T00:00+07:00,dummy-v1
RS-01713,2025-11-26,JKS-031,Jagakarsa,Ciganjur,CURAT,00:00-06:00,25,Low,28,26,30,19,11,dummy-v1,2025-11-26T00:00+07:00,2025-11-26T06:00+07:00,dummy-v1
RS-01714,2025-11-26,JKS-031,Jagakarsa,Ciganjur,CURANMOR,06:00-12:00,68,Moderate,93,58,53,61,59,dummy-v1,2025-11-26T06:00+07:00,2025-11-26T12:00+07:00,dummy-v1
RS-01715,2025-11-26,JKS-031,Jagakarsa,Ciganjur,CURAT,12:00-18:00,62,Moderate,52,57,66,77,74,dummy-v1,2025-11-26T12:00+07:00,2025-11-26T18:00+07:00,dummy-v1
RS-01716,2025-11-26,JKS-031,Jagakarsa,Ciganjur,CURAS,18:00-23:59,76,High,86,61,76,76,83,dummy-v1,2025-11-26T18:00+07:00,2025-11-27T00:00+07:00,dummy-v1
RS-01717,2025-12-03,JKS-031,Jagakarsa,Ciganjur,CURANMOR,00:00-06:00,30,Low,31,27,36,24,31,dummy-v1,2025-12-03T00:00+07:00,2025-12-03T06:00+07:00,dummy-v1
RS-01718,2025-12-03,JKS-031,Jagakarsa,Ciganjur,CURAS,06:00-12:00,55,Moderate,49,65,47,64,51,dummy-v1,2025-12-03T06:00+07:00,2025-12-03T12:00+07:00,dummy-v1
RS-01719,2025-12-03,JKS-031,Jagakarsa,Ciganjur,CURANMOR,12:00-18:00,52,Moderate,47,57,65,37,51,dummy-v1,2025-12-03T12:00+07:00,2025-12-03T18:00+07:00,dummy-v1
RS-01720,2025-12-03,JKS-031,Jagakarsa,Ciganjur,CURANMOR,18:00-23:59,62,Moderate,62,66,51,67,66,dummy-v1,2025-12-03T18:00+07:00,2025-12-04T00:00+07:00,dummy-v1
RS-01721,2025-12-10,JKS-031,Jagakarsa,Ciganjur,CURAT,00:00-06:00,41,Low,58,37,31,26,42,dummy-v1,2025-12-10T00:00+07:00,2025-12-10T06:00+07:00,dummy-v1
RS-01722,2025-12-10,JKS-031,Jagakarsa,Ciganjur,CURANMOR,06:00-12:00,40,Low,22,44,55,54,32,dummy-v1,2025-12-10T06:00+07:00,2025-12-10T12:00+07:00,dummy-v1
RS-01723,2025-12-10,JKS-031,Jagakarsa,Ciganjur,CURAT,12:00-18:00,36,Low,33,48,24,40,32,dummy-v1,2025-12-10T12:00+07:00,2025-12-10T18:00+07:00,dummy-v1
RS-01724,2025-12-10,JKS-031,Jagakarsa,Ciganjur,CURAS,18:00-23:59,82,High,82,86,85,82,67,dummy-v1,2025-12-10T18:00+07:00,2025-12-11T00:00+07:00,dummy-v1
RS-01725,2025-12-17,JKS-031,Jagakarsa,Ciganjur,CURAT,00:00-06:00,28,Low,27,27,39,13,33,dummy-v1,2025-12-17T00:00+07:00,2025-12-17T06:00+07:00,dummy-v1
RS-01726,2025-12-17,JKS-031,Jagakarsa,Ciganjur,CURANMOR,06:00-12:00,68,Moderate,69,57,77,81,55,dummy-v1,2025-12-17T06:00+07:00,2025-12-17T12:00+07:00,dummy-v1
RS-01727,2025-12-17,JKS-031,Jagakarsa,Ciganjur,CURAS,12:00-18:00,70,High,66,64,83,68,73,dummy-v1,2025-12-17T12:00+07:00,2025-12-17T18:00+07:00,dummy-v1
RS-01728,2025-12-17,JKS-031,Jagakarsa,Ciganjur,CURANMOR,18:00-23:59,91,Critical,94,87,82,98,100,dummy-v1,2025-12-17T18:00+07:00,2025-12-18T00:00+07:00,dummy-v1
RS-01729,2025-12-24,JKS-031,Jagakarsa,Ciganjur,CURAS,00:00-06:00,62,Moderate,69,51,69,59,59,dummy-v1,2025-12-24T00:00+07:00,2025-12-24T06:00+07:00,dummy-v1
RS-01730,2025-12-24,JKS-031,Jagakarsa,Ciganjur,CURANMOR,06:00-12:00,28,Low,17,41,32,26,24,dummy-v1,2025-12-24T06:00+07:00,2025-12-24T12:00+07:00,dummy-v1
RS-01731,2025-12-24,JKS-031,Jagakarsa,Ciganjur,CURANMOR,12:00-18:00,54,Moderate,69,39,40,65,59,dummy-v1,2025-12-24T12:00+07:00,2025-12-24T18:00+07:00,dummy-v1
RS-01732,2025-12-24,JKS-031,Jagakarsa,Ciganjur,CURANMOR,18:00-23:59,41,Low,39,26,55,49,45,dummy-v1,2025-12-24T18:00+07:00,2025-12-25T00:00+07:00,dummy-v1
RS-01733,2025-12-31,JKS-031,Jagakarsa,Ciganjur,CURAS,00:00-06:00,57,Moderate,62,48,49,64,70,dummy-v1,2025-12-31T00:00+07:00,2025-12-31T06:00+07:00,dummy-v1
RS-01734,2025-12-31,JKS-031,Jagakarsa,Ciganjur,CURANMOR,06:00-12:00,44,Low,40,33,50,54,56,dummy-v1,2025-12-31T06:00+07:00,2025-12-31T12:00+07:00,dummy-v1
RS-01735,2025-12-31,JKS-031,Jagakarsa,Ciganjur,CURANMOR,12:00-18:00,42,Low,41,46,39,51,27,dummy-v1,2025-12-31T12:00+07:00,2025-12-31T18:00+07:00,dummy-v1
RS-01736,2025-12-31,JKS-031,Jagakarsa,Ciganjur,CURANMOR,18:00-23:59,46,Moderate,43,51,47,33,60,dummy-v1,2025-12-31T18:00+07:00,2026-01-01T00:00+07:00,dummy-v1
RS-01737,2025-10-01,JKS-032,Jagakarsa,Lenteng Agung,CURANMOR,00:00-06:00,40,Low,34,51,30,53,31,dummy-v1,2025-10-01T00:00+07:00,2025-10-01T06:00+07:00,dummy-v1
RS-01738,2025-10-01,JKS-032,Jagakarsa,Lenteng Agung,CURANMOR,06:00-12:00,41,Low,49,38,39,29,47,dummy-v1,2025-10-01T06:00+07:00,2025-10-01T12:00+07:00,dummy-v1
RS-01739,2025-10-01,JKS-032,Jagakarsa,Lenteng Agung,CURAS,12:00-18:00,41,Low,50,31,45,31,45,dummy-v1,2025-10-01T12:00+07:00,2025-10-01T18:00+07:00,dummy-v1
RS-01740,2025-10-01,JKS-032,Jagakarsa,Lenteng Agung,CURAT,18:00-23:59,49,Moderate,27,63,60,56,47,dummy-v1,2025-10-01T18:00+07:00,2025-10-02T00:00+07:00,dummy-v1
RS-01741,2025-10-08,JKS-032,Jagakarsa,Lenteng Agung,CURANMOR,00:00-06:00,38,Low,42,28,37,45,42,dummy-v1,2025-10-08T00:00+07:00,2025-10-08T06:00+07:00,dummy-v1
RS-01742,2025-10-08,JKS-032,Jagakarsa,Lenteng Agung,CURAS,06:00-12:00,32,Low,29,36,29,29,42,dummy-v1,2025-10-08T06:00+07:00,2025-10-08T12:00+07:00,dummy-v1
RS-01743,2025-10-08,JKS-032,Jagakarsa,Lenteng Agung,CURAT,12:00-18:00,62,Moderate,88,51,48,48,62,dummy-v1,2025-10-08T12:00+07:00,2025-10-08T18:00+07:00,dummy-v1
RS-01744,2025-10-08,JKS-032,Jagakarsa,Lenteng Agung,CURAS,18:00-23:59,87,Critical,89,77,90,96,86,dummy-v1,2025-10-08T18:00+07:00,2025-10-09T00:00+07:00,dummy-v1
RS-01745,2025-10-15,JKS-032,Jagakarsa,Lenteng Agung,CURAT,00:00-06:00,40,Low,36,28,53,55,32,dummy-v1,2025-10-15T00:00+07:00,2025-10-15T06:00+07:00,dummy-v1
RS-01746,2025-10-15,JKS-032,Jagakarsa,Lenteng Agung,CURAT,06:00-12:00,56,Moderate,75,49,48,42,53,dummy-v1,2025-10-15T06:00+07:00,2025-10-15T12:00+07:00,dummy-v1
RS-01747,2025-10-15,JKS-032,Jagakarsa,Lenteng Agung,CURANMOR,12:00-18:00,58,Moderate,55,65,49,63,59,dummy-v1,2025-10-15T12:00+07:00,2025-10-15T18:00+07:00,dummy-v1
RS-01748,2025-10-15,JKS-032,Jagakarsa,Lenteng Agung,CURAT,18:00-23:59,90,Critical,85,100,87,81,99,dummy-v1,2025-10-15T18:00+07:00,2025-10-16T00:00+07:00,dummy-v1
RS-01749,2025-10-22,JKS-032,Jagakarsa,Lenteng Agung,CURANMOR,00:00-06:00,26,Low,44,11,26,22,17,dummy-v1,2025-10-22T00:00+07:00,2025-10-22T06:00+07:00,dummy-v1
RS-01750,2025-10-22,JKS-032,Jagakarsa,Lenteng Agung,CURAT,06:00-12:00,46,Moderate,49,41,58,42,32,dummy-v1,2025-10-22T06:00+07:00,2025-10-22T12:00+07:00,dummy-v1
RS-01751,2025-10-22,JKS-032,Jagakarsa,Lenteng Agung,CURANMOR,12:00-18:00,60,Moderate,70,50,59,66,48,dummy-v1,2025-10-22T12:00+07:00,2025-10-22T18:00+07:00,dummy-v1
RS-01752,2025-10-22,JKS-032,Jagakarsa,Lenteng Agung,CURANMOR,18:00-23:59,74,High,85,76,59,64,82,dummy-v1,2025-10-22T18:00+07:00,2025-10-23T00:00+07:00,dummy-v1
RS-01753,2025-10-29,JKS-032,Jagakarsa,Lenteng Agung,CURAT,00:00-06:00,44,Low,31,58,44,38,57,dummy-v1,2025-10-29T00:00+07:00,2025-10-29T06:00+07:00,dummy-v1
RS-01754,2025-10-29,JKS-032,Jagakarsa,Lenteng Agung,CURANMOR,06:00-12:00,64,Moderate,82,51,62,51,65,dummy-v1,2025-10-29T06:00+07:00,2025-10-29T12:00+07:00,dummy-v1
RS-01755,2025-10-29,JKS-032,Jagakarsa,Lenteng Agung,CURAS,12:00-18:00,59,Moderate,76,44,58,48,63,dummy-v1,2025-10-29T12:00+07:00,2025-10-29T18:00+07:00,dummy-v1
RS-01756,2025-10-29,JKS-032,Jagakarsa,Lenteng Agung,CURANMOR,18:00-23:59,48,Moderate,24,62,58,56,53,dummy-v1,2025-10-29T18:00+07:00,2025-10-30T00:00+07:00,dummy-v1
RS-01757,2025-11-05,JKS-032,Jagakarsa,Lenteng Agung,CURANMOR,00:00-06:00,31,Low,22,33,38,37,29,dummy-v1,2025-11-05T00:00+07:00,2025-11-05T06:00+07:00,dummy-v1
RS-01758,2025-11-05,JKS-032,Jagakarsa,Lenteng Agung,CURAT,06:00-12:00,46,Moderate,36,49,60,33,61,dummy-v1,2025-11-05T06:00+07:00,2025-11-05T12:00+07:00,dummy-v1
RS-01759,2025-11-05,JKS-032,Jagakarsa,Lenteng Agung,CURAT,12:00-18:00,72,High,45,83,83,84,87,dummy-v1,2025-11-05T12:00+07:00,2025-11-05T18:00+07:00,dummy-v1
RS-01760,2025-11-05,JKS-032,Jagakarsa,Lenteng Agung,CURANMOR,18:00-23:59,78,High,78,86,68,76,81,dummy-v1,2025-11-05T18:00+07:00,2025-11-06T00:00+07:00,dummy-v1
RS-01761,2025-11-12,JKS-032,Jagakarsa,Lenteng Agung,CURAT,00:00-06:00,43,Low,39,52,28,54,47,dummy-v1,2025-11-12T00:00+07:00,2025-11-12T06:00+07:00,dummy-v1
RS-01762,2025-11-12,JKS-032,Jagakarsa,Lenteng Agung,CURAT,06:00-12:00,31,Low,15,46,42,30,21,dummy-v1,2025-11-12T06:00+07:00,2025-11-12T12:00+07:00,dummy-v1
RS-01763,2025-11-12,JKS-032,Jagakarsa,Lenteng Agung,CURANMOR,12:00-18:00,51,Moderate,47,48,54,60,52,dummy-v1,2025-11-12T12:00+07:00,2025-11-12T18:00+07:00,dummy-v1
RS-01764,2025-11-12,JKS-032,Jagakarsa,Lenteng Agung,CURAS,18:00-23:59,60,Moderate,61,67,51,48,75,dummy-v1,2025-11-12T18:00+07:00,2025-11-13T00:00+07:00,dummy-v1
RS-01765,2025-11-19,JKS-032,Jagakarsa,Lenteng Agung,CURANMOR,00:00-06:00,60,Moderate,58,60,59,58,72,dummy-v1,2025-11-19T00:00+07:00,2025-11-19T06:00+07:00,dummy-v1
RS-01766,2025-11-19,JKS-032,Jagakarsa,Lenteng Agung,CURAT,06:00-12:00,54,Moderate,61,69,42,40,41,dummy-v1,2025-11-19T06:00+07:00,2025-11-19T12:00+07:00,dummy-v1
RS-01767,2025-11-19,JKS-032,Jagakarsa,Lenteng Agung,CURAT,12:00-18:00,58,Moderate,55,51,71,52,69,dummy-v1,2025-11-19T12:00+07:00,2025-11-19T18:00+07:00,dummy-v1
RS-01768,2025-11-19,JKS-032,Jagakarsa,Lenteng Agung,CURAT,18:00-23:59,74,High,73,89,66,71,61,dummy-v1,2025-11-19T18:00+07:00,2025-11-20T00:00+07:00,dummy-v1
RS-01769,2025-11-26,JKS-032,Jagakarsa,Lenteng Agung,CURANMOR,00:00-06:00,35,Low,37,27,43,27,45,dummy-v1,2025-11-26T00:00+07:00,2025-11-26T06:00+07:00,dummy-v1
RS-01770,2025-11-26,JKS-032,Jagakarsa,Lenteng Agung,CURANMOR,06:00-12:00,48,Moderate,56,38,50,36,62,dummy-v1,2025-11-26T06:00+07:00,2025-11-26T12:00+07:00,dummy-v1
RS-01771,2025-11-26,JKS-032,Jagakarsa,Lenteng Agung,CURAS,12:00-18:00,30,Low,43,25,18,37,16,dummy-v1,2025-11-26T12:00+07:00,2025-11-26T18:00+07:00,dummy-v1
RS-01772,2025-11-26,JKS-032,Jagakarsa,Lenteng Agung,CURAS,18:00-23:59,56,Moderate,63,56,55,50,46,dummy-v1,2025-11-26T18:00+07:00,2025-11-27T00:00+07:00,dummy-v1
RS-01773,2025-12-03,JKS-032,Jagakarsa,Lenteng Agung,CURAT,00:00-06:00,67,Moderate,86,66,55,54,55,dummy-v1,2025-12-03T00:00+07:00,2025-12-03T06:00+07:00,dummy-v1
RS-01774,2025-12-03,JKS-032,Jagakarsa,Lenteng Agung,CURANMOR,06:00-12:00,26,Low,21,14,40,31,34,dummy-v1,2025-12-03T06:00+07:00,2025-12-03T12:00+07:00,dummy-v1
RS-01775,2025-12-03,JKS-032,Jagakarsa,Lenteng Agung,CURAT,12:00-18:00,42,Low,23,46,48,57,54,dummy-v1,2025-12-03T12:00+07:00,2025-12-03T18:00+07:00,dummy-v1
RS-01776,2025-12-03,JKS-032,Jagakarsa,Lenteng Agung,CURAT,18:00-23:59,44,Low,49,46,34,53,30,dummy-v1,2025-12-03T18:00+07:00,2025-12-04T00:00+07:00,dummy-v1
RS-01777,2025-12-10,JKS-032,Jagakarsa,Lenteng Agung,CURANMOR,00:00-06:00,27,Low,24,40,24,14,30,dummy-v1,2025-12-10T00:00+07:00,2025-12-10T06:00+07:00,dummy-v1
RS-01778,2025-12-10,JKS-032,Jagakarsa,Lenteng Agung,CURAS,06:00-12:00,73,High,72,72,78,77,63,dummy-v1,2025-12-10T06:00+07:00,2025-12-10T12:00+07:00,dummy-v1
RS-01779,2025-12-10,JKS-032,Jagakarsa,Lenteng Agung,CURAT,12:00-18:00,50,Moderate,54,58,39,36,61,dummy-v1,2025-12-10T12:00+07:00,2025-12-10T18:00+07:00,dummy-v1
RS-01780,2025-12-10,JKS-032,Jagakarsa,Lenteng Agung,CURAT,18:00-23:59,79,High,91,65,90,65,77,dummy-v1,2025-12-10T18:00+07:00,2025-12-11T00:00+07:00,dummy-v1
RS-01781,2025-12-17,JKS-032,Jagakarsa,Lenteng Agung,CURAT,00:00-06:00,52,Moderate,46,65,37,55,64,dummy-v1,2025-12-17T00:00+07:00,2025-12-17T06:00+07:00,dummy-v1
RS-01782,2025-12-17,JKS-032,Jagakarsa,Lenteng Agung,CURANMOR,06:00-12:00,60,Moderate,63,59,56,59,63,dummy-v1,2025-12-17T06:00+07:00,2025-12-17T12:00+07:00,dummy-v1
RS-01783,2025-12-17,JKS-032,Jagakarsa,Lenteng Agung,CURANMOR,12:00-18:00,35,Low,47,22,33,38,32,dummy-v1,2025-12-17T12:00+07:00,2025-12-17T18:00+07:00,dummy-v1
RS-01784,2025-12-17,JKS-032,Jagakarsa,Lenteng Agung,CURANMOR,18:00-23:59,72,High,81,73,69,66,58,dummy-v1,2025-12-17T18:00+07:00,2025-12-18T00:00+07:00,dummy-v1
RS-01785,2025-12-24,JKS-032,Jagakarsa,Lenteng Agung,CURANMOR,00:00-06:00,44,Low,46,41,49,30,57,dummy-v1,2025-12-24T00:00+07:00,2025-12-24T06:00+07:00,dummy-v1
RS-01786,2025-12-24,JKS-032,Jagakarsa,Lenteng Agung,CURAS,06:00-12:00,25,Low,19,25,28,31,29,dummy-v1,2025-12-24T06:00+07:00,2025-12-24T12:00+07:00,dummy-v1
RS-01787,2025-12-24,JKS-032,Jagakarsa,Lenteng Agung,CURANMOR,12:00-18:00,62,Moderate,60,64,61,66,59,dummy-v1,2025-12-24T12:00+07:00,2025-12-24T18:00+07:00,dummy-v1
RS-01788,2025-12-24,JKS-032,Jagakarsa,Lenteng Agung,CURAS,18:00-23:59,67,Moderate,68,63,63,80,63,dummy-v1,2025-12-24T18:00+07:00,2025-12-25T00:00+07:00,dummy-v1
RS-01789,2025-12-31,JKS-032,Jagakarsa,Lenteng Agung,CURAS,00:00-06:00,64,Moderate,64,58,77,59,60,dummy-v1,2025-12-31T00:00+07:00,2025-12-31T06:00+07:00,dummy-v1
RS-01790,2025-12-31,JKS-032,Jagakarsa,Lenteng Agung,CURANMOR,06:00-12:00,35,Low,18,42,47,41,37,dummy-v1,2025-12-31T06:00+07:00,2025-12-31T12:00+07:00,dummy-v1
RS-01791,2025-12-31,JKS-032,Jagakarsa,Lenteng Agung,CURANMOR,12:00-18:00,32,Low,41,25,28,21,47,dummy-v1,2025-12-31T12:00+07:00,2025-12-31T18:00+07:00,dummy-v1
RS-01792,2025-12-31,JKS-032,Jagakarsa,Lenteng Agung,CURANMOR,18:00-23:59,84,High,83,80,77,93,96,dummy-v1,2025-12-31T18:00+07:00,2026-01-01T00:00+07:00,dummy-v1
RS-01793,2025-10-01,JKS-033,Jagakarsa,Srengseng Sawah,CURANMOR,00:00-06:00,42,Low,56,47,33,27,28,dummy-v1,2025-10-01T00:00+07:00,2025-10-01T06:00+07:00,dummy-v1
RS-01794,2025-10-01,JKS-033,Jagakarsa,Srengseng Sawah,CURAT,06:00-12:00,57,Moderate,51,57,61,72,46,dummy-v1,2025-10-01T06:00+07:00,2025-10-01T12:00+07:00,dummy-v1
RS-01795,2025-10-01,JKS-033,Jagakarsa,Srengseng Sawah,CURAT,12:00-18:00,33,Low,40,36,22,23,40,dummy-v1,2025-10-01T12:00+07:00,2025-10-01T18:00+07:00,dummy-v1
RS-01796,2025-10-01,JKS-033,Jagakarsa,Srengseng Sawah,CURAT,18:00-23:59,56,Moderate,42,63,67,64,48,dummy-v1,2025-10-01T18:00+07:00,2025-10-02T00:00+07:00,dummy-v1
RS-01797,2025-10-08,JKS-033,Jagakarsa,Srengseng Sawah,CURAT,00:00-06:00,29,Low,20,37,33,25,34,dummy-v1,2025-10-08T00:00+07:00,2025-10-08T06:00+07:00,dummy-v1
RS-01798,2025-10-08,JKS-033,Jagakarsa,Srengseng Sawah,CURANMOR,06:00-12:00,72,High,53,76,85,86,71,dummy-v1,2025-10-08T06:00+07:00,2025-10-08T12:00+07:00,dummy-v1
RS-01799,2025-10-08,JKS-033,Jagakarsa,Srengseng Sawah,CURAT,12:00-18:00,28,Low,23,24,39,34,23,dummy-v1,2025-10-08T12:00+07:00,2025-10-08T18:00+07:00,dummy-v1
RS-01800,2025-10-08,JKS-033,Jagakarsa,Srengseng Sawah,CURAT,18:00-23:59,55,Moderate,37,70,62,60,49,dummy-v1,2025-10-08T18:00+07:00,2025-10-09T00:00+07:00,dummy-v1
RS-01801,2025-10-15,JKS-033,Jagakarsa,Srengseng Sawah,CURAT,00:00-06:00,66,Moderate,68,75,64,56,57,dummy-v1,2025-10-15T00:00+07:00,2025-10-15T06:00+07:00,dummy-v1
RS-01802,2025-10-15,JKS-033,Jagakarsa,Srengseng Sawah,CURAS,06:00-12:00,34,Low,32,35,42,23,39,dummy-v1,2025-10-15T06:00+07:00,2025-10-15T12:00+07:00,dummy-v1
RS-01803,2025-10-15,JKS-033,Jagakarsa,Srengseng Sawah,CURAS,12:00-18:00,52,Moderate,68,48,49,40,37,dummy-v1,2025-10-15T12:00+07:00,2025-10-15T18:00+07:00,dummy-v1
RS-01804,2025-10-15,JKS-033,Jagakarsa,Srengseng Sawah,CURAS,18:00-23:59,87,Critical,85,95,77,85,96,dummy-v1,2025-10-15T18:00+07:00,2025-10-16T00:00+07:00,dummy-v1
RS-01805,2025-10-22,JKS-033,Jagakarsa,Srengseng Sawah,CURAS,00:00-06:00,71,High,59,72,72,82,86,dummy-v1,2025-10-22T00:00+07:00,2025-10-22T06:00+07:00,dummy-v1
RS-01806,2025-10-22,JKS-033,Jagakarsa,Srengseng Sawah,CURAT,06:00-12:00,41,Low,32,32,52,54,50,dummy-v1,2025-10-22T06:00+07:00,2025-10-22T12:00+07:00,dummy-v1
RS-01807,2025-10-22,JKS-033,Jagakarsa,Srengseng Sawah,CURAS,12:00-18:00,56,Moderate,53,53,54,60,69,dummy-v1,2025-10-22T12:00+07:00,2025-10-22T18:00+07:00,dummy-v1
RS-01808,2025-10-22,JKS-033,Jagakarsa,Srengseng Sawah,CURANMOR,18:00-23:59,91,Critical,96,91,80,90,100,dummy-v1,2025-10-22T18:00+07:00,2025-10-23T00:00+07:00,dummy-v1
RS-01809,2025-10-29,JKS-033,Jagakarsa,Srengseng Sawah,CURANMOR,00:00-06:00,38,Low,44,26,48,36,33,dummy-v1,2025-10-29T00:00+07:00,2025-10-29T06:00+07:00,dummy-v1
RS-01810,2025-10-29,JKS-033,Jagakarsa,Srengseng Sawah,CURAT,06:00-12:00,58,Moderate,64,43,65,68,50,dummy-v1,2025-10-29T06:00+07:00,2025-10-29T12:00+07:00,dummy-v1
RS-01811,2025-10-29,JKS-033,Jagakarsa,Srengseng Sawah,CURAT,12:00-18:00,35,Low,58,23,21,26,38,dummy-v1,2025-10-29T12:00+07:00,2025-10-29T18:00+07:00,dummy-v1
RS-01812,2025-10-29,JKS-033,Jagakarsa,Srengseng Sawah,CURAS,18:00-23:59,55,Moderate,71,42,48,44,69,dummy-v1,2025-10-29T18:00+07:00,2025-10-30T00:00+07:00,dummy-v1
RS-01813,2025-11-05,JKS-033,Jagakarsa,Srengseng Sawah,CURAS,00:00-06:00,35,Low,48,20,34,41,27,dummy-v1,2025-11-05T00:00+07:00,2025-11-05T06:00+07:00,dummy-v1
RS-01814,2025-11-05,JKS-033,Jagakarsa,Srengseng Sawah,CURAS,06:00-12:00,31,Low,4,43,44,39,43,dummy-v1,2025-11-05T06:00+07:00,2025-11-05T12:00+07:00,dummy-v1
RS-01815,2025-11-05,JKS-033,Jagakarsa,Srengseng Sawah,CURANMOR,12:00-18:00,28,Low,26,43,16,23,28,dummy-v1,2025-11-05T12:00+07:00,2025-11-05T18:00+07:00,dummy-v1
RS-01816,2025-11-05,JKS-033,Jagakarsa,Srengseng Sawah,CURAT,18:00-23:59,59,Moderate,64,54,62,62,47,dummy-v1,2025-11-05T18:00+07:00,2025-11-06T00:00+07:00,dummy-v1
RS-01817,2025-11-12,JKS-033,Jagakarsa,Srengseng Sawah,CURANMOR,00:00-06:00,64,Moderate,63,73,54,69,57,dummy-v1,2025-11-12T00:00+07:00,2025-11-12T06:00+07:00,dummy-v1
RS-01818,2025-11-12,JKS-033,Jagakarsa,Srengseng Sawah,CURAS,06:00-12:00,71,High,75,77,59,77,60,dummy-v1,2025-11-12T06:00+07:00,2025-11-12T12:00+07:00,dummy-v1
RS-01819,2025-11-12,JKS-033,Jagakarsa,Srengseng Sawah,CURANMOR,12:00-18:00,28,Low,48,22,14,25,16,dummy-v1,2025-11-12T12:00+07:00,2025-11-12T18:00+07:00,dummy-v1
RS-01820,2025-11-12,JKS-033,Jagakarsa,Srengseng Sawah,CURAT,18:00-23:59,39,Low,33,37,36,53,47,dummy-v1,2025-11-12T18:00+07:00,2025-11-13T00:00+07:00,dummy-v1
RS-01821,2025-11-19,JKS-033,Jagakarsa,Srengseng Sawah,CURANMOR,00:00-06:00,38,Low,27,48,48,38,26,dummy-v1,2025-11-19T00:00+07:00,2025-11-19T06:00+07:00,dummy-v1
RS-01822,2025-11-19,JKS-033,Jagakarsa,Srengseng Sawah,CURANMOR,06:00-12:00,30,Low,43,17,27,36,21,dummy-v1,2025-11-19T06:00+07:00,2025-11-19T12:00+07:00,dummy-v1
RS-01823,2025-11-19,JKS-033,Jagakarsa,Srengseng Sawah,CURAT,12:00-18:00,58,Moderate,61,57,63,51,52,dummy-v1,2025-11-19T12:00+07:00,2025-11-19T18:00+07:00,dummy-v1
RS-01824,2025-11-19,JKS-033,Jagakarsa,Srengseng Sawah,CURAS,18:00-23:59,82,High,78,81,82,89,87,dummy-v1,2025-11-19T18:00+07:00,2025-11-20T00:00+07:00,dummy-v1
RS-01825,2025-11-26,JKS-033,Jagakarsa,Srengseng Sawah,CURAS,00:00-06:00,33,Low,44,18,36,31,35,dummy-v1,2025-11-26T00:00+07:00,2025-11-26T06:00+07:00,dummy-v1
RS-01826,2025-11-26,JKS-033,Jagakarsa,Srengseng Sawah,CURAS,06:00-12:00,71,High,65,85,65,72,64,dummy-v1,2025-11-26T06:00+07:00,2025-11-26T12:00+07:00,dummy-v1
RS-01827,2025-11-26,JKS-033,Jagakarsa,Srengseng Sawah,CURAT,12:00-18:00,48,Moderate,41,46,58,62,34,dummy-v1,2025-11-26T12:00+07:00,2025-11-26T18:00+07:00,dummy-v1
RS-01828,2025-11-26,JKS-033,Jagakarsa,Srengseng Sawah,CURANMOR,18:00-23:59,59,Moderate,64,47,70,50,67,dummy-v1,2025-11-26T18:00+07:00,2025-11-27T00:00+07:00,dummy-v1
RS-01829,2025-12-03,JKS-033,Jagakarsa,Srengseng Sawah,CURANMOR,00:00-06:00,47,Moderate,39,58,43,57,37,dummy-v1,2025-12-03T00:00+07:00,2025-12-03T06:00+07:00,dummy-v1
RS-01830,2025-12-03,JKS-033,Jagakarsa,Srengseng Sawah,CURANMOR,06:00-12:00,29,Low,27,16,40,36,35,dummy-v1,2025-12-03T06:00+07:00,2025-12-03T12:00+07:00,dummy-v1
RS-01831,2025-12-03,JKS-033,Jagakarsa,Srengseng Sawah,CURAS,12:00-18:00,51,Moderate,36,63,62,44,55,dummy-v1,2025-12-03T12:00+07:00,2025-12-03T18:00+07:00,dummy-v1
RS-01832,2025-12-03,JKS-033,Jagakarsa,Srengseng Sawah,CURAT,18:00-23:59,77,High,63,87,90,68,81,dummy-v1,2025-12-03T18:00+07:00,2025-12-04T00:00+07:00,dummy-v1
RS-01833,2025-12-10,JKS-033,Jagakarsa,Srengseng Sawah,CURANMOR,00:00-06:00,56,Moderate,61,53,55,49,61,dummy-v1,2025-12-10T00:00+07:00,2025-12-10T06:00+07:00,dummy-v1
RS-01834,2025-12-10,JKS-033,Jagakarsa,Srengseng Sawah,CURAT,06:00-12:00,26,Low,30,29,25,23,13,dummy-v1,2025-12-10T06:00+07:00,2025-12-10T12:00+07:00,dummy-v1
RS-01835,2025-12-10,JKS-033,Jagakarsa,Srengseng Sawah,CURAT,12:00-18:00,58,Moderate,53,59,72,53,51,dummy-v1,2025-12-10T12:00+07:00,2025-12-10T18:00+07:00,dummy-v1
RS-01836,2025-12-10,JKS-033,Jagakarsa,Srengseng Sawah,CURAT,18:00-23:59,55,Moderate,34,66,66,60,60,dummy-v1,2025-12-10T18:00+07:00,2025-12-11T00:00+07:00,dummy-v1
RS-01837,2025-12-17,JKS-033,Jagakarsa,Srengseng Sawah,CURANMOR,00:00-06:00,55,Moderate,52,70,46,52,50,dummy-v1,2025-12-17T00:00+07:00,2025-12-17T06:00+07:00,dummy-v1
RS-01838,2025-12-17,JKS-033,Jagakarsa,Srengseng Sawah,CURANMOR,06:00-12:00,46,Moderate,36,58,42,57,39,dummy-v1,2025-12-17T06:00+07:00,2025-12-17T12:00+07:00,dummy-v1
RS-01839,2025-12-17,JKS-033,Jagakarsa,Srengseng Sawah,CURANMOR,12:00-18:00,58,Moderate,30,65,73,72,73,dummy-v1,2025-12-17T12:00+07:00,2025-12-17T18:00+07:00,dummy-v1
RS-01840,2025-12-17,JKS-033,Jagakarsa,Srengseng Sawah,CURAT,18:00-23:59,63,Moderate,69,59,56,77,49,dummy-v1,2025-12-17T18:00+07:00,2025-12-18T00:00+07:00,dummy-v1
RS-01841,2025-12-24,JKS-033,Jagakarsa,Srengseng Sawah,CURANMOR,00:00-06:00,36,Low,8,50,43,50,50,dummy-v1,2025-12-24T00:00+07:00,2025-12-24T06:00+07:00,dummy-v1
RS-01842,2025-12-24,JKS-033,Jagakarsa,Srengseng Sawah,CURANMOR,06:00-12:00,69,Moderate,56,79,74,82,54,dummy-v1,2025-12-24T06:00+07:00,2025-12-24T12:00+07:00,dummy-v1
RS-01843,2025-12-24,JKS-033,Jagakarsa,Srengseng Sawah,CURAT,12:00-18:00,61,Moderate,78,57,56,47,51,dummy-v1,2025-12-24T12:00+07:00,2025-12-24T18:00+07:00,dummy-v1
RS-01844,2025-12-24,JKS-033,Jagakarsa,Srengseng Sawah,CURANMOR,18:00-23:59,74,High,83,70,75,63,70,dummy-v1,2025-12-24T18:00+07:00,2025-12-25T00:00+07:00,dummy-v1
RS-01845,2025-12-31,JKS-033,Jagakarsa,Srengseng Sawah,CURANMOR,00:00-06:00,46,Moderate,43,44,58,32,56,dummy-v1,2025-12-31T00:00+07:00,2025-12-31T06:00+07:00,dummy-v1
RS-01846,2025-12-31,JKS-033,Jagakarsa,Srengseng Sawah,CURAT,06:00-12:00,56,Moderate,52,52,56,65,63,dummy-v1,2025-12-31T06:00+07:00,2025-12-31T12:00+07:00,dummy-v1
RS-01847,2025-12-31,JKS-033,Jagakarsa,Srengseng Sawah,CURANMOR,12:00-18:00,63,Moderate,62,69,65,54,59,dummy-v1,2025-12-31T12:00+07:00,2025-12-31T18:00+07:00,dummy-v1
RS-01848,2025-12-31,JKS-033,Jagakarsa,Srengseng Sawah,CURANMOR,18:00-23:59,50,Moderate,39,55,61,54,43,dummy-v1,2025-12-31T18:00+07:00,2026-01-01T00:00+07:00,dummy-v1
RS-01849,2025-12-26,JKS-001,Kebayoran Baru,Senayan,CURAT,18:00-23:59,76,High,79,91,62,65,75,dummy-v1,2025-12-26T18:00+07:00,2025-12-27T00:00+07:00,dummy-v1
RS-01850,2025-10-24,JKS-004,Kebayoran Baru,Cipete Utara,CURANMOR,12:00-18:00,67,Moderate,53,81,73,63,67,dummy-v1,2025-10-24T12:00+07:00,2025-10-24T18:00+07:00,dummy-v1
RS-01851,2025-12-02,JKS-008,Kebayoran Lama,Grogol Utara,CURANMOR,12:00-18:00,89,Critical,94,88,88,85,85,dummy-v1,2025-12-02T12:00+07:00,2025-12-02T18:00+07:00,dummy-v1
RS-01852,2025-12-09,JKS-030,Jagakarsa,Jagakarsa,CURANMOR,06:00-12:00,73,High,72,61,82,82,75,dummy-v1,2025-12-09T06:00+07:00,2025-12-09T12:00+07:00,dummy-v1
RS-01853,2025-12-10,JKS-002,Kebayoran Baru,Gunung,CURANMOR,06:00-12:00,68,Moderate,68,59,79,72,64,dummy-v1,2025-12-10T06:00+07:00,2025-12-10T12:00+07:00,dummy-v1
RS-01854,2025-12-01,JKS-023,Tebet,Manggarai,CURAT,00:00-06:00,73,High,54,88,76,81,75,dummy-v1,2025-12-01T00:00+07:00,2025-12-01T06:00+07:00,dummy-v1
RS-01855,2025-12-10,JKS-026,Mampang Prapatan,Tegal Parang,CURAS,18:00-23:59,79,High,86,71,77,88,69,dummy-v1,2025-12-10T18:00+07:00,2025-12-11T00:00+07:00,dummy-v1
RS-01856,2025-11-06,JKS-022,Tebet,Menteng Dalam,CURANMOR,18:00-23:59,51,Moderate,52,50,47,54,54,dummy-v1,2025-11-06T18:00+07:00,2025-11-07T00:00+07:00,dummy-v1
RS-01857,2025-12-08,JKS-019,Pancoran,Kalibata,CURANMOR,18:00-23:59,53,Moderate,54,51,59,43,57,dummy-v1,2025-12-08T18:00+07:00,2025-12-09T00:00+07:00,dummy-v1
RS-01858,2025-12-12,JKS-019,Pancoran,Kalibata,CURANMOR,18:00-23:59,51,Moderate,50,38,64,65,39,dummy-v1,2025-12-12T18:00+07:00,2025-12-13T00:00+07:00,dummy-v1
RS-01859,2025-10-20,JKS-008,Kebayoran Lama,Grogol Utara,CURANMOR,18:00-23:59,75,High,92,64,62,81,67,dummy-v1,2025-10-20T18:00+07:00,2025-10-21T00:00+07:00,dummy-v1
RS-01860,2025-12-12,JKS-011,Cilandak,Lebak Bulus,CURAT,12:00-18:00,47,Moderate,47,40,59,37,56,dummy-v1,2025-12-12T12:00+07:00,2025-12-12T18:00+07:00,dummy-v1
RS-01861,2025-10-13,JKS-019,Pancoran,Kalibata,CURANMOR,00:00-06:00,72,High,77,68,73,72,65,dummy-v1,2025-10-13T00:00+07:00,2025-10-13T06:00+07:00,dummy-v1
RS-01862,2025-11-29,JKS-006,Kebayoran Lama,Pondok Pinang,CURANMOR,12:00-18:00,54,Moderate,59,60,54,42,42,dummy-v1,2025-11-29T12:00+07:00,2025-11-29T18:00+07:00,dummy-v1
RS-01863,2025-12-31,JKS-013,Pasar Minggu,Pejaten Barat,CURANMOR,18:00-23:59,81,High,75,92,92,70,67,dummy-v1,2025-12-31T18:00+07:00,2026-01-01T00:00+07:00,dummy-v1
RS-01864,2025-12-07,JKS-013,Pasar Minggu,Pejaten Barat,CURANMOR,18:00-23:59,56,Moderate,68,46,56,46,59,dummy-v1,2025-12-07T18:00+07:00,2025-12-08T00:00+07:00,dummy-v1
RS-01865,2025-11-23,JKS-009,Cilandak,Cipete Selatan,CURANMOR,00:00-06:00,63,Moderate,54,75,72,56,53,dummy-v1,2025-11-23T00:00+07:00,2025-11-23T06:00+07:00,dummy-v1
RS-01866,2025-12-09,JKS-018,Pancoran,Duren Tiga,CURANMOR,00:00-06:00,54,Moderate,37,59,62,63,63,dummy-v1,2025-12-09T00:00+07:00,2025-12-09T06:00+07:00,dummy-v1
RS-01867,2025-11-04,JKS-010,Cilandak,Gandaria Selatan,CURANMOR,18:00-23:59,65,Moderate,74,52,72,55,72,dummy-v1,2025-11-04T18:00+07:00,2025-11-05T00:00+07:00,dummy-v1
RS-01868,2025-10-14,JKS-003,Kebayoran Baru,Kramat Pela,CURAS,18:00-23:59,81,High,100,70,75,70,76,dummy-v1,2025-10-14T18:00+07:00,2025-10-15T00:00+07:00,dummy-v1
RS-01869,2025-12-11,JKS-003,Kebayoran Baru,Kramat Pela,CURANMOR,12:00-18:00,84,High,94,70,83,95,75,dummy-v1,2025-12-11T12:00+07:00,2025-12-11T18:00+07:00,dummy-v1
RS-01870,2025-10-16,JKS-031,Jagakarsa,Ciganjur,CURAT,12:00-18:00,64,Moderate,64,65,66,69,50,dummy-v1,2025-10-16T12:00+07:00,2025-10-16T18:00+07:00,dummy-v1
RS-01871,2025-11-21,JKS-022,Tebet,Menteng Dalam,CURANMOR,18:00-23:59,88,Critical,80,93,100,88,75,dummy-v1,2025-11-21T18:00+07:00,2025-11-22T00:00+07:00,dummy-v1
RS-01872,2025-12-25,JKS-019,Pancoran,Kalibata,CURAT,18:00-23:59,57,Moderate,48,65,64,47,65,dummy-v1,2025-12-25T18:00+07:00,2025-12-26T00:00+07:00,dummy-v1
RS-01873,2025-11-25,JKS-002,Kebayoran Baru,Gunung,CURANMOR,18:00-23:59,58,Moderate,54,56,65,49,73,dummy-v1,2025-11-25T18:00+07:00,2025-11-26T00:00+07:00,dummy-v1
RS-01874,2025-12-20,JKS-018,Pancoran,Duren Tiga,CURANMOR,18:00-23:59,72,High,69,65,82,71,81,dummy-v1,2025-12-20T18:00+07:00,2025-12-21T00:00+07:00,dummy-v1
RS-01875,2025-10-11,JKS-009,Cilandak,Cipete Selatan,CURANMOR,18:00-23:59,72,High,85,58,60,82,78,dummy-v1,2025-10-11T18:00+07:00,2025-10-12T00:00+07:00,dummy-v1
RS-01876,2025-11-10,JKS-001,Kebayoran Baru,Senayan,CURANMOR,12:00-18:00,82,High,77,77,95,90,71,dummy-v1,2025-11-10T12:00+07:00,2025-11-10T18:00+07:00,dummy-v1
RS-01877,2025-11-12,JKS-026,Mampang Prapatan,Tegal Parang,CURANMOR,00:00-06:00,62,Moderate,53,75,50,71,68,dummy-v1,2025-11-12T00:00+07:00,2025-11-12T06:00+07:00,dummy-v1
RS-01878,2025-12-26,JKS-024,Mampang Prapatan,Mampang Prapatan,CURANMOR,12:00-18:00,83,High,65,94,94,94,70,dummy-v1,2025-12-26T12:00+07:00,2025-12-26T18:00+07:00,dummy-v1
RS-01879,2025-11-08,JKS-010,Cilandak,Gandaria Selatan,CURAS,18:00-23:59,51,Moderate,33,61,66,44,61,dummy-v1,2025-11-08T18:00+07:00,2025-11-09T00:00+07:00,dummy-v1
RS-01880,2025-11-03,JKS-023,Tebet,Manggarai,CURANMOR,18:00-23:59,95,Critical,100,100,87,82,100,dummy-v1,2025-11-03T18:00+07:00,2025-11-04T00:00+07:00,dummy-v1
RS-01881,2025-11-17,JKS-007,Kebayoran Lama,Kebayoran Lama Utara,CURAS,12:00-18:00,68,Moderate,65,67,57,81,81,dummy-v1,2025-11-17T12:00+07:00,2025-11-17T18:00+07:00,dummy-v1
RS-01882,2025-10-24,JKS-015,Pasar Minggu,Ragunan,CURAT,12:00-18:00,95,Critical,100,94,96,80,100,dummy-v1,2025-10-24T12:00+07:00,2025-10-24T18:00+07:00,dummy-v1
RS-01883,2025-12-13,JKS-004,Kebayoran Baru,Cipete Utara,CURANMOR,06:00-12:00,48,Moderate,49,49,45,54,40,dummy-v1,2025-12-13T06:00+07:00,2025-12-13T12:00+07:00,dummy-v1
RS-01884,2025-10-23,JKS-021,Tebet,Tebet Timur,CURANMOR,12:00-18:00,71,High,87,70,63,59,58,dummy-v1,2025-10-23T12:00+07:00,2025-10-23T18:00+07:00,dummy-v1
RS-01885,2025-12-26,JKS-017,Pancoran,Pancoran,CURAT,18:00-23:59,48,Moderate,54,59,34,45,34,dummy-v1,2025-12-26T18:00+07:00,2025-12-27T00:00+07:00,dummy-v1
RS-01886,2025-12-01,JKS-023,Tebet,Manggarai,CURANMOR,00:00-06:00,58,Moderate,71,46,59,51,56,dummy-v1,2025-12-01T00:00+07:00,2025-12-01T06:00+07:00,dummy-v1
RS-01887,2025-10-25,JKS-004,Kebayoran Baru,Cipete Utara,CURAT,00:00-06:00,61,Moderate,55,60,70,53,74,dummy-v1,2025-10-25T00:00+07:00,2025-10-25T06:00+07:00,dummy-v1
RS-01888,2025-12-01,JKS-004,Kebayoran Baru,Cipete Utara,CURAT,12:00-18:00,53,Moderate,50,56,59,44,55,dummy-v1,2025-12-01T12:00+07:00,2025-12-01T18:00+07:00,dummy-v1
RS-01889,2025-12-17,JKS-025,Mampang Prapatan,Bangka,CURANMOR,18:00-23:59,64,Moderate,64,58,64,77,60,dummy-v1,2025-12-17T18:00+07:00,2025-12-18T00:00+07:00,dummy-v1
RS-01890,2025-10-25,JKS-018,Pancoran,Duren Tiga,CURANMOR,18:00-23:59,88,Critical,63,100,100,99,92,dummy-v1,2025-10-25T18:00+07:00,2025-10-26T00:00+07:00,dummy-v1
RS-01891,2025-11-07,JKS-029,Setiabudi,Menteng Atas,CURANMOR,00:00-06:00,67,Moderate,72,70,56,66,68,dummy-v1,2025-11-07T00:00+07:00,2025-11-07T06:00+07:00,dummy-v1
RS-01892,2025-10-18,JKS-001,Kebayoran Baru,Senayan,CURANMOR,18:00-23:59,63,Moderate,51,68,75,61,65,dummy-v1,2025-10-18T18:00+07:00,2025-10-19T00:00+07:00,dummy-v1
RS-01893,2025-10-22,JKS-017,Pancoran,Pancoran,CURAT,00:00-06:00,82,High,99,76,73,75,76,dummy-v1,2025-10-22T00:00+07:00,2025-10-22T06:00+07:00,dummy-v1
RS-01894,2025-12-07,JKS-010,Cilandak,Gandaria Selatan,CURAS,12:00-18:00,91,Critical,95,82,100,80,100,dummy-v1,2025-12-07T12:00+07:00,2025-12-07T18:00+07:00,dummy-v1
RS-01895,2025-11-26,JKS-029,Setiabudi,Menteng Atas,CURANMOR,18:00-23:59,89,Critical,68,97,100,100,94,dummy-v1,2025-11-26T18:00+07:00,2025-11-27T00:00+07:00,dummy-v1
RS-01896,2025-10-02,JKS-021,Tebet,Tebet Timur,CURANMOR,18:00-23:59,60,Moderate,54,57,60,71,69,dummy-v1,2025-10-02T18:00+07:00,2025-10-03T00:00+07:00,dummy-v1
RS-01897,2025-10-30,JKS-006,Kebayoran Lama,Pondok Pinang,CURAT,06:00-12:00,91,Critical,86,100,100,78,85,dummy-v1,2025-10-30T06:00+07:00,2025-10-30T12:00+07:00,dummy-v1
RS-01898,2025-10-08,JKS-002,Kebayoran Baru,Gunung,CURAT,18:00-23:59,50,Moderate,45,55,44,60,50,dummy-v1,2025-10-08T18:00+07:00,2025-10-09T00:00+07:00,dummy-v1
RS-01899,2025-11-06,JKS-002,Kebayoran Baru,Gunung,CURANMOR,00:00-06:00,56,Moderate,58,67,45,59,41,dummy-v1,2025-11-06T00:00+07:00,2025-11-06T06:00+07:00,dummy-v1
RS-01900,2025-12-27,JKS-014,Pasar Minggu,Pejaten Timur,CURAS,18:00-23:59,67,Moderate,69,78,56,55,75,dummy-v1,2025-12-27T18:00+07:00,2025-12-28T00:00+07:00,dummy-v1
RS-01901,2025-11-06,JKS-015,Pasar Minggu,Ragunan,CURANMOR,18:00-23:59,57,Moderate,50,72,46,64,53,dummy-v1,2025-11-06T18:00+07:00,2025-11-07T00:00+07:00,dummy-v1
RS-01902,2025-10-20,JKS-016,Pasar Minggu,Jati Padang,CURANMOR,18:00-23:59,66,Moderate,61,76,67,64,56,dummy-v1,2025-10-20T18:00+07:00,2025-10-21T00:00+07:00,dummy-v1
RS-01903,2025-10-16,JKS-019,Pancoran,Kalibata,CURAT,00:00-06:00,46,Moderate,40,52,42,49,51,dummy-v1,2025-10-16T00:00+07:00,2025-10-16T06:00+07:00,dummy-v1
RS-01904,2025-11-09,JKS-028,Setiabudi,Kuningan Timur,CURANMOR,06:00-12:00,60,Moderate,67,64,53,48,61,dummy-v1,2025-11-09T06:00+07:00,2025-11-09T12:00+07:00,dummy-v1
RS-01905,2025-12-08,JKS-007,Kebayoran Lama,Kebayoran Lama Utara,CURAT,12:00-18:00,74,High,65,82,68,81,81,dummy-v1,2025-12-08T12:00+07:00,2025-12-08T18:00+07:00,dummy-v1
RS-01906,2025-11-20,JKS-029,Setiabudi,Menteng Atas,CURAS,18:00-23:59,73,High,55,87,76,85,69,dummy-v1,2025-11-20T18:00+07:00,2025-11-21T00:00+07:00,dummy-v1
RS-01907,2025-12-11,JKS-027,Setiabudi,Karet Kuningan,CURANMOR,18:00-23:59,70,High,74,75,62,61,74,dummy-v1,2025-12-11T18:00+07:00,2025-12-12T00:00+07:00,dummy-v1
RS-01908,2025-12-28,JKS-033,Jagakarsa,Srengseng Sawah,CURAT,18:00-23:59,78,High,65,93,63,91,91,dummy-v1,2025-12-28T18:00+07:00,2025-12-29T00:00+07:00,dummy-v1
RS-01909,2025-12-24,JKS-019,Pancoran,Kalibata,CURANMOR,12:00-18:00,69,Moderate,81,61,66,55,81,dummy-v1,2025-12-24T12:00+07:00,2025-12-24T18:00+07:00,dummy-v1
RS-01910,2025-10-24,JKS-024,Mampang Prapatan,Mampang Prapatan,CURAT,00:00-06:00,90,Critical,100,84,78,87,100,dummy-v1,2025-10-24T00:00+07:00,2025-10-24T06:00+07:00,dummy-v1
RS-01911,2025-11-24,JKS-023,Tebet,Manggarai,CURAT,12:00-18:00,49,Moderate,65,46,44,34,42,dummy-v1,2025-11-24T12:00+07:00,2025-11-24T18:00+07:00,dummy-v1
RS-01912,2025-10-15,JKS-012,Cilandak,Cilandak Barat,CURANMOR,12:00-18:00,92,Critical,97,98,86,82,88,dummy-v1,2025-10-15T12:00+07:00,2025-10-15T18:00+07:00,dummy-v1
RS-01913,2025-12-25,JKS-004,Kebayoran Baru,Cipete Utara,CURAS,18:00-23:59,93,Critical,90,100,95,80,100,dummy-v1,2025-12-25T18:00+07:00,2025-12-26T00:00+07:00,dummy-v1
RS-01914,2025-10-19,JKS-030,Jagakarsa,Jagakarsa,CURANMOR,12:00-18:00,67,Moderate,59,75,82,60,53,dummy-v1,2025-10-19T12:00+07:00,2025-10-19T18:00+07:00,dummy-v1
RS-01915,2025-10-11,JKS-011,Cilandak,Lebak Bulus,CURAT,12:00-18:00,53,Moderate,50,41,67,66,44,dummy-v1,2025-10-11T12:00+07:00,2025-10-11T18:00+07:00,dummy-v1
RS-01916,2025-11-16,JKS-011,Cilandak,Lebak Bulus,CURANMOR,12:00-18:00,76,High,84,71,77,77,62,dummy-v1,2025-11-16T12:00+07:00,2025-11-16T18:00+07:00,dummy-v1
RS-01917,2025-11-01,JKS-019,Pancoran,Kalibata,CURANMOR,18:00-23:59,47,Moderate,43,47,60,39,44,dummy-v1,2025-11-01T18:00+07:00,2025-11-02T00:00+07:00,dummy-v1
RS-01918,2025-12-07,JKS-018,Pancoran,Duren Tiga,CURANMOR,18:00-23:59,88,Critical,100,81,80,76,100,dummy-v1,2025-12-07T18:00+07:00,2025-12-08T00:00+07:00,dummy-v1
RS-01919,2025-10-26,JKS-024,Mampang Prapatan,Mampang Prapatan,CURANMOR,12:00-18:00,58,Moderate,54,65,54,63,54,dummy-v1,2025-10-26T12:00+07:00,2025-10-26T18:00+07:00,dummy-v1
RS-01920,2025-10-07,JKS-025,Mampang Prapatan,Bangka,CURANMOR,12:00-18:00,48,Moderate,49,40,62,48,38,dummy-v1,2025-10-07T12:00+07:00,2025-10-07T18:00+07:00,dummy-v1
RS-01921,2025-11-11,JKS-020,Tebet,Tebet Barat,CURAS,18:00-23:59,46,Moderate,33,53,55,43,55,dummy-v1,2025-11-11T18:00+07:00,2025-11-12T00:00+07:00,dummy-v1
RS-01922,2025-12-17,JKS-019,Pancoran,Kalibata,CURANMOR,18:00-23:59,76,High,64,78,88,71,90,dummy-v1,2025-12-17T18:00+07:00,2025-12-18T00:00+07:00,dummy-v1
RS-01923,2025-10-07,JKS-011,Cilandak,Lebak Bulus,CURANMOR,06:00-12:00,69,Moderate,49,82,77,75,73,dummy-v1,2025-10-07T06:00+07:00,2025-10-07T12:00+07:00,dummy-v1
RS-01924,2025-12-06,JKS-002,Kebayoran Baru,Gunung,CURANMOR,18:00-23:59,58,Moderate,70,56,47,62,43,dummy-v1,2025-12-06T18:00+07:00,2025-12-07T00:00+07:00,dummy-v1
RS-01925,2025-12-09,JKS-023,Tebet,Manggarai,CURAS,18:00-23:59,93,Critical,81,100,100,100,86,dummy-v1,2025-12-09T18:00+07:00,2025-12-10T00:00+07:00,dummy-v1
RS-01926,2025-10-28,JKS-026,Mampang Prapatan,Tegal Parang,CURANMOR,18:00-23:59,77,High,80,66,71,89,89,dummy-v1,2025-10-28T18:00+07:00,2025-10-29T00:00+07:00,dummy-v1
RS-01927,2025-11-07,JKS-005,Kebayoran Baru,Pulo,CURANMOR,18:00-23:59,88,Critical,82,89,95,92,84,dummy-v1,2025-11-07T18:00+07:00,2025-11-08T00:00+07:00,dummy-v1
RS-01928,2025-11-17,JKS-022,Tebet,Menteng Dalam,CURANMOR,18:00-23:59,76,High,70,88,68,89,61,dummy-v1,2025-11-17T18:00+07:00,2025-11-18T00:00+07:00,dummy-v1
RS-01929,2025-12-08,JKS-007,Kebayoran Lama,Kebayoran Lama Utara,CURAT,18:00-23:59,74,High,89,67,68,70,63,dummy-v1,2025-12-08T18:00+07:00,2025-12-09T00:00+07:00,dummy-v1
RS-01930,2025-12-27,JKS-026,Mampang Prapatan,Tegal Parang,CURANMOR,18:00-23:59,78,High,75,77,82,84,71,dummy-v1,2025-12-27T18:00+07:00,2025-12-28T00:00+07:00,dummy-v1
RS-01931,2025-12-07,JKS-004,Kebayoran Baru,Cipete Utara,CURANMOR,18:00-23:59,62,Moderate,70,67,53,47,66,dummy-v1,2025-12-07T18:00+07:00,2025-12-08T00:00+07:00,dummy-v1
RS-01932,2025-10-17,JKS-019,Pancoran,Kalibata,CURAS,18:00-23:59,64,Moderate,67,62,67,51,74,dummy-v1,2025-10-17T18:00+07:00,2025-10-18T00:00+07:00,dummy-v1
RS-01933,2025-12-28,JKS-009,Cilandak,Cipete Selatan,CURANMOR,06:00-12:00,68,Moderate,57,72,74,74,70,dummy-v1,2025-12-28T06:00+07:00,2025-12-28T12:00+07:00,dummy-v1
RS-01934,2025-10-24,JKS-033,Jagakarsa,Srengseng Sawah,CURAS,18:00-23:59,82,High,76,82,80,89,93,dummy-v1,2025-10-24T18:00+07:00,2025-10-25T00:00+07:00,dummy-v1
RS-01935,2025-10-24,JKS-029,Setiabudi,Menteng Atas,CURAS,12:00-18:00,56,Moderate,49,55,66,58,55,dummy-v1,2025-10-24T12:00+07:00,2025-10-24T18:00+07:00,dummy-v1
RS-01936,2025-10-17,JKS-014,Pasar Minggu,Pejaten Timur,CURAS,18:00-23:59,79,High,72,87,77,73,93,dummy-v1,2025-10-17T18:00+07:00,2025-10-18T00:00+07:00,dummy-v1
RS-01937,2025-10-01,JKS-007,Kebayoran Lama,Kebayoran Lama Utara,CURANMOR,00:00-06:00,58,Moderate,55,54,62,71,49,dummy-v1,2025-10-01T00:00+07:00,2025-10-01T06:00+07:00,dummy-v1
RS-01938,2025-12-22,JKS-003,Kebayoran Baru,Kramat Pela,CURAS,18:00-23:59,68,Moderate,59,74,70,68,76,dummy-v1,2025-12-22T18:00+07:00,2025-12-23T00:00+07:00,dummy-v1
RS-01939,2025-12-21,JKS-008,Kebayoran Lama,Grogol Utara,CURANMOR,12:00-18:00,66,Moderate,78,55,65,57,73,dummy-v1,2025-12-21T12:00+07:00,2025-12-21T18:00+07:00,dummy-v1
RS-01940,2025-12-29,JKS-012,Cilandak,Cilandak Barat,CURAT,18:00-23:59,72,High,69,73,69,72,83,dummy-v1,2025-12-29T18:00+07:00,2025-12-30T00:00+07:00,dummy-v1
RS-01941,2025-11-04,JKS-015,Pasar Minggu,Ragunan,CURANMOR,00:00-06:00,53,Moderate,47,59,58,46,56,dummy-v1,2025-11-04T00:00+07:00,2025-11-04T06:00+07:00,dummy-v1
RS-01942,2025-11-07,JKS-020,Tebet,Tebet Barat,CURANMOR,18:00-23:59,64,Moderate,76,68,57,50,53,dummy-v1,2025-11-07T18:00+07:00,2025-11-08T00:00+07:00,dummy-v1
RS-01943,2025-12-12,JKS-020,Tebet,Tebet Barat,CURANMOR,00:00-06:00,79,High,80,86,66,88,71,dummy-v1,2025-12-12T00:00+07:00,2025-12-12T06:00+07:00,dummy-v1
RS-01944,2025-12-10,JKS-019,Pancoran,Kalibata,CURAS,06:00-12:00,69,Moderate,70,75,67,54,77,dummy-v1,2025-12-10T06:00+07:00,2025-12-10T12:00+07:00,dummy-v1
RS-01945,2025-10-19,JKS-033,Jagakarsa,Srengseng Sawah,CURAT,18:00-23:59,89,Critical,93,100,77,83,81,dummy-v1,2025-10-19T18:00+07:00,2025-10-20T00:00+07:00,dummy-v1
RS-01946,2025-10-23,JKS-005,Kebayoran Baru,Pulo,CURANMOR,18:00-23:59,58,Moderate,57,45,72,53,73,dummy-v1,2025-10-23T18:00+07:00,2025-10-24T00:00+07:00,dummy-v1
RS-01947,2025-12-28,JKS-030,Jagakarsa,Jagakarsa,CURAS,18:00-23:59,76,High,59,89,83,86,64,dummy-v1,2025-12-28T18:00+07:00,2025-12-29T00:00+07:00,dummy-v1
RS-01948,2025-11-26,JKS-012,Cilandak,Cilandak Barat,CURANMOR,18:00-23:59,65,Moderate,82,59,54,66,50,dummy-v1,2025-11-26T18:00+07:00,2025-11-27T00:00+07:00,dummy-v1
RS-01949,2025-11-16,JKS-001,Kebayoran Baru,Senayan,CURAT,18:00-23:59,54,Moderate,49,55,54,57,61,dummy-v1,2025-11-16T18:00+07:00,2025-11-17T00:00+07:00,dummy-v1
RS-01950,2025-10-18,JKS-033,Jagakarsa,Srengseng Sawah,CURANMOR,18:00-23:59,83,High,73,94,80,91,80,dummy-v1,2025-10-18T18:00+07:00,2025-10-19T00:00+07:00,dummy-v1
RS-01951,2025-11-18,JKS-018,Pancoran,Duren Tiga,CURAS,00:00-06:00,94,Critical,94,98,86,100,91,dummy-v1,2025-11-18T00:00+07:00,2025-11-18T06:00+07:00,dummy-v1
RS-01952,2025-12-19,JKS-015,Pasar Minggu,Ragunan,CURAT,00:00-06:00,78,High,63,82,86,88,82,dummy-v1,2025-12-19T00:00+07:00,2025-12-19T06:00+07:00,dummy-v1
RS-01953,2025-10-09,JKS-003,Kebayoran Baru,Kramat Pela,CURANMOR,06:00-12:00,62,Moderate,45,69,70,71,67,dummy-v1,2025-10-09T06:00+07:00,2025-10-09T12:00+07:00,dummy-v1
RS-01954,2025-11-04,JKS-031,Jagakarsa,Ciganjur,CURANMOR,12:00-18:00,92,Critical,100,86,84,91,96,dummy-v1,2025-11-04T12:00+07:00,2025-11-04T18:00+07:00,dummy-v1
RS-01955,2025-12-10,JKS-020,Tebet,Tebet Barat,CURAS,18:00-23:59,70,High,84,56,59,77,75,dummy-v1,2025-12-10T18:00+07:00,2025-12-11T00:00+07:00,dummy-v1
RS-01956,2025-12-16,JKS-028,Setiabudi,Kuningan Timur,CURANMOR,18:00-23:59,95,Critical,90,100,100,97,85,dummy-v1,2025-12-16T18:00+07:00,2025-12-17T00:00+07:00,dummy-v1
RS-01957,2025-10-16,JKS-022,Tebet,Menteng Dalam,CURAT,00:00-06:00,79,High,73,79,93,73,79,dummy-v1,2025-10-16T00:00+07:00,2025-10-16T06:00+07:00,dummy-v1
RS-01958,2025-10-27,JKS-021,Tebet,Tebet Timur,CURAT,06:00-12:00,69,Moderate,93,56,54,72,55,dummy-v1,2025-10-27T06:00+07:00,2025-10-27T12:00+07:00,dummy-v1
RS-01959,2025-12-24,JKS-014,Pasar Minggu,Pejaten Timur,CURANMOR,12:00-18:00,73,High,78,62,82,79,59,dummy-v1,2025-12-24T12:00+07:00,2025-12-24T18:00+07:00,dummy-v1
RS-01960,2025-11-20,JKS-014,Pasar Minggu,Pejaten Timur,CURAS,18:00-23:59,68,Moderate,55,75,66,80,76,dummy-v1,2025-11-20T18:00+07:00,2025-11-21T00:00+07:00,dummy-v1
RS-01961,2025-12-30,JKS-001,Kebayoran Baru,Senayan,CURANMOR,18:00-23:59,54,Moderate,68,40,45,65,49,dummy-v1,2025-12-30T18:00+07:00,2025-12-31T00:00+07:00,dummy-v1
RS-01962,2025-11-12,JKS-012,Cilandak,Cilandak Barat,CURANMOR,00:00-06:00,70,High,71,81,64,62,64,dummy-v1,2025-11-12T00:00+07:00,2025-11-12T06:00+07:00,dummy-v1
RS-01963,2025-11-08,JKS-008,Kebayoran Lama,Grogol Utara,CURANMOR,18:00-23:59,94,Critical,97,83,100,100,93,dummy-v1,2025-11-08T18:00+07:00,2025-11-09T00:00+07:00,dummy-v1
RS-01964,2025-11-28,JKS-025,Mampang Prapatan,Bangka,CURAT,18:00-23:59,63,Moderate,63,63,65,63,58,dummy-v1,2025-11-28T18:00+07:00,2025-11-29T00:00+07:00,dummy-v1
RS-01965,2025-11-02,JKS-032,Jagakarsa,Lenteng Agung,CURAS,18:00-23:59,49,Moderate,37,50,61,58,46,dummy-v1,2025-11-02T18:00+07:00,2025-11-03T00:00+07:00,dummy-v1
RS-01966,2025-11-16,JKS-002,Kebayoran Baru,Gunung,CURAT,18:00-23:59,49,Moderate,38,58,52,46,58,dummy-v1,2025-11-16T18:00+07:00,2025-11-17T00:00+07:00,dummy-v1
RS-01967,2025-11-12,JKS-029,Setiabudi,Menteng Atas,CURAS,12:00-18:00,46,Moderate,54,39,40,53,42,dummy-v1,2025-11-12T12:00+07:00,2025-11-12T18:00+07:00,dummy-v1
RS-01968,2025-10-27,JKS-031,Jagakarsa,Ciganjur,CURANMOR,18:00-23:59,63,Moderate,56,72,74,48,63,dummy-v1,2025-10-27T18:00+07:00,2025-10-28T00:00+07:00,dummy-v1
RS-01969,2025-10-12,JKS-033,Jagakarsa,Srengseng Sawah,CURANMOR,18:00-23:59,61,Moderate,56,54,73,65,62,dummy-v1,2025-10-12T18:00+07:00,2025-10-13T00:00+07:00,dummy-v1
RS-01970,2025-10-25,JKS-019,Pancoran,Kalibata,CURANMOR,18:00-23:59,58,Moderate,69,46,60,45,72,dummy-v1,2025-10-25T18:00+07:00,2025-10-26T00:00+07:00,dummy-v1
RS-01971,2025-10-16,JKS-003,Kebayoran Baru,Kramat Pela,CURAT,18:00-23:59,70,High,62,71,77,69,80,dummy-v1,2025-10-16T18:00+07:00,2025-10-17T00:00+07:00,dummy-v1
RS-01972,2025-11-07,JKS-015,Pasar Minggu,Ragunan,CURAT,18:00-23:59,62,Moderate,53,70,72,63,47,dummy-v1,2025-11-07T18:00+07:00,2025-11-08T00:00+07:00,dummy-v1
RS-01973,2025-11-22,JKS-018,Pancoran,Duren Tiga,CURAS,18:00-23:59,81,High,91,80,78,66,81,dummy-v1,2025-11-22T18:00+07:00,2025-11-23T00:00+07:00,dummy-v1
RS-01974,2025-11-13,JKS-013,Pasar Minggu,Pejaten Barat,CURANMOR,18:00-23:59,85,Critical,81,75,88,99,94,dummy-v1,2025-11-13T18:00+07:00,2025-11-14T00:00+07:00,dummy-v1
RS-01975,2025-10-18,JKS-010,Cilandak,Gandaria Selatan,CURANMOR,18:00-23:59,84,High,81,81,92,75,97,dummy-v1,2025-10-18T18:00+07:00,2025-10-19T00:00+07:00,dummy-v1
RS-01976,2025-10-05,JKS-017,Pancoran,Pancoran,CURAS,18:00-23:59,61,Moderate,62,60,64,50,72,dummy-v1,2025-10-05T18:00+07:00,2025-10-06T00:00+07:00,dummy-v1
RS-01977,2025-12-02,JKS-008,Kebayoran Lama,Grogol Utara,CURAT,06:00-12:00,47,Moderate,45,59,34,58,33,dummy-v1,2025-12-02T06:00+07:00,2025-12-02T12:00+07:00,dummy-v1
RS-01978,2025-10-30,JKS-024,Mampang Prapatan,Mampang Prapatan,CURANMOR,00:00-06:00,95,Critical,100,95,80,100,100,dummy-v1,2025-10-30T00:00+07:00,2025-10-30T06:00+07:00,dummy-v1
RS-01979,2025-12-11,JKS-026,Mampang Prapatan,Tegal Parang,CURANMOR,12:00-18:00,90,Critical,91,93,86,81,100,dummy-v1,2025-12-11T12:00+07:00,2025-12-11T18:00+07:00,dummy-v1
RS-01980,2025-10-18,JKS-007,Kebayoran Lama,Kebayoran Lama Utara,CURAS,00:00-06:00,48,Moderate,49,44,60,33,53,dummy-v1,2025-10-18T00:00+07:00,2025-10-18T06:00+07:00,dummy-v1
RS-01981,2025-10-31,JKS-015,Pasar Minggu,Ragunan,CURANMOR,18:00-23:59,47,Moderate,61,41,37,38,54,dummy-v1,2025-10-31T18:00+07:00,2025-11-01T00:00+07:00,dummy-v1
RS-01982,2025-11-07,JKS-021,Tebet,Tebet Timur,CURANMOR,18:00-23:59,68,Moderate,87,56,58,65,66,dummy-v1,2025-11-07T18:00+07:00,2025-11-08T00:00+07:00,dummy-v1
RS-01983,2025-12-29,JKS-021,Tebet,Tebet Timur,CURANMOR,18:00-23:59,91,Critical,91,76,100,100,97,dummy-v1,2025-12-29T18:00+07:00,2025-12-30T00:00+07:00,dummy-v1
RS-01984,2025-12-14,JKS-003,Kebayoran Baru,Kramat Pela,CURAS,06:00-12:00,60,Moderate,75,52,49,55,63,dummy-v1,2025-12-14T06:00+07:00,2025-12-14T12:00+07:00,dummy-v1
RS-01985,2025-12-19,JKS-004,Kebayoran Baru,Cipete Utara,CURAS,00:00-06:00,59,Moderate,49,70,68,47,63,dummy-v1,2025-12-19T00:00+07:00,2025-12-19T06:00+07:00,dummy-v1
RS-01986,2025-11-27,JKS-024,Mampang Prapatan,Mampang Prapatan,CURANMOR,18:00-23:59,81,High,61,89,91,96,78,dummy-v1,2025-11-27T18:00+07:00,2025-11-28T00:00+07:00,dummy-v1
RS-01987,2025-10-12,JKS-012,Cilandak,Cilandak Barat,CURANMOR,06:00-12:00,88,Critical,75,100,81,99,94,dummy-v1,2025-10-12T06:00+07:00,2025-10-12T12:00+07:00,dummy-v1
RS-01988,2025-12-24,JKS-027,Setiabudi,Karet Kuningan,CURANMOR,00:00-06:00,67,Moderate,72,59,60,79,67,dummy-v1,2025-12-24T00:00+07:00,2025-12-24T06:00+07:00,dummy-v1
RS-01989,2025-12-06,JKS-028,Setiabudi,Kuningan Timur,CURANMOR,18:00-23:59,80,High,81,85,74,69,93,dummy-v1,2025-12-06T18:00+07:00,2025-12-07T00:00+07:00,dummy-v1
RS-01990,2025-11-01,JKS-023,Tebet,Manggarai,CURANMOR,00:00-06:00,49,Moderate,44,54,54,47,45,dummy-v1,2025-11-01T00:00+07:00,2025-11-01T06:00+07:00,dummy-v1
RS-01991,2025-10-28,JKS-029,Setiabudi,Menteng Atas,CURANMOR,12:00-18:00,68,Moderate,60,76,56,78,80,dummy-v1,2025-10-28T12:00+07:00,2025-10-28T18:00+07:00,dummy-v1
RS-01992,2025-12-21,JKS-013,Pasar Minggu,Pejaten Barat,CURANMOR,18:00-23:59,91,Critical,100,87,79,88,98,dummy-v1,2025-12-21T18:00+07:00,2025-12-22T00:00+07:00,dummy-v1
RS-01993,2025-10-06,JKS-031,Jagakarsa,Ciganjur,CURANMOR,18:00-23:59,65,Moderate,63,52,71,75,77,dummy-v1,2025-10-06T18:00+07:00,2025-10-07T00:00+07:00,dummy-v1
RS-01994,2025-11-17,JKS-024,Mampang Prapatan,Mampang Prapatan,CURANMOR,12:00-18:00,52,Moderate,50,67,43,39,57,dummy-v1,2025-11-17T12:00+07:00,2025-11-17T18:00+07:00,dummy-v1
RS-01995,2025-12-02,JKS-007,Kebayoran Lama,Kebayoran Lama Utara,CURAT,18:00-23:59,59,Moderate,50,70,55,64,58,dummy-v1,2025-12-02T18:00+07:00,2025-12-03T00:00+07:00,dummy-v1
RS-01996,2025-12-28,JKS-011,Cilandak,Lebak Bulus,CURANMOR,06:00-12:00,94,Critical,95,92,88,100,100,dummy-v1,2025-12-28T06:00+07:00,2025-12-28T12:00+07:00,dummy-v1
RS-01997,2025-12-23,JKS-031,Jagakarsa,Ciganjur,CURANMOR,06:00-12:00,56,Moderate,82,41,45,49,49,dummy-v1,2025-12-23T06:00+07:00,2025-12-23T12:00+07:00,dummy-v1
RS-01998,2025-11-19,JKS-021,Tebet,Tebet Timur,CURANMOR,18:00-23:59,62,Moderate,66,50,70,54,76,dummy-v1,2025-11-19T18:00+07:00,2025-11-20T00:00+07:00,dummy-v1
RS-01999,2025-11-11,JKS-002,Kebayoran Baru,Gunung,CURANMOR,18:00-23:59,46,Moderate,46,43,48,50,44,dummy-v1,2025-11-11T18:00+07:00,2025-11-12T00:00+07:00,dummy-v1
RS-02000,2025-12-29,JKS-004,Kebayoran Baru,Cipete Utara,CURAS,18:00-23:59,88,Critical,99,86,86,81,73,dummy-v1,2025-12-29T18:00+07:00,2025-12-30T00:00+07:00,dummy-v1
RS-02001,2025-11-09,JKS-001,Kebayoran Baru,Senayan,CURANMOR,06:00-12:00,69,Moderate,83,65,61,54,76,dummy-v1,2025-11-09T06:00+07:00,2025-11-09T12:00+07:00,dummy-v1
RS-02002,2025-11-20,JKS-031,Jagakarsa,Ciganjur,CURANMOR,18:00-23:59,74,High,64,68,82,85,87,dummy-v1,2025-11-20T18:00+07:00,2025-11-21T00:00+07:00,dummy-v1
RS-02003,2025-12-20,JKS-020,Tebet,Tebet Barat,CURAT,00:00-06:00,61,Moderate,65,57,49,69,70,dummy-v1,2025-12-20T00:00+07:00,2025-12-20T06:00+07:00,dummy-v1
RS-02004,2025-12-09,JKS-015,Pasar Minggu,Ragunan,CURANMOR,18:00-23:59,63,Moderate,81,59,48,58,57,dummy-v1,2025-12-09T18:00+07:00,2025-12-10T00:00+07:00,dummy-v1
RS-02005,2025-10-17,JKS-003,Kebayoran Baru,Kramat Pela,CURAS,12:00-18:00,84,High,81,81,84,88,94,dummy-v1,2025-10-17T12:00+07:00,2025-10-17T18:00+07:00,dummy-v1
RS-02006,2025-12-04,JKS-020,Tebet,Tebet Barat,CURANMOR,18:00-23:59,72,High,80,68,74,61,70,dummy-v1,2025-12-04T18:00+07:00,2025-12-05T00:00+07:00,dummy-v1
RS-02007,2025-11-18,JKS-030,Jagakarsa,Jagakarsa,CURANMOR,00:00-06:00,68,Moderate,63,65,81,64,72,dummy-v1,2025-11-18T00:00+07:00,2025-11-18T06:00+07:00,dummy-v1
RS-02008,2025-12-03,JKS-011,Cilandak,Lebak Bulus,CURANMOR,18:00-23:59,84,High,97,70,88,83,73,dummy-v1,2025-12-03T18:00+07:00,2025-12-04T00:00+07:00,dummy-v1
RS-02009,2025-10-26,JKS-028,Setiabudi,Kuningan Timur,CURANMOR,18:00-23:59,90,Critical,100,85,75,100,89,dummy-v1,2025-10-26T18:00+07:00,2025-10-27T00:00+07:00,dummy-v1
RS-02010,2025-10-17,JKS-030,Jagakarsa,Jagakarsa,CURAT,18:00-23:59,94,Critical,100,100,84,82,98,dummy-v1,2025-10-17T18:00+07:00,2025-10-18T00:00+07:00,dummy-v1
RS-02011,2025-12-23,JKS-009,Cilandak,Cipete Selatan,CURANMOR,18:00-23:59,56,Moderate,45,63,51,65,68,dummy-v1,2025-12-23T18:00+07:00,2025-12-24T00:00+07:00,dummy-v1
RS-02012,2025-11-04,JKS-018,Pancoran,Duren Tiga,CURAS,12:00-18:00,68,Moderate,89,59,54,59,70,dummy-v1,2025-11-04T12:00+07:00,2025-11-04T18:00+07:00,dummy-v1
RS-02013,2025-12-05,JKS-026,Mampang Prapatan,Tegal Parang,CURAT,18:00-23:59,73,High,98,59,59,73,60,dummy-v1,2025-12-05T18:00+07:00,2025-12-06T00:00+07:00,dummy-v1
RS-02014,2025-10-09,JKS-004,Kebayoran Baru,Cipete Utara,CURANMOR,18:00-23:59,80,High,72,85,94,79,65,dummy-v1,2025-10-09T18:00+07:00,2025-10-10T00:00+07:00,dummy-v1
RS-02015,2025-11-15,JKS-002,Kebayoran Baru,Gunung,CURAS,18:00-23:59,76,High,72,61,86,91,84,dummy-v1,2025-11-15T18:00+07:00,2025-11-16T00:00+07:00,dummy-v1
RS-02016,2025-12-23,JKS-001,Kebayoran Baru,Senayan,CURAS,00:00-06:00,57,Moderate,75,47,47,47,63,dummy-v1,2025-12-23T00:00+07:00,2025-12-23T06:00+07:00,dummy-v1
RS-02017,2025-10-16,JKS-032,Jagakarsa,Lenteng Agung,CURAS,18:00-23:59,55,Moderate,59,45,62,60,46,dummy-v1,2025-10-16T18:00+07:00,2025-10-17T00:00+07:00,dummy-v1
RS-02018,2025-11-17,JKS-024,Mampang Prapatan,Mampang Prapatan,CURANMOR,18:00-23:59,89,Critical,99,92,83,81,74,dummy-v1,2025-11-17T18:00+07:00,2025-11-18T00:00+07:00,dummy-v1
RS-02019,2025-10-30,JKS-032,Jagakarsa,Lenteng Agung,CURANMOR,00:00-06:00,50,Moderate,59,48,36,50,56,dummy-v1,2025-10-30T00:00+07:00,2025-10-30T06:00+07:00,dummy-v1
RS-02020,2025-10-25,JKS-037,Pesanggrahan,Bintaro,CURAT,06:00-12:00,53,Moderate,65,54,47,39,48,dummy-v1,2025-10-25T06:00+07:00,2025-10-25T12:00+07:00,dummy-v1
RS-02021,2025-12-28,JKS-035,Pesanggrahan,Petukangan Utara,CURAT,00:00-06:00,63,Moderate,76,50,56,75,54,dummy-v1,2025-12-28T00:00+07:00,2025-12-28T06:00+07:00,dummy-v1
RS-02022,2025-12-03,JKS-036,Pesanggrahan,Pesanggrahan,CURANMOR,18:00-23:59,53,Moderate,37,65,54,55,65,dummy-v1,2025-12-03T18:00+07:00,2025-12-04T00:00+07:00,dummy-v1
RS-02023,2025-12-11,JKS-036,Pesanggrahan,Pesanggrahan,CURAT,18:00-23:59,30,Low,42,32,22,16,26,dummy-v1,2025-12-11T18:00+07:00,2025-12-12T00:00+07:00,dummy-v1
RS-02024,2025-12-07,JKS-034,Pesanggrahan,Ulujami,CURAT,18:00-23:59,56,Moderate,59,42,61,60,66,dummy-v1,2025-12-07T18:00+07:00,2025-12-08T00:00+07:00,dummy-v1
RS-02025,2025-10-27,JKS-034,Pesanggrahan,Ulujami,CURAT,18:00-23:59,74,High,69,82,68,82,68,dummy-v1,2025-10-27T18:00+07:00,2025-10-28T00:00+07:00,dummy-v1
RS-02026,2025-10-14,JKS-037,Pesanggrahan,Bintaro,CURAS,06:00-12:00,48,Moderate,53,49,54,36,35,dummy-v1,2025-10-14T06:00+07:00,2025-10-14T12:00+07:00,dummy-v1
RS-02027,2025-12-26,JKS-036,Pesanggrahan,Pesanggrahan,CURAT,06:00-12:00,62,Moderate,75,53,64,54,55,dummy-v1,2025-12-26T06:00+07:00,2025-12-26T12:00+07:00,dummy-v1
RS-02028,2025-11-11,JKS-037,Pesanggrahan,Bintaro,CURANMOR,06:00-12:00,64,Moderate,67,57,75,55,65,dummy-v1,2025-11-11T06:00+07:00,2025-11-11T12:00+07:00,dummy-v1
RS-02029,2025-10-28,JKS-034,Pesanggrahan,Ulujami,CURANMOR,18:00-23:59,39,Low,38,51,27,46,27,dummy-v1,2025-10-28T18:00+07:00,2025-10-29T00:00+07:00,dummy-v1
RS-02030,2025-11-04,JKS-034,Pesanggrahan,Ulujami,CURAS,00:00-06:00,53,Moderate,37,59,60,64,54,dummy-v1,2025-11-04T00:00+07:00,2025-11-04T06:00+07:00,dummy-v1
RS-02031,2025-11-11,JKS-037,Pesanggrahan,Bintaro,CURAS,00:00-06:00,74,High,85,67,62,70,88,dummy-v1,2025-11-11T00:00+07:00,2025-11-11T06:00+07:00,dummy-v1
RS-02032,2025-10-20,JKS-034,Pesanggrahan,Ulujami,CURAT,18:00-23:59,63,Moderate,70,59,59,70,50,dummy-v1,2025-10-20T18:00+07:00,2025-10-21T00:00+07:00,dummy-v1
RS-02033,2025-12-03,JKS-034,Pesanggrahan,Ulujami,CURAS,00:00-06:00,33,Low,30,41,32,27,33,dummy-v1,2025-12-03T00:00+07:00,2025-12-03T06:00+07:00,dummy-v1
RS-02034,2025-11-15,JKS-034,Pesanggrahan,Ulujami,CURAS,12:00-18:00,70,High,60,72,85,61,79,dummy-v1,2025-11-15T12:00+07:00,2025-11-15T18:00+07:00,dummy-v1
RS-02035,2025-11-10,JKS-035,Pesanggrahan,Petukangan Utara,CURAT,06:00-12:00,47,Moderate,44,47,49,49,49,dummy-v1,2025-11-10T06:00+07:00,2025-11-10T12:00+07:00,dummy-v1
RS-02036,2025-10-07,JKS-037,Pesanggrahan,Bintaro,CURANMOR,00:00-06:00,51,Moderate,56,46,59,46,41,dummy-v1,2025-10-07T00:00+07:00,2025-10-07T06:00+07:00,dummy-v1
RS-02037,2025-10-01,JKS-035,Pesanggrahan,Petukangan Utara,CURAS,18:00-23:59,66,Moderate,73,60,74,54,63,dummy-v1,2025-10-01T18:00+07:00,2025-10-02T00:00+07:00,dummy-v1
RS-02038,2025-10-18,JKS-035,Pesanggrahan,Petukangan Utara,CURAS,06:00-12:00,52,Moderate,59,47,44,64,42,dummy-v1,2025-10-18T06:00+07:00,2025-10-18T12:00+07:00,dummy-v1
RS-02039,2025-12-17,JKS-035,Pesanggrahan,Petukangan Utara,CURANMOR,12:00-18:00,29,Low,47,16,20,28,27,dummy-v1,2025-12-17T12:00+07:00,2025-12-17T18:00+07:00,dummy-v1
RS-02040,2025-10-20,JKS-034,Pesanggrahan,Ulujami,CURAT,06:00-12:00,73,High,66,74,70,87,75,dummy-v1,2025-10-20T06:00+07:00,2025-10-20T12:00+07:00,dummy-v1
RS-02041,2025-11-06,JKS-037,Pesanggrahan,Bintaro,CURAT,18:00-23:59,53,Moderate,29,61,67,58,68,dummy-v1,2025-11-06T18:00+07:00,2025-11-07T00:00+07:00,dummy-v1
RS-02042,2025-11-22,JKS-035,Pesanggrahan,Petukangan Utara,CURANMOR,18:00-23:59,72,High,72,73,71,66,80,dummy-v1,2025-11-22T18:00+07:00,2025-11-23T00:00+07:00,dummy-v1
RS-02043,2025-10-19,JKS-034,Pesanggrahan,Ulujami,CURANMOR,18:00-23:59,60,Moderate,49,74,57,66,54,dummy-v1,2025-10-19T18:00+07:00,2025-10-20T00:00+07:00,dummy-v1
RS-02044,2025-10-13,JKS-036,Pesanggrahan,Pesanggrahan,CURAS,06:00-12:00,51,Moderate,39,64,43,59,58,dummy-v1,2025-10-13T06:00+07:00,2025-10-13T12:00+07:00,dummy-v1
RS-02045,2025-11-28,JKS-035,Pesanggrahan,Petukangan Utara,CURANMOR,12:00-18:00,67,Moderate,57,78,63,71,73,dummy-v1,2025-11-28T12:00+07:00,2025-11-28T18:00+07:00,dummy-v1
RS-02046,2025-12-09,JKS-036,Pesanggrahan,Pesanggrahan,CURAS,12:00-18:00,45,Moderate,40,48,46,41,56,dummy-v1,2025-12-09T12:00+07:00,2025-12-09T18:00+07:00,dummy-v1
RS-02047,2025-12-17,JKS-036,Pesanggrahan,Pesanggrahan,CURAS,18:00-23:59,42,Low,41,38,38,47,56,dummy-v1,2025-12-17T18:00+07:00,2025-12-18T00:00+07:00,dummy-v1
RS-02048,2025-11-19,JKS-035,Pesanggrahan,Petukangan Utara,CURAT,00:00-06:00,61,Moderate,86,46,52,48,61,dummy-v1,2025-11-19T00:00+07:00,2025-11-19T06:00+07:00,dummy-v1
RS-02049,2025-10-17,JKS-035,Pesanggrahan,Petukangan Utara,CURAS,06:00-12:00,60,Moderate,75,56,58,46,49,dummy-v1,2025-10-17T06:00+07:00,2025-10-17T12:00+07:00,dummy-v1
RS-02050,2025-12-26,JKS-037,Pesanggrahan,Bintaro,CURAT,06:00-12:00,47,Moderate,43,41,58,44,56,dummy-v1,2025-12-26T06:00+07:00,2025-12-26T12:00+07:00,dummy-v1
RS-02051,2025-10-30,JKS-037,Pesanggrahan,Bintaro,CURAS,00:00-06:00,69,Moderate,66,82,60,64,72,dummy-v1,2025-10-30T00:00+07:00,2025-10-30T06:00+07:00,dummy-v1
RS-02052,2025-10-19,JKS-035,Pesanggrahan,Petukangan Utara,CURAT,06:00-12:00,42,Low,61,30,39,30,40,dummy-v1,2025-10-19T06:00+07:00,2025-10-19T12:00+07:00,dummy-v1
RS-02053,2025-11-03,JKS-034,Pesanggrahan,Ulujami,CURAT,06:00-12:00,34,Low,47,21,25,37,42,dummy-v1,2025-11-03T06:00+07:00,2025-11-03T12:00+07:00,dummy-v1
RS-02054,2025-10-14,JKS-037,Pesanggrahan,Bintaro,CURAT,06:00-12:00,34,Low,41,35,33,30,20,dummy-v1,2025-10-14T06:00+07:00,2025-10-14T12:00+07:00,dummy-v1
RS-02055,2025-12-10,JKS-035,Pesanggrahan,Petukangan Utara,CURAT,00:00-06:00,73,High,94,72,58,61,62,dummy-v1,2025-12-10T00:00+07:00,2025-12-10T06:00+07:00,dummy-v1
RS-02056,2025-10-29,JKS-035,Pesanggrahan,Petukangan Utara,CURAT,12:00-18:00,25,Low,6,34,31,32,37,dummy-v1,2025-10-29T12:00+07:00,2025-10-29T18:00+07:00,dummy-v1
RS-02057,2025-10-28,JKS-037,Pesanggrahan,Bintaro,CURANMOR,06:00-12:00,53,Moderate,34,59,63,68,53,dummy-v1,2025-10-28T06:00+07:00,2025-10-28T12:00+07:00,dummy-v1
RS-02058,2025-11-26,JKS-035,Pesanggrahan,Petukangan Utara,CURAT,18:00-23:59,28,Low,28,23,32,40,15,dummy-v1,2025-11-26T18:00+07:00,2025-11-27T00:00+07:00,dummy-v1
RS-02059,2025-12-10,JKS-037,Pesanggrahan,Bintaro,CURAT,18:00-23:59,88,Critical,99,79,93,81,78,dummy-v1,2025-12-10T18:00+07:00,2025-12-11T00:00+07:00,dummy-v1
RS-02060,2025-11-08,JKS-035,Pesanggrahan,Petukangan Utara,CURAT,12:00-18:00,31,Low,28,32,39,34,17,dummy-v1,2025-11-08T12:00+07:00,2025-11-08T18:00+07:00,dummy-v1
RS-02061,2025-11-01,JKS-036,Pesanggrahan,Pesanggrahan,CURAS,00:00-06:00,50,Moderate,54,39,42,62,63,dummy-v1,2025-11-01T00:00+07:00,2025-11-01T06:00+07:00,dummy-v1
RS-02062,2025-10-18,JKS-035,Pesanggrahan,Petukangan Utara,CURANMOR,12:00-18:00,32,Low,47,17,18,46,33,dummy-v1,2025-10-18T12:00+07:00,2025-10-18T18:00+07:00,dummy-v1
RS-02063,2025-10-06,JKS-034,Pesanggrahan,Ulujami,CURAT,18:00-23:59,52,Moderate,57,64,37,49,42,dummy-v1,2025-10-06T18:00+07:00,2025-10-07T00:00+07:00,dummy-v1
RS-02064,2025-11-16,JKS-037,Pesanggrahan,Bintaro,CURAT,12:00-18:00,41,Low,33,55,39,36,42,dummy-v1,2025-11-16T12:00+07:00,2025-11-16T18:00+07:00,dummy-v1
RS-02065,2025-10-23,JKS-035,Pesanggrahan,Petukangan Utara,CURAS,12:00-18:00,61,Moderate,69,56,69,53,47,dummy-v1,2025-10-23T12:00+07:00,2025-10-23T18:00+07:00,dummy-v1
RS-02066,2025-12-31,JKS-037,Pesanggrahan,Bintaro,CURANMOR,18:00-23:59,60,Moderate,63,57,48,68,71,dummy-v1,2025-12-31T18:00+07:00,2026-01-01T00:00+07:00,dummy-v1
RS-02067,2025-10-09,JKS-036,Pesanggrahan,Pesanggrahan,CURAT,12:00-18:00,72,High,70,74,76,59,85,dummy-v1,2025-10-09T12:00+07:00,2025-10-09T18:00+07:00,dummy-v1
RS-02068,2025-12-17,JKS-034,Pesanggrahan,Ulujami,CURAS,00:00-06:00,79,High,82,66,88,91,67,dummy-v1,2025-12-17T00:00+07:00,2025-12-17T06:00+07:00,dummy-v1
RS-02069,2025-10-20,JKS-036,Pesanggrahan,Pesanggrahan,CURAS,00:00-06:00,35,Low,34,41,31,39,24,dummy-v1,2025-10-20T00:00+07:00,2025-10-20T06:00+07:00,dummy-v1
RS-02070,2025-12-17,JKS-037,Pesanggrahan,Bintaro,CURAS,12:00-18:00,44,Low,52,42,39,48,30,dummy-v1,2025-12-17T12:00+07:00,2025-12-17T18:00+07:00,dummy-v1
RS-02071,2025-12-28,JKS-036,Pesanggrahan,Pesanggrahan,CURAT,12:00-18:00,49,Moderate,34,63,43,55,61,dummy-v1,2025-12-28T12:00+07:00,2025-12-28T18:00+07:00,dummy-v1
RS-02072,2025-12-01,JKS-035,Pesanggrahan,Petukangan Utara,CURANMOR,06:00-12:00,48,Moderate,57,41,55,39,39,dummy-v1,2025-12-01T06:00+07:00,2025-12-01T12:00+07:00,dummy-v1
RS-02073,2025-12-20,JKS-035,Pesanggrahan,Petukangan Utara,CURAT,12:00-18:00,30,Low,41,20,27,36,18,dummy-v1,2025-12-20T12:00+07:00,2025-12-20T18:00+07:00,dummy-v1
RS-02074,2025-11-03,JKS-034,Pesanggrahan,Ulujami,CURAS,00:00-06:00,65,Moderate,73,55,68,51,80,dummy-v1,2025-11-03T00:00+07:00,2025-11-03T06:00+07:00,dummy-v1
RS-02075,2025-11-25,JKS-034,Pesanggrahan,Ulujami,CURANMOR,12:00-18:00,72,High,85,71,64,66,59,dummy-v1,2025-11-25T12:00+07:00,2025-11-25T18:00+07:00,dummy-v1
RS-02076,2025-11-06,JKS-036,Pesanggrahan,Pesanggrahan,CURAS,12:00-18:00,69,Moderate,68,73,70,65,66,dummy-v1,2025-11-06T12:00+07:00,2025-11-06T18:00+07:00,dummy-v1
RS-02077,2025-11-26,JKS-034,Pesanggrahan,Ulujami,CURAS,00:00-06:00,26,Low,25,34,30,14,20,dummy-v1,2025-11-26T00:00+07:00,2025-11-26T06:00+07:00,dummy-v1
RS-02078,2025-10-22,JKS-037,Pesanggrahan,Bintaro,CURAS,18:00-23:59,50,Moderate,58,47,41,59,37,dummy-v1,2025-10-22T18:00+07:00,2025-10-23T00:00+07:00,dummy-v1
RS-02079,2025-11-26,JKS-034,Pesanggrahan,Ulujami,CURANMOR,06:00-12:00,42,Low,33,52,39,41,53,dummy-v1,2025-11-26T06:00+07:00,2025-11-26T12:00+07:00,dummy-v1
RS-02080,2025-11-13,JKS-035,Pesanggrahan,Petukangan Utara,CURANMOR,06:00-12:00,66,Moderate,73,60,59,61,81,dummy-v1,2025-11-13T06:00+07:00,2025-11-13T12:00+07:00,dummy-v1
RS-02081,2025-10-22,JKS-034,Pesanggrahan,Ulujami,CURAT,06:00-12:00,71,High,96,63,59,60,58,dummy-v1,2025-10-22T06:00+07:00,2025-10-22T12:00+07:00,dummy-v1
RS-02082,2025-10-07,JKS-036,Pesanggrahan,Pesanggrahan,CURAS,12:00-18:00,42,Low,34,45,56,40,33,dummy-v1,2025-10-07T12:00+07:00,2025-10-07T18:00+07:00,dummy-v1
RS-02083,2025-11-18,JKS-037,Pesanggrahan,Bintaro,CURAT,06:00-12:00,63,Moderate,82,54,48,65,56,dummy-v1,2025-11-18T06:00+07:00,2025-11-18T12:00+07:00,dummy-v1
RS-02084,2025-12-16,JKS-036,Pesanggrahan,Pesanggrahan,CURANMOR,18:00-23:59,60,Moderate,85,45,47,47,69,dummy-v1,2025-12-16T18:00+07:00,2025-12-17T00:00+07:00,dummy-v1
RS-02085,2025-11-20,JKS-034,Pesanggrahan,Ulujami,CURAS,18:00-23:59,41,Low,28,51,43,54,32,dummy-v1,2025-11-20T18:00+07:00,2025-11-21T00:00+07:00,dummy-v1
RS-02086,2025-10-11,JKS-037,Pesanggrahan,Bintaro,CURANMOR,00:00-06:00,60,Moderate,75,53,48,54,66,dummy-v1,2025-10-11T00:00+07:00,2025-10-11T06:00+07:00,dummy-v1
RS-02087,2025-11-27,JKS-036,Pesanggrahan,Pesanggrahan,CURAT,12:00-18:00,31,Low,14,41,35,35,44,dummy-v1,2025-11-27T12:00+07:00,2025-11-27T18:00+07:00,dummy-v1
RS-02088,2025-11-21,JKS-034,Pesanggrahan,Ulujami,CURANMOR,00:00-06:00,48,Moderate,53,52,34,57,37,dummy-v1,2025-11-21T00:00+07:00,2025-11-21T06:00+07:00,dummy-v1
RS-02089,2025-11-10,JKS-035,Pesanggrahan,Petukangan Utara,CURANMOR,00:00-06:00,33,Low,26,41,42,25,29,dummy-v1,2025-11-10T00:00+07:00,2025-11-10T06:00+07:00,dummy-v1
RS-02090,2025-12-05,JKS-036,Pesanggrahan,Pesanggrahan,CURANMOR,00:00-06:00,64,Moderate,41,78,74,77,57,dummy-v1,2025-12-05T00:00+07:00,2025-12-05T06:00+07:00,dummy-v1
RS-02091,2025-10-02,JKS-037,Pesanggrahan,Bintaro,CURAT,06:00-12:00,32,Low,25,27,44,32,42,dummy-v1,2025-10-02T06:00+07:00,2025-10-02T12:00+07:00,dummy-v1
RS-02092,2025-10-29,JKS-036,Pesanggrahan,Pesanggrahan,CURAS,18:00-23:59,45,Moderate,52,37,42,39,58,dummy-v1,2025-10-29T18:00+07:00,2025-10-30T00:00+07:00,dummy-v1
RS-02093,2025-11-21,JKS-037,Pesanggrahan,Bintaro,CURAS,12:00-18:00,68,Moderate,81,59,69,53,73,dummy-v1,2025-11-21T12:00+07:00,2025-11-21T18:00+07:00,dummy-v1
RS-02094,2025-12-09,JKS-035,Pesanggrahan,Petukangan Utara,CURAT,18:00-23:59,33,Low,24,32,41,45,30,dummy-v1,2025-12-09T18:00+07:00,2025-12-10T00:00+07:00,dummy-v1
RS-02095,2025-12-07,JKS-037,Pesanggrahan,Bintaro,CURAT,00:00-06:00,51,Moderate,66,36,38,64,49,dummy-v1,2025-12-07T00:00+07:00,2025-12-07T06:00+07:00,dummy-v1
RS-02096,2025-11-19,JKS-034,Pesanggrahan,Ulujami,CURANMOR,06:00-12:00,28,Low,26,32,19,28,43,dummy-v1,2025-11-19T06:00+07:00,2025-11-19T12:00+07:00,dummy-v1
RS-02097,2025-11-29,JKS-035,Pesanggrahan,Petukangan Utara,CURANMOR,06:00-12:00,70,High,67,68,65,77,83,dummy-v1,2025-11-29T06:00+07:00,2025-11-29T12:00+07:00,dummy-v1
RS-02098,2025-10-30,JKS-034,Pesanggrahan,Ulujami,CURAT,00:00-06:00,68,Moderate,85,56,66,61,62,dummy-v1,2025-10-30T00:00+07:00,2025-10-30T06:00+07:00,dummy-v1
RS-02099,2025-12-17,JKS-036,Pesanggrahan,Pesanggrahan,CURAT,00:00-06:00,74,High,55,85,89,70,80,dummy-v1,2025-12-17T00:00+07:00,2025-12-17T06:00+07:00,dummy-v1
RS-02100,2025-11-04,JKS-036,Pesanggrahan,Pesanggrahan,CURAT,06:00-12:00,55,Moderate,63,55,43,51,60,dummy-v1,2025-11-04T06:00+07:00,2025-11-04T12:00+07:00,dummy-v1
RS-02101,2025-12-12,JKS-034,Pesanggrahan,Ulujami,CURAT,00:00-06:00,74,High,75,70,81,64,82,dummy-v1,2025-12-12T00:00+07:00,2025-12-12T06:00+07:00,dummy-v1
RS-02102,2025-11-26,JKS-036,Pesanggrahan,Pesanggrahan,CURAT,00:00-06:00,37,Low,38,48,29,32,31,dummy-v1,2025-11-26T00:00+07:00,2025-11-26T06:00+07:00,dummy-v1
RS-02103,2025-11-09,JKS-036,Pesanggrahan,Pesanggrahan,CURAS,12:00-18:00,73,High,68,84,77,63,68,dummy-v1,2025-11-09T12:00+07:00,2025-11-09T18:00+07:00,dummy-v1
RS-02104,2025-11-11,JKS-037,Pesanggrahan,Bintaro,CURAS,18:00-23:59,60,Moderate,45,68,66,71,57,dummy-v1,2025-11-11T18:00+07:00,2025-11-12T00:00+07:00,dummy-v1
RS-02105,2025-12-16,JKS-034,Pesanggrahan,Ulujami,CURAS,00:00-06:00,36,Low,30,31,49,32,47,dummy-v1,2025-12-16T00:00+07:00,2025-12-16T06:00+07:00,dummy-v1
RS-02106,2025-10-08,JKS-035,Pesanggrahan,Petukangan Utara,CURAS,18:00-23:59,58,Moderate,58,54,67,56,52,dummy-v1,2025-10-08T18:00+07:00,2025-10-09T00:00+07:00,dummy-v1
RS-02107,2025-11-05,JKS-037,Pesanggrahan,Bintaro,CURAS,18:00-23:59,73,High,83,78,69,58,61,dummy-v1,2025-11-05T18:00+07:00,2025-11-06T00:00+07:00,dummy-v1
RS-02108,2025-10-11,JKS-037,Pesanggrahan,Bintaro,CURAS,00:00-06:00,57,Moderate,61,65,43,63,44,dummy-v1,2025-10-11T00:00+07:00,2025-10-11T06:00+07:00,dummy-v1
RS-02109,2025-11-20,JKS-034,Pesanggrahan,Ulujami,CURAS,00:00-06:00,32,Low,47,23,27,22,36,dummy-v1,2025-11-20T00:00+07:00,2025-11-20T06:00+07:00,dummy-v1
RS-02110,2025-12-03,JKS-036,Pesanggrahan,Pesanggrahan,CURAT,06:00-12:00,72,High,85,62,60,69,87,dummy-v1,2025-12-03T06:00+07:00,2025-12-03T12:00+07:00,dummy-v1
RS-02111,2025-11-15,JKS-035,Pesanggrahan,Petukangan Utara,CURAT,00:00-06:00,88,Critical,85,88,100,85,77,dummy-v1,2025-11-15T00:00+07:00,2025-11-15T06:00+07:00,dummy-v1
RS-02112,2025-10-30,JKS-034,Pesanggrahan,Ulujami,CURAS,00:00-06:00,32,Low,24,41,40,17,39,dummy-v1,2025-10-30T00:00+07:00,2025-10-30T06:00+07:00,dummy-v1
RS-02113,2025-10-26,JKS-036,Pesanggrahan,Pesanggrahan,CURANMOR,18:00-23:59,47,Moderate,46,42,49,54,48,dummy-v1,2025-10-26T18:00+07:00,2025-10-27T00:00+07:00,dummy-v1
RS-02114,2025-11-28,JKS-037,Pesanggrahan,Bintaro,CURAS,18:00-23:59,64,Moderate,59,79,65,57,51,dummy-v1,2025-11-28T18:00+07:00,2025-11-29T00:00+07:00,dummy-v1
RS-02115,2025-12-17,JKS-037,Pesanggrahan,Bintaro,CURANMOR,12:00-18:00,29,Low,13,36,39,35,29,dummy-v1,2025-12-17T12:00+07:00,2025-12-17T18:00+07:00,dummy-v1
RS-02116,2025-11-25,JKS-037,Pesanggrahan,Bintaro,CURANMOR,12:00-18:00,64,Moderate,75,52,62,61,68,dummy-v1,2025-11-25T12:00+07:00,2025-11-25T18:00+07:00,dummy-v1
RS-02117,2025-10-22,JKS-035,Pesanggrahan,Petukangan Utara,CURAT,18:00-23:59,66,Moderate,49,77,76,70,64,dummy-v1,2025-10-22T18:00+07:00,2025-10-23T00:00+07:00,dummy-v1
RS-02118,2025-10-29,JKS-035,Pesanggrahan,Petukangan Utara,CURAT,06:00-12:00,31,Low,25,45,19,33,36,dummy-v1,2025-10-29T06:00+07:00,2025-10-29T12:00+07:00,dummy-v1
RS-02119,2025-12-01,JKS-034,Pesanggrahan,Ulujami,CURAT,06:00-12:00,85,Critical,64,96,100,95,75,dummy-v1,2025-12-01T06:00+07:00,2025-12-01T12:00+07:00,dummy-v1
RS-02120,2025-11-02,JKS-035,Pesanggrahan,Petukangan Utara,CURAS,00:00-06:00,67,Moderate,70,77,53,71,56,dummy-v1,2025-11-02T00:00+07:00,2025-11-02T06:00+07:00,dummy-v1
RS-02121,2025-10-18,JKS-034,Pesanggrahan,Ulujami,CURAS,06:00-12:00,50,Moderate,57,41,41,58,59,dummy-v1,2025-10-18T06:00+07:00,2025-10-18T12:00+07:00,dummy-v1
RS-02122,2025-11-15,JKS-036,Pesanggrahan,Pesanggrahan,CURANMOR,00:00-06:00,58,Moderate,48,71,62,43,70,dummy-v1,2025-11-15T00:00+07:00,2025-11-15T06:00+07:00,dummy-v1
RS-02123,2025-11-04,JKS-036,Pesanggrahan,Pesanggrahan,CURAT,18:00-23:59,52,Moderate,50,55,39,66,55,dummy-v1,2025-11-04T18:00+07:00,2025-11-05T00:00+07:00,dummy-v1
RS-02124,2025-10-23,JKS-037,Pesanggrahan,Bintaro,CURANMOR,18:00-23:59,63,Moderate,79,51,59,65,50,dummy-v1,2025-10-23T18:00+07:00,2025-10-24T00:00+07:00,dummy-v1
RS-02125,2025-11-08,JKS-034,Pesanggrahan,Ulujami,CURAT,18:00-23:59,71,High,88,60,57,72,75,dummy-v1,2025-11-08T18:00+07:00,2025-11-09T00:00+07:00,dummy-v1
RS-02126,2025-12-03,JKS-037,Pesanggrahan,Bintaro,CURAT,12:00-18:00,56,Moderate,66,41,70,53,41,dummy-v1,2025-12-03T12:00+07:00,2025-12-03T18:00+07:00,dummy-v1
RS-02127,2025-11-28,JKS-036,Pesanggrahan,Pesanggrahan,CURAS,18:00-23:59,48,Moderate,46,52,37,55,57,dummy-v1,2025-11-28T18:00+07:00,2025-11-29T00:00+07:00,dummy-v1
RS-02128,2025-10-18,JKS-037,Pesanggrahan,Bintaro,CURANMOR,18:00-23:59,39,Low,34,48,32,37,48,dummy-v1,2025-10-18T18:00+07:00,2025-10-19T00:00+07:00,dummy-v1
RS-02129,2025-12-10,JKS-036,Pesanggrahan,Pesanggrahan,CURANMOR,00:00-06:00,85,Critical,75,100,82,93,71,dummy-v1,2025-12-10T00:00+07:00,2025-12-10T06:00+07:00,dummy-v1
RS-02130,2025-12-01,JKS-037,Pesanggrahan,Bintaro,CURAT,12:00-18:00,30,Low,34,19,24,41,40,dummy-v1,2025-12-01T12:00+07:00,2025-12-01T18:00+07:00,dummy-v1
RS-02131,2025-12-08,JKS-035,Pesanggrahan,Petukangan Utara,CURAT,18:00-23:59,42,Low,57,36,43,30,29,dummy-v1,2025-12-08T18:00+07:00,2025-12-09T00:00+07:00,dummy-v1
RS-02132,2025-11-20,JKS-036,Pesanggrahan,Pesanggrahan,CURAS,18:00-23:59,76,High,81,74,67,85,69,dummy-v1,2025-11-20T18:00+07:00,2025-11-21T00:00+07:00,dummy-v1
RS-02133,2025-11-01,JKS-037,Pesanggrahan,Bintaro,CURAS,00:00-06:00,89,Critical,75,100,99,79,99,dummy-v1,2025-11-01T00:00+07:00,2025-11-01T06:00+07:00,dummy-v1
RS-02134,2025-12-23,JKS-034,Pesanggrahan,Ulujami,CURANMOR,06:00-12:00,67,Moderate,56,74,80,58,71,dummy-v1,2025-12-23T06:00+07:00,2025-12-23T12:00+07:00,dummy-v1
RS-02135,2025-10-29,JKS-034,Pesanggrahan,Ulujami,CURAS,12:00-18:00,43,Low,45,47,43,32,42,dummy-v1,2025-10-29T12:00+07:00,2025-10-29T18:00+07:00,dummy-v1
RS-02136,2025-12-10,JKS-037,Pesanggrahan,Bintaro,CURANMOR,18:00-23:59,41,Low,39,41,49,34,41,dummy-v1,2025-12-10T18:00+07:00,2025-12-11T00:00+07:00,dummy-v1
RS-02137,2025-12-30,JKS-034,Pesanggrahan,Ulujami,CURAT,00:00-06:00,55,Moderate,71,41,51,45,66,dummy-v1,2025-12-30T00:00+07:00,2025-12-30T06:00+07:00,dummy-v1
RS-02138,2025-10-28,JKS-036,Pesanggrahan,Pesanggrahan,CURAS,06:00-12:00,54,Moderate,48,56,59,55,56,dummy-v1,2025-10-28T06:00+07:00,2025-10-28T12:00+07:00,dummy-v1
RS-02139,2025-10-14,JKS-037,Pesanggrahan,Bintaro,CURANMOR,12:00-18:00,30,Low,27,28,40,18,42,dummy-v1,2025-10-14T12:00+07:00,2025-10-14T18:00+07:00,dummy-v1
RS-02140,2025-10-01,JKS-034,Pesanggrahan,Ulujami,CURAT,18:00-23:59,54,Moderate,65,55,39,58,42,dummy-v1,2025-10-01T18:00+07:00,2025-10-02T00:00+07:00,dummy-v1
RS-02141,2025-11-24,JKS-035,Pesanggrahan,Petukangan Utara,CURANMOR,12:00-18:00,65,Moderate,37,80,72,77,80,dummy-v1,2025-11-24T12:00+07:00,2025-11-24T18:00+07:00,dummy-v1
RS-02142,2025-12-07,JKS-035,Pesanggrahan,Petukangan Utara,CURAS,12:00-18:00,52,Moderate,70,49,38,39,52,dummy-v1,2025-12-07T12:00+07:00,2025-12-07T18:00+07:00,dummy-v1
RS-02143,2025-11-28,JKS-034,Pesanggrahan,Ulujami,CURAT,00:00-06:00,28,Low,45,16,35,14,14,dummy-v1,2025-11-28T00:00+07:00,2025-11-28T06:00+07:00,dummy-v1
RS-02144,2025-11-20,JKS-035,Pesanggrahan,Petukangan Utara,CURANMOR,00:00-06:00,35,Low,39,36,25,46,23,dummy-v1,2025-11-20T00:00+07:00,2025-11-20T06:00+07:00,dummy-v1
RS-02145,2025-12-21,JKS-035,Pesanggrahan,Petukangan Utara,CURANMOR,06:00-12:00,40,Low,27,54,43,48,25,dummy-v1,2025-12-21T06:00+07:00,2025-12-21T12:00+07:00,dummy-v1
RS-02146,2025-10-15,JKS-036,Pesanggrahan,Pesanggrahan,CURAS,00:00-06:00,40,Low,35,43,55,32,31,dummy-v1,2025-10-15T00:00+07:00,2025-10-15T06:00+07:00,dummy-v1
RS-02147,2025-11-28,JKS-035,Pesanggrahan,Petukangan Utara,CURAT,00:00-06:00,29,Low,21,21,39,35,44,dummy-v1,2025-11-28T00:00+07:00,2025-11-28T06:00+07:00,dummy-v1
RS-02148,2025-10-29,JKS-035,Pesanggrahan,Petukangan Utara,CURANMOR,00:00-06:00,62,Moderate,54,67,70,50,76,dummy-v1,2025-10-29T00:00+07:00,2025-10-29T06:00+07:00,dummy-v1
RS-02149,2025-10-09,JKS-036,Pesanggrahan,Pesanggrahan,CURANMOR,18:00-23:59,66,Moderate,75,58,53,77,67,dummy-v1,2025-10-09T18:00+07:00,2025-10-10T00:00+07:00,dummy-v1
RS-02150,2025-12-08,JKS-035,Pesanggrahan,Petukangan Utara,CURAS,06:00-12:00,52,Moderate,55,55,41,65,38,dummy-v1,2025-12-08T06:00+07:00,2025-12-08T12:00+07:00,dummy-v1
RS-02151,2025-12-02,JKS-036,Pesanggrahan,Pesanggrahan,CURANMOR,06:00-12:00,56,Moderate,35,70,68,68,42,dummy-v1,2025-12-02T06:00+07:00,2025-12-02T12:00+07:00,dummy-v1
RS-02152,2025-11-22,JKS-037,Pesanggrahan,Bintaro,CURAS,18:00-23:59,36,Low,51,27,35,27,28,dummy-v1,2025-11-22T18:00+07:00,2025-11-23T00:00+07:00,dummy-v1
RS-02153,2025-12-31,JKS-034,Pesanggrahan,Ulujami,CURANMOR,18:00-23:59,76,High,70,91,71,74,69,dummy-v1,2025-12-31T18:00+07:00,2026-01-01T00:00+07:00,dummy-v1
RS-02154,2025-11-04,JKS-035,Pesanggrahan,Petukangan Utara,CURAT,12:00-18:00,56,Moderate,60,52,51,62,54,dummy-v1,2025-11-04T12:00+07:00,2025-11-04T18:00+07:00,dummy-v1
RS-02155,2025-11-29,JKS-035,Pesanggrahan,Petukangan Utara,CURAS,06:00-12:00,49,Moderate,57,41,42,55,50,dummy-v1,2025-11-29T06:00+07:00,2025-11-29T12:00+07:00,dummy-v1
RS-02156,2025-11-05,JKS-034,Pesanggrahan,Ulujami,CURANMOR,18:00-23:59,65,Moderate,80,50,57,69,68,dummy-v1,2025-11-05T18:00+07:00,2025-11-06T00:00+07:00,dummy-v1
RS-02157,2025-12-20,JKS-034,Pesanggrahan,Ulujami,CURAT,00:00-06:00,38,Low,58,25,26,32,44,dummy-v1,2025-12-20T00:00+07:00,2025-12-20T06:00+07:00,dummy-v1
RS-02158,2025-10-07,JKS-037,Pesanggrahan,Bintaro,CURANMOR,12:00-18:00,28,Low,23,35,36,16,28,dummy-v1,2025-10-07T12:00+07:00,2025-10-07T18:00+07:00,dummy-v1
RS-02159,2025-12-13,JKS-036,Pesanggrahan,Pesanggrahan,CURAT,00:00-06:00,66,Moderate,82,54,60,58,71,dummy-v1,2025-12-13T00:00+07:00,2025-12-13T06:00+07:00,dummy-v1
RS-02160,2025-11-23,JKS-034,Pesanggrahan,Ulujami,CURAT,12:00-18:00,58,Moderate,65,52,58,53,58,dummy-v1,2025-11-23T12:00+07:00,2025-11-23T18:00+07:00,dummy-v1
RS-02161,2025-11-01,JKS-034,Pesanggrahan,Ulujami,CURAT,00:00-06:00,48,Moderate,51,51,44,38,53,dummy-v1,2025-11-01T00:00+07:00,2025-11-01T06:00+07:00,dummy-v1
RS-02162,2025-12-01,JKS-035,Pesanggrahan,Petukangan Utara,CURAS,06:00-12:00,36,Low,33,34,46,37,29,dummy-v1,2025-12-01T06:00+07:00,2025-12-01T12:00+07:00,dummy-v1
RS-02163,2025-11-05,JKS-037,Pesanggrahan,Bintaro,CURANMOR,06:00-12:00,40,Low,40,35,36,45,54,dummy-v1,2025-11-05T06:00+07:00,2025-11-05T12:00+07:00,dummy-v1
RS-02164,2025-11-02,JKS-037,Pesanggrahan,Bintaro,CURANMOR,12:00-18:00,69,Moderate,59,80,72,73,59,dummy-v1,2025-11-02T12:00+07:00,2025-11-02T18:00+07:00,dummy-v1
RS-02165,2025-11-17,JKS-036,Pesanggrahan,Pesanggrahan,CURANMOR,18:00-23:59,44,Low,35,56,34,48,55,dummy-v1,2025-11-17T18:00+07:00,2025-11-18T00:00+07:00,dummy-v1
RS-02166,2025-12-09,JKS-037,Pesanggrahan,Bintaro,CURAS,18:00-23:59,62,Moderate,45,58,76,74,76,dummy-v1,2025-12-09T18:00+07:00,2025-12-10T00:00+07:00,dummy-v1
RS-02167,2025-12-03,JKS-037,Pesanggrahan,Bintaro,CURAS,18:00-23:59,66,Moderate,52,65,76,73,80,dummy-v1,2025-12-03T18:00+07:00,2025-12-04T00:00+07:00,dummy-v1
RS-02168,2025-12-10,JKS-037,Pesanggrahan,Bintaro,CURAT,06:00-12:00,39,Low,25,52,35,49,40,dummy-v1,2025-12-10T06:00+07:00,2025-12-10T12:00+07:00,dummy-v1
RS-02169,2025-11-18,JKS-035,Pesanggrahan,Petukangan Utara,CURAS,12:00-18:00,51,Moderate,41,61,63,43,44,dummy-v1,2025-11-18T12:00+07:00,2025-11-18T18:00+07:00,dummy-v1
RS-02170,2025-11-11,JKS-034,Pesanggrahan,Ulujami,CURAS,12:00-18:00,71,High,82,67,64,62,76,dummy-v1,2025-11-11T12:00+07:00,2025-11-11T18:00+07:00,dummy-v1
RS-02171,2025-12-17,JKS-034,Pesanggrahan,Ulujami,CURANMOR,12:00-18:00,76,High,71,77,83,72,80,dummy-v1,2025-12-17T12:00+07:00,2025-12-17T18:00+07:00,dummy-v1
RS-02172,2025-11-23,JKS-035,Pesanggrahan,Petukangan Utara,CURAS,00:00-06:00,66,Moderate,70,64,58,66,74,dummy-v1,2025-11-23T00:00+07:00,2025-11-23T06:00+07:00,dummy-v1
RS-02173,2025-12-09,JKS-035,Pesanggrahan,Petukangan Utara,CURAT,06:00-12:00,76,High,70,69,91,85,68,dummy-v1,2025-12-09T06:00+07:00,2025-12-09T12:00+07:00,dummy-v1
RS-02174,2025-10-09,JKS-034,Pesanggrahan,Ulujami,CURAT,12:00-18:00,29,Low,20,38,21,36,40,dummy-v1,2025-10-09T12:00+07:00,2025-10-09T18:00+07:00,dummy-v1
RS-02175,2025-12-29,JKS-034,Pesanggrahan,Ulujami,CURANMOR,18:00-23:59,50,Moderate,57,40,61,47,37,dummy-v1,2025-12-29T18:00+07:00,2025-12-30T00:00+07:00,dummy-v1
RS-02176,2025-12-16,JKS-037,Pesanggrahan,Bintaro,CURAT,00:00-06:00,35,Low,37,23,32,47,47,dummy-v1,2025-12-16T00:00+07:00,2025-12-16T06:00+07:00,dummy-v1
RS-02177,2025-10-27,JKS-034,Pesanggrahan,Ulujami,CURAS,06:00-12:00,39,Low,38,32,51,27,54,dummy-v1,2025-10-27T06:00+07:00,2025-10-27T12:00+07:00,dummy-v1
RS-02178,2025-11-07,JKS-037,Pesanggrahan,Bintaro,CURANMOR,00:00-06:00,66,Moderate,62,70,73,58,67,dummy-v1,2025-11-07T00:00+07:00,2025-11-07T06:00+07:00,dummy-v1
RS-02179,2025-12-05,JKS-034,Pesanggrahan,Ulujami,CURAT,12:00-18:00,28,Low,24,26,27,31,41,dummy-v1,2025-12-05T12:00+07:00,2025-12-05T18:00+07:00,dummy-v1
RS-02180,2025-12-24,JKS-037,Pesanggrahan,Bintaro,CURAS,18:00-23:59,70,High,62,74,69,79,71,dummy-v1,2025-12-24T18:00+07:00,2025-12-25T00:00+07:00,dummy-v1
RS-02181,2025-12-21,JKS-037,Pesanggrahan,Bintaro,CURAS,00:00-06:00,29,Low,46,20,26,16,25,dummy-v1,2025-12-21T00:00+07:00,2025-12-21T06:00+07:00,dummy-v1
RS-02182,2025-11-07,JKS-035,Pesanggrahan,Petukangan Utara,CURAS,18:00-23:59,65,Moderate,57,78,53,66,79,dummy-v1,2025-11-07T18:00+07:00,2025-11-08T00:00+07:00,dummy-v1
RS-02183,2025-10-27,JKS-035,Pesanggrahan,Petukangan Utara,CURAT,18:00-23:59,56,Moderate,29,68,70,62,71,dummy-v1,2025-10-27T18:00+07:00,2025-10-28T00:00+07:00,dummy-v1
RS-02184,2025-10-16,JKS-034,Pesanggrahan,Ulujami,CURAS,12:00-18:00,47,Moderate,55,47,42,48,32,dummy-v1,2025-10-16T12:00+07:00,2025-10-16T18:00+07:00,dummy-v1
RS-02185,2025-11-19,JKS-034,Pesanggrahan,Ulujami,CURAS,06:00-12:00,30,Low,37,31,32,17,21,dummy-v1,2025-11-19T06:00+07:00,2025-11-19T12:00+07:00,dummy-v1
RS-02186,2025-11-25,JKS-034,Pesanggrahan,Ulujami,CURAT,00:00-06:00,55,Moderate,41,69,53,69,46,dummy-v1,2025-11-25T00:00+07:00,2025-11-25T06:00+07:00,dummy-v1
RS-02187,2025-10-09,JKS-034,Pesanggrahan,Ulujami,CURAS,18:00-23:59,64,Moderate,67,59,63,63,72,dummy-v1,2025-10-09T18:00+07:00,2025-10-10T00:00+07:00,dummy-v1
RS-02188,2025-11-16,JKS-034,Pesanggrahan,Ulujami,CURANMOR,12:00-18:00,47,Moderate,62,42,32,39,56,dummy-v1,2025-11-16T12:00+07:00,2025-11-16T18:00+07:00,dummy-v1
RS-02189,2025-12-14,JKS-036,Pesanggrahan,Pesanggrahan,CURAT,12:00-18:00,29,Low,34,25,28,36,15,dummy-v1,2025-12-14T12:00+07:00,2025-12-14T18:00+07:00,dummy-v1
RS-02190,2025-11-20,JKS-036,Pesanggrahan,Pesanggrahan,CURAT,12:00-18:00,44,Low,57,35,41,47,29,dummy-v1,2025-11-20T12:00+07:00,2025-11-20T18:00+07:00,dummy-v1
RS-02191,2025-12-10,JKS-037,Pesanggrahan,Bintaro,CURAT,00:00-06:00,47,Moderate,37,58,34,57,62,dummy-v1,2025-12-10T00:00+07:00,2025-12-10T06:00+07:00,dummy-v1
RS-02192,2025-11-21,JKS-034,Pesanggrahan,Ulujami,CURANMOR,12:00-18:00,47,Moderate,64,33,32,57,46,dummy-v1,2025-11-21T12:00+07:00,2025-11-21T18:00+07:00,dummy-v1
RS-02193,2025-11-09,JKS-037,Pesanggrahan,Bintaro,CURAT,06:00-12:00,84,High,95,92,72,69,79,dummy-v1,2025-11-09T06:00+07:00,2025-11-09T12:00+07:00,dummy-v1
RS-02194,2025-12-26,JKS-035,Pesanggrahan,Petukangan Utara,CURANMOR,12:00-18:00,72,High,70,70,71,85,66,dummy-v1,2025-12-26T12:00+07:00,2025-12-26T18:00+07:00,dummy-v1
RS-02195,2025-10-15,JKS-035,Pesanggrahan,Petukangan Utara,CURAS,12:00-18:00,81,High,76,78,85,90,81,dummy-v1,2025-10-15T12:00+07:00,2025-10-15T18:00+07:00,dummy-v1
RS-02196,2025-12-26,JKS-034,Pesanggrahan,Ulujami,CURANMOR,06:00-12:00,87,Critical,93,85,72,95,93,dummy-v1,2025-12-26T06:00+07:00,2025-12-26T12:00+07:00,dummy-v1
RS-02197,2025-11-07,JKS-034,Pesanggrahan,Ulujami,CURAT,06:00-12:00,46,Moderate,43,51,40,47,52,dummy-v1,2025-11-07T06:00+07:00,2025-11-07T12:00+07:00,dummy-v1
RS-02198,2025-10-14,JKS-037,Pesanggrahan,Bintaro,CURAT,18:00-23:59,68,Moderate,59,79,67,75,59,dummy-v1,2025-10-14T18:00+07:00,2025-10-15T00:00+07:00,dummy-v1
RS-02199,2025-10-27,JKS-036,Pesanggrahan,Pesanggrahan,CURAS,06:00-12:00,74,High,85,76,61,71,66,dummy-v1,2025-10-27T06:00+07:00,2025-10-27T12:00+07:00,dummy-v1
RS-02200,2025-12-05,JKS-035,Pesanggrahan,Petukangan Utara,CURANMOR,00:00-06:00,62,Moderate,79,47,66,50,58,dummy-v1,2025-12-05T00:00+07:00,2025-12-05T06:00+07:00,dummy-v1
RS-02201,2025-11-22,JKS-036,Pesanggrahan,Pesanggrahan,CURAS,12:00-18:00,63,Moderate,46,66,78,78,55,dummy-v1,2025-11-22T12:00+07:00,2025-11-22T18:00+07:00,dummy-v1
RS-02202,2025-12-16,JKS-034,Pesanggrahan,Ulujami,CURAT,06:00-12:00,39,Low,41,52,25,35,36,dummy-v1,2025-12-16T06:00+07:00,2025-12-16T12:00+07:00,dummy-v1
RS-02203,2025-12-31,JKS-034,Pesanggrahan,Ulujami,CURANMOR,12:00-18:00,60,Moderate,52,73,47,73,59,dummy-v1,2025-12-31T12:00+07:00,2025-12-31T18:00+07:00,dummy-v1
RS-02204,2025-12-08,JKS-034,Pesanggrahan,Ulujami,CURANMOR,06:00-12:00,59,Moderate,63,72,47,52,50,dummy-v1,2025-12-08T06:00+07:00,2025-12-08T12:00+07:00,dummy-v1
RS-02205,2025-10-23,JKS-037,Pesanggrahan,Bintaro,CURAS,06:00-12:00,49,Moderate,61,37,52,41,48,dummy-v1,2025-10-23T06:00+07:00,2025-10-23T12:00+07:00,dummy-v1
RS-02206,2025-12-13,JKS-037,Pesanggrahan,Bintaro,CURAS,06:00-12:00,34,Low,24,42,42,35,26,dummy-v1,2025-12-13T06:00+07:00,2025-12-13T12:00+07:00,dummy-v1
RS-02207,2025-12-27,JKS-034,Pesanggrahan,Ulujami,CURAT,00:00-06:00,55,Moderate,47,52,67,61,53,dummy-v1,2025-12-27T00:00+07:00,2025-12-27T06:00+07:00,dummy-v1
RS-02208,2025-12-13,JKS-035,Pesanggrahan,Petukangan Utara,CURAS,12:00-18:00,65,Moderate,71,57,54,78,71,dummy-v1,2025-12-13T12:00+07:00,2025-12-13T18:00+07:00,dummy-v1
RS-02209,2025-11-18,JKS-035,Pesanggrahan,Petukangan Utara,CURAS,18:00-23:59,47,Moderate,46,52,45,51,35,dummy-v1,2025-11-18T18:00+07:00,2025-11-19T00:00+07:00,dummy-v1
RS-02210,2025-12-25,JKS-037,Pesanggrahan,Bintaro,CURANMOR,00:00-06:00,47,Moderate,51,35,61,48,36,dummy-v1,2025-12-25T00:00+07:00,2025-12-25T06:00+07:00,dummy-v1
RS-02211,2025-10-14,JKS-037,Pesanggrahan,Bintaro,CURANMOR,18:00-23:59,33,Low,27,44,24,42,28,dummy-v1,2025-10-14T18:00+07:00,2025-10-15T00:00+07:00,dummy-v1
RS-02212,2025-10-06,JKS-034,Pesanggrahan,Ulujami,CURAS,00:00-06:00,27,Low,36,12,25,30,37,dummy-v1,2025-10-06T00:00+07:00,2025-10-06T06:00+07:00,dummy-v1
RS-02213,2025-12-02,JKS-035,Pesanggrahan,Petukangan Utara,CURAS,12:00-18:00,35,Low,43,31,40,30,20,dummy-v1,2025-12-02T12:00+07:00,2025-12-02T18:00+07:00,dummy-v1
RS-02214,2025-11-19,JKS-036,Pesanggrahan,Pesanggrahan,CURAS,12:00-18:00,34,Low,42,37,29,28,20,dummy-v1,2025-11-19T12:00+07:00,2025-11-19T18:00+07:00,dummy-v1
RS-02215,2025-10-31,JKS-034,Pesanggrahan,Ulujami,CURAT,00:00-06:00,67,Moderate,61,78,60,73,62,dummy-v1,2025-10-31T00:00+07:00,2025-10-31T06:00+07:00,dummy-v1
RS-02216,2025-11-24,JKS-035,Pesanggrahan,Petukangan Utara,CURAT,18:00-23:59,38,Low,31,48,33,38,44,dummy-v1,2025-11-24T18:00+07:00,2025-11-25T00:00+07:00,dummy-v1
RS-02217,2025-12-01,JKS-037,Pesanggrahan,Bintaro,CURANMOR,12:00-18:00,56,Moderate,49,60,66,44,65,dummy-v1,2025-12-01T12:00+07:00,2025-12-01T18:00+07:00,dummy-v1
RS-02218,2025-10-16,JKS-036,Pesanggrahan,Pesanggrahan,CURANMOR,12:00-18:00,43,Low,21,51,49,57,56,dummy-v1,2025-10-16T12:00+07:00,2025-10-16T18:00+07:00,dummy-v1
RS-02219,2025-11-10,JKS-037,Pesanggrahan,Bintaro,CURAT,18:00-23:59,95,Critical,100,100,80,91,99,dummy-v1,2025-11-10T18:00+07:00,2025-11-11T00:00+07:00,dummy-v1
RS-02220,2025-10-08,JKS-037,Pesanggrahan,Bintaro,CURAS,12:00-18:00,40,Low,39,47,44,29,33,dummy-v1,2025-10-08T12:00+07:00,2025-10-08T18:00+07:00,dummy-v1
RS-02221,2025-10-01,JKS-037,Pesanggrahan,Bintaro,CURAT,12:00-18:00,27,Low,40,14,29,28,14,dummy-v1,2025-10-01T12:00+07:00,2025-10-01T18:00+07:00,dummy-v1
RS-02222,2025-10-07,JKS-037,Pesanggrahan,Bintaro,CURAT,00:00-06:00,47,Moderate,54,44,49,40,40,dummy-v1,2025-10-07T00:00+07:00,2025-10-07T06:00+07:00,dummy-v1
RS-02223,2025-12-04,JKS-035,Pesanggrahan,Petukangan Utara,CURAT,06:00-12:00,71,High,67,80,64,77,65,dummy-v1,2025-12-04T06:00+07:00,2025-12-04T12:00+07:00,dummy-v1
RS-02224,2025-11-13,JKS-035,Pesanggrahan,Petukangan Utara,CURAT,18:00-23:59,36,Low,56,21,27,25,48,dummy-v1,2025-11-13T18:00+07:00,2025-11-14T00:00+07:00,dummy-v1
RS-02225,2025-11-04,JKS-036,Pesanggrahan,Pesanggrahan,CURANMOR,12:00-18:00,62,Moderate,52,62,65,70,74,dummy-v1,2025-11-04T12:00+07:00,2025-11-04T18:00+07:00,dummy-v1
RS-02226,2025-11-26,JKS-035,Pesanggrahan,Petukangan Utara,CURAT,06:00-12:00,27,Low,35,16,33,24,22,dummy-v1,2025-11-26T06:00+07:00,2025-11-26T12:00+07:00,dummy-v1
RS-02227,2025-11-10,JKS-036,Pesanggrahan,Pesanggrahan,CURANMOR,06:00-12:00,60,Moderate,57,69,55,63,52,dummy-v1,2025-11-10T06:00+07:00,2025-11-10T12:00+07:00,dummy-v1
RS-02228,2025-11-12,JKS-036,Pesanggrahan,Pesanggrahan,CURANMOR,06:00-12:00,55,Moderate,72,48,46,49,48,dummy-v1,2025-11-12T06:00+07:00,2025-11-12T12:00+07:00,dummy-v1
RS-02229,2025-11-28,JKS-035,Pesanggrahan,Petukangan Utara,CURANMOR,18:00-23:59,35,Low,41,27,40,28,38,dummy-v1,2025-11-28T18:00+07:00,2025-11-29T00:00+07:00,dummy-v1
RS-02230,2025-10-29,JKS-034,Pesanggrahan,Ulujami,CURANMOR,12:00-18:00,73,High,93,64,62,65,70,dummy-v1,2025-10-29T12:00+07:00,2025-10-29T18:00+07:00,dummy-v1
RS-02231,2025-10-18,JKS-037,Pesanggrahan,Bintaro,CURAS,18:00-23:59,60,Moderate,53,63,58,75,55,dummy-v1,2025-10-18T18:00+07:00,2025-10-19T00:00+07:00,dummy-v1
RS-02232,2025-12-17,JKS-034,Pesanggrahan,Ulujami,CURAT,18:00-23:59,86,Critical,100,75,76,81,99,dummy-v1,2025-12-17T18:00+07:00,2025-12-18T00:00+07:00,dummy-v1
RS-02233,2025-11-19,JKS-036,Pesanggrahan,Pesanggrahan,CURANMOR,12:00-18:00,74,High,79,86,68,61,60,dummy-v1,2025-11-19T12:00+07:00,2025-11-19T18:00+07:00,dummy-v1
RS-02234,2025-10-28,JKS-034,Pesanggrahan,Ulujami,CURAT,06:00-12:00,32,Low,18,36,47,24,45,dummy-v1,2025-10-28T06:00+07:00,2025-10-28T12:00+07:00,dummy-v1
RS-02235,2025-12-29,JKS-036,Pesanggrahan,Pesanggrahan,CURANMOR,12:00-18:00,44,Low,38,45,35,58,57,dummy-v1,2025-12-29T12:00+07:00,2025-12-29T18:00+07:00,dummy-v1
RS-02236,2025-11-24,JKS-037,Pesanggrahan,Bintaro,CURANMOR,12:00-18:00,52,Moderate,73,37,38,43,67,dummy-v1,2025-11-24T12:00+07:00,2025-11-24T18:00+07:00,dummy-v1
RS-02237,2025-11-06,JKS-034,Pesanggrahan,Ulujami,CURAT,00:00-06:00,75,High,69,84,62,90,75,dummy-v1,2025-11-06T00:00+07:00,2025-11-06T06:00+07:00,dummy-v1
RS-02238,2025-10-15,JKS-034,Pesanggrahan,Ulujami,CURANMOR,18:00-23:59,64,Moderate,54,69,68,65,72,dummy-v1,2025-10-15T18:00+07:00,2025-10-16T00:00+07:00,dummy-v1
RS-02239,2025-10-28,JKS-035,Pesanggrahan,Petukangan Utara,CURANMOR,18:00-23:59,42,Low,35,54,36,42,44,dummy-v1,2025-10-28T18:00+07:00,2025-10-29T00:00+07:00,dummy-v1
RS-02240,2025-10-20,JKS-034,Pesanggrahan,Ulujami,CURAS,06:00-12:00,40,Low,37,34,47,48,38,dummy-v1,2025-10-20T06:00+07:00,2025-10-20T12:00+07:00,dummy-v1
RS-02241,2025-12-22,JKS-034,Pesanggrahan,Ulujami,CURAS,18:00-23:59,54,Moderate,63,50,53,42,58,dummy-v1,2025-12-22T18:00+07:00,2025-12-23T00:00+07:00,dummy-v1
RS-02242,2025-12-09,JKS-037,Pesanggrahan,Bintaro,CURAT,12:00-18:00,82,High,76,79,85,93,85,dummy-v1,2025-12-09T12:00+07:00,2025-12-09T18:00+07:00,dummy-v1
RS-02243,2025-12-30,JKS-035,Pesanggrahan,Petukangan Utara,CURANMOR,06:00-12:00,51,Moderate,53,56,46,46,49,dummy-v1,2025-12-30T06:00+07:00,2025-12-30T12:00+07:00,dummy-v1
RS-02244,2025-11-22,JKS-035,Pesanggrahan,Petukangan Utara,CURAT,12:00-18:00,61,Moderate,77,54,58,48,57,dummy-v1,2025-11-22T12:00+07:00,2025-11-22T18:00+07:00,dummy-v1
RS-02245,2025-11-15,JKS-035,Pesanggrahan,Petukangan Utara,CURANMOR,06:00-12:00,30,Low,20,32,35,42,28,dummy-v1,2025-11-15T06:00+07:00,2025-11-15T12:00+07:00,dummy-v1
RS-02246,2025-12-28,JKS-036,Pesanggrahan,Pesanggrahan,CURANMOR,06:00-12:00,71,High,56,84,75,65,85,dummy-v1,2025-12-28T06:00+07:00,2025-12-28T12:00+07:00,dummy-v1
RS-02247,2025-11-15,JKS-037,Pesanggrahan,Bintaro,CURAS,06:00-12:00,71,High,57,84,69,83,68,dummy-v1,2025-11-15T06:00+07:00,2025-11-15T12:00+07:00,dummy-v1
RS-02248,2025-10-25,JKS-037,Pesanggrahan,Bintaro,CURANMOR,00:00-06:00,36,Low,52,22,37,23,40,dummy-v1,2025-10-25T00:00+07:00,2025-10-25T06:00+07:00,dummy-v1
RS-02249,2025-11-11,JKS-034,Pesanggrahan,Ulujami,CURAS,18:00-23:59,56,Moderate,62,53,61,43,56,dummy-v1,2025-11-11T18:00+07:00,2025-11-12T00:00+07:00,dummy-v1
RS-02250,2025-11-10,JKS-034,Pesanggrahan,Ulujami,CURAT,00:00-06:00,39,Low,41,38,26,50,44,dummy-v1,2025-11-10T00:00+07:00,2025-11-10T06:00+07:00,dummy-v1
RS-02251,2025-11-09,JKS-037,Pesanggrahan,Bintaro,CURAS,18:00-23:59,69,Moderate,54,84,78,55,81,dummy-v1,2025-11-09T18:00+07:00,2025-11-10T00:00+07:00,dummy-v1
RS-02252,2025-11-16,JKS-037,Pesanggrahan,Bintaro,CURANMOR,06:00-12:00,70,High,61,83,64,79,64,dummy-v1,2025-11-16T06:00+07:00,2025-11-16T12:00+07:00,dummy-v1
RS-02253,2025-10-25,JKS-034,Pesanggrahan,Ulujami,CURAS,12:00-18:00,34,Low,48,20,33,40,19,dummy-v1,2025-10-25T12:00+07:00,2025-10-25T18:00+07:00,dummy-v1
RS-02254,2025-10-11,JKS-037,Pesanggrahan,Bintaro,CURAS,18:00-23:59,35,Low,50,29,21,42,23,dummy-v1,2025-10-11T18:00+07:00,2025-10-12T00:00+07:00,dummy-v1
RS-02255,2025-10-11,JKS-036,Pesanggrahan,Pesanggrahan,CURANMOR,00:00-06:00,59,Moderate,57,54,72,57,54,dummy-v1,2025-10-11T00:00+07:00,2025-10-11T06:00+07:00,dummy-v1
RS-02256,2025-11-15,JKS-034,Pesanggrahan,Ulujami,CURAS,00:00-06:00,46,Moderate,48,45,41,49,49,dummy-v1,2025-11-15T00:00+07:00,2025-11-15T06:00+07:00,dummy-v1
RS-02257,2025-10-12,JKS-034,Pesanggrahan,Ulujami,CURAT,18:00-23:59,59,Moderate,70,64,46,45,60,dummy-v1,2025-10-12T18:00+07:00,2025-10-13T00:00+07:00,dummy-v1
RS-02258,2025-10-27,JKS-035,Pesanggrahan,Petukangan Utara,CURANMOR,18:00-23:59,44,Low,28,57,37,57,54,dummy-v1,2025-10-27T18:00+07:00,2025-10-28T00:00+07:00,dummy-v1
RS-02259,2025-12-02,JKS-037,Pesanggrahan,Bintaro,CURAS,18:00-23:59,44,Low,40,47,29,58,59,dummy-v1,2025-12-02T18:00+07:00,2025-12-03T00:00+07:00,dummy-v1
RS-02260,2025-11-24,JKS-035,Pesanggrahan,Petukangan Utara,CURAT,06:00-12:00,62,Moderate,56,66,65,68,54,dummy-v1,2025-11-24T06:00+07:00,2025-11-24T12:00+07:00,dummy-v1
RS-02261,2025-10-09,JKS-036,Pesanggrahan,Pesanggrahan,CURANMOR,12:00-18:00,57,Moderate,31,70,68,67,66,dummy-v1,2025-10-09T12:00+07:00,2025-10-09T18:00+07:00,dummy-v1
RS-02262,2025-10-27,JKS-036,Pesanggrahan,Pesanggrahan,CURANMOR,06:00-12:00,68,Moderate,81,69,56,62,59,dummy-v1,2025-10-27T06:00+07:00,2025-10-27T12:00+07:00,dummy-v1
RS-02263,2025-11-24,JKS-035,Pesanggrahan,Petukangan Utara,CURAS,12:00-18:00,27,Low,31,32,19,26,20,dummy-v1,2025-11-24T12:00+07:00,2025-11-24T18:00+07:00,dummy-v1
RS-02264,2025-12-24,JKS-036,Pesanggrahan,Pesanggrahan,CURANMOR,18:00-23:59,59,Moderate,54,69,64,55,45,dummy-v1,2025-12-24T18:00+07:00,2025-12-25T00:00+07:00,dummy-v1
